1,7211,0.2575
1,8419,0.1944
1,5608,0.1834
1,7314,0.1681
1,8564,0.1601
1,7449,0.1404
1,6578,0.1316
1,6342,0.1253
1,8547,0.1203
1,9805,0.1161
1,7380,0.1144
1,9069,0.1143
1,7820,0.1122
1,6567,0.1086
1,8370,0.1085
1,5486,0.1083
1,8860,0.1076
1,7146,0.1067
1,7821,0.1029
1,9281,0.1001
1,7892,0.0997
1,7433,0.0970
1,7155,0.0963
1,5014,0.0927
1,8170,0.0919
1,7909,0.0919
1,7980,0.0917
1,7723,0.0917
1,5579,0.0903
1,8270,0.0895
1,7367,0.0883
1,7413,0.0877
1,7883,0.0877
1,8041,0.0877
1,9192,0.0861
1,7822,0.0854
1,9671,0.0853
1,10004,0.0851
1,8264,0.0848
1,6335,0.0835
1,7559,0.0835
1,9455,0.0832
1,6187,0.0832
1,7890,0.0823
1,5424,0.0816
1,8015,0.0812
1,8358,0.0787
1,6850,0.0785
1,8243,0.0780
1,5798,0.0780
1,7369,0.0775
1,7023,0.0763
1,8050,0.0763
1,5184,0.0735
1,6122,0.0731
1,7021,0.0731
1,7079,0.0726
1,6008,0.0726
1,8709,0.0722
1,5807,0.0720
1,8418,0.0718
1,9574,0.0694
1,6262,0.0684
1,9086,0.0675
1,7434,0.0670
1,7771,0.0670
1,6126,0.0665
1,6817,0.0662
1,5266,0.0660
1,9897,0.0658
1,5316,0.0655
1,5657,0.0644
1,5578,0.0638
1,7965,0.0633
1,6461,0.0632
1,7499,0.0630
1,7811,0.0626
1,7022,0.0616
1,6309,0.0613
1,6462,0.0612
1,5834,0.0608
1,9963,0.0605
1,6579,0.0605
1,5570,0.0604
1,5676,0.0598
1,7106,0.0597
1,8490,0.0595
1,5695,0.0585
1,6032,0.0585
1,8399,0.0580
1,5799,0.0579
1,7130,0.0578
1,7733,0.0578
1,7298,0.0577
1,5848,0.0575
1,6904,0.0575
1,7025,0.0575
1,7581,0.0572
1,7575,0.0570
1,7385,0.0566
1,6808,0.0566
1,7142,0.0563
1,7542,0.0558
1,5708,0.0558
1,8294,0.0557
1,6471,0.0555
1,6693,0.0554
1,5690,0.0554
1,6470,0.0553
1,9784,0.0552
1,5174,0.0550
1,5930,0.0550
1,6611,0.0548
1,6025,0.0540
1,9490,0.0537
1,6147,0.0537
1,9499,0.0535
1,6537,0.0535
1,5494,0.0532
1,6158,0.0532
1,8013,0.0532
1,8957,0.0530
1,7216,0.0529
1,7953,0.0526
1,9478,0.0519
1,5660,0.0516
1,6513,0.0516
1,6766,0.0516
1,8183,0.0516
1,9652,0.0513
1,5347,0.0512
1,5905,0.0509
1,6696,0.0506
1,7078,0.0506
1,6285,0.0506
1,8701,0.0501
1,5680,0.0501
1,7165,0.0501
1,7545,0.0501
1,9422,0.0501
1,9327,0.0500
1,9241,0.0499
1,9402,0.0499
1,5803,0.0497
1,5804,0.0497
1,7144,0.0494
1,7213,0.0492
1,8704,0.0487
1,6354,0.0487
1,6811,0.0487
1,6813,0.0487
1,9616,0.0487
1,7879,0.0486
1,5952,0.0484
1,5825,0.0483
1,5535,0.0479
1,6686,0.0479
1,9110,0.0477
1,7732,0.0477
1,6125,0.0476
1,9859,0.0474
1,5801,0.0474
1,7992,0.0474
1,8854,0.0469
1,6119,0.0465
1,8100,0.0462
1,8588,0.0462
1,8708,0.0462
1,8710,0.0462
1,5675,0.0462
1,5957,0.0462
1,7139,0.0462
1,6116,0.0460
1,7036,0.0460
1,5728,0.0459
1,5385,0.0459
1,5953,0.0459
1,7160,0.0458
1,7990,0.0456
1,8203,0.0454
1,7573,0.0453
1,7906,0.0452
1,9414,0.0450
1,9198,0.0445
1,5488,0.0444
1,9427,0.0441
1,7300,0.0441
1,6027,0.0440
1,6627,0.0439
1,6375,0.0435
1,7428,0.0434
1,6311,0.0433
1,8345,0.0432
1,5540,0.0432
1,9624,0.0431
1,7872,0.0428
1,9407,0.0428
1,9876,0.0428
1,5658,0.0428
1,6143,0.0428
1,8874,0.0419
1,8407,0.0418
1,9303,0.0418
1,5384,0.0418
1,7996,0.0418
1,5386,0.0416
1,6710,0.0416
1,9384,0.0414
1,8684,0.0412
1,6304,0.0408
1,7089,0.0408
1,8702,0.0408
1,6020,0.0408
1,8223,0.0405
1,9212,0.0403
1,5641,0.0403
1,6851,0.0403
1,9565,0.0401
1,8479,0.0399
1,9300,0.0399
1,5390,0.0399
1,5577,0.0399
1,6512,0.0399
1,6524,0.0399
1,9134,0.0397
1,5921,0.0395
1,5360,0.0393
1,8576,0.0387
1,9595,0.0386
1,8192,0.0386
1,5191,0.0382
1,5192,0.0381
1,6577,0.0381
1,7988,0.0381
1,7138,0.0381
1,8005,0.0379
1,9853,0.0377
1,5743,0.0377
1,8581,0.0373
1,5373,0.0372
1,9584,0.0370
1,5907,0.0369
1,8095,0.0369
1,8362,0.0368
1,9807,0.0367
1,7623,0.0366
1,5043,0.0366
1,5833,0.0365
1,7744,0.0364
1,6503,0.0363
1,6515,0.0362
1,7968,0.0361
1,9591,0.0360
1,5435,0.0359
1,8502,0.0358
1,8529,0.0358
1,5387,0.0358
1,5681,0.0358
1,7386,0.0358
1,7964,0.0358
1,8435,0.0357
1,9288,0.0355
1,7578,0.0355
1,9306,0.0351
1,9785,0.0351
1,5682,0.0351
1,6581,0.0351
1,7140,0.0351
1,6955,0.0349
1,8478,0.0349
1,6519,0.0349
1,9577,0.0347
1,7853,0.0347
1,5925,0.0346
1,7277,0.0346
1,6848,0.0345
1,5870,0.0344
1,9296,0.0344
1,6819,0.0344
1,6936,0.0344
1,6957,0.0344
1,7600,0.0342
1,7198,0.0341
1,9386,0.0341
1,9537,0.0340
1,8464,0.0337
1,9410,0.0337
1,7027,0.0337
1,8698,0.0336
1,9678,0.0336
1,7860,0.0335
1,7593,0.0333
1,9232,0.0332
1,9615,0.0331
1,8214,0.0331
1,9383,0.0331
1,9401,0.0331
1,6509,0.0331
1,6511,0.0331
1,9589,0.0329
1,8871,0.0329
1,5835,0.0329
1,6719,0.0329
1,7918,0.0329
1,8364,0.0328
1,6030,0.0327
1,7394,0.0326
1,7844,0.0326
1,6006,0.0325
1,9951,0.0324
1,8689,0.0322
1,6129,0.0322
1,6800,0.0322
1,5141,0.0322
1,5693,0.0320
1,9572,0.0320
1,8003,0.0319
1,9795,0.0319
1,5152,0.0319
1,5391,0.0319
1,5915,0.0319
1,6791,0.0319
1,6818,0.0319
1,6983,0.0319
1,7987,0.0319
1,5614,0.0317
1,8644,0.0315
1,5331,0.0315
1,7614,0.0315
1,8232,0.0313
1,7736,0.0312
1,6522,0.0312
1,8530,0.0311
1,9187,0.0310
1,6029,0.0310
1,8829,0.0309
1,9128,0.0309
1,7925,0.0308
1,8713,0.0308
1,9600,0.0308
1,6018,0.0308
1,7157,0.0307
1,5586,0.0306
1,7396,0.0306
1,8579,0.0306
1,6075,0.0306
1,6933,0.0306
1,7485,0.0306
1,8190,0.0306
1,6521,0.0304
1,6951,0.0303
1,9588,0.0302
1,9965,0.0302
1,6510,0.0302
1,7169,0.0302
1,9406,0.0302
1,8729,0.0302
1,5841,0.0302
1,5506,0.0300
1,8103,0.0300
1,6182,0.0300
1,8276,0.0299
1,7354,0.0299
1,7734,0.0298
1,6643,0.0298
1,5662,0.0297
1,6130,0.0297
1,5403,0.0297
1,8856,0.0296
1,7911,0.0294
1,6233,0.0294
1,5149,0.0292
1,5151,0.0292
1,6974,0.0292
1,7029,0.0292
1,7999,0.0292
1,9664,0.0290
1,9804,0.0288
1,9684,0.0288
1,8322,0.0288
1,9305,0.0288
1,5388,0.0288
1,6583,0.0288
1,6815,0.0288
1,9556,0.0286
1,7475,0.0286
1,8187,0.0286
1,5569,0.0285
1,9779,0.0285
1,6973,0.0284
1,5929,0.0284
1,6474,0.0283
1,6514,0.0283
1,6962,0.0283
1,7985,0.0283
1,8466,0.0283
1,5919,0.0283
1,6093,0.0283
1,5099,0.0282
1,8741,0.0281
1,7143,0.0281
1,5568,0.0280
1,6336,0.0280
1,5664,0.0278
1,6019,0.0278
1,5495,0.0277
1,9078,0.0277
1,6007,0.0276
1,5672,0.0274
1,7810,0.0274
1,8124,0.0273
1,7389,0.0273
1,8290,0.0272
1,8467,0.0272
1,6961,0.0271
1,7532,0.0271
1,5585,0.0271
1,8217,0.0270
1,8375,0.0270
1,5679,0.0270
1,6504,0.0270
1,7028,0.0270
1,7156,0.0270
1,8360,0.0269
1,5007,0.0269
1,6263,0.0268
1,6630,0.0267
1,7735,0.0267
1,9394,0.0267
1,9317,0.0266
1,6022,0.0266
1,6964,0.0266
1,7546,0.0266
1,9326,0.0265
1,9630,0.0265
1,7279,0.0263
1,9197,0.0262
1,6266,0.0262
1,7590,0.0262
1,5170,0.0262
1,7368,0.0262
1,6715,0.0261
1,6821,0.0259
1,7748,0.0259
1,9418,0.0258
1,5906,0.0258
1,6937,0.0258
1,7436,0.0258
1,7991,0.0258
1,6967,0.0257
1,7371,0.0257
1,9094,0.0256
1,6938,0.0256
1,8838,0.0255
1,5674,0.0254
1,6516,0.0254
1,6573,0.0254
1,6934,0.0254
1,5363,0.0253
1,7864,0.0253
1,5687,0.0252
1,9698,0.0251
1,7951,0.0251
1,5821,0.0250
1,7981,0.0250
1,5081,0.0249
1,7500,0.0249
1,7768,0.0248
1,8475,0.0247
1,9279,0.0247
1,9800,0.0247
1,5332,0.0247
1,6310,0.0247
1,9105,0.0246
1,5776,0.0246
1,9821,0.0245
1,6909,0.0245
1,8719,0.0244
1,5392,0.0244
1,6580,0.0244
1,7392,0.0244
1,7950,0.0244
1,7959,0.0244
1,5185,0.0243
1,8180,0.0242
1,9079,0.0242
1,6806,0.0241
1,7800,0.0241
1,8089,0.0240
1,8166,0.0240
1,5705,0.0240
1,6731,0.0240
1,7955,0.0240
1,8474,0.0239
1,6028,0.0239
1,6773,0.0237
1,6589,0.0236
1,6672,0.0235
1,6796,0.0235
1,5698,0.0235
1,8932,0.0234
1,7577,0.0234
1,9411,0.0234
1,5160,0.0234
1,9665,0.0233
1,8537,0.0233
1,5145,0.0232
1,5688,0.0232
1,9961,0.0232
1,9803,0.0231
1,5325,0.0231
1,9592,0.0230
1,6953,0.0230
1,8350,0.0230
1,6190,0.0230
1,5101,0.0229
1,9663,0.0229
1,5558,0.0229
1,8389,0.0228
1,5229,0.0228
1,5677,0.0228
1,6360,0.0228
1,5235,0.0227
1,9582,0.0225
1,8242,0.0225
1,8827,0.0225
1,5169,0.0224
1,8497,0.0223
1,7409,0.0223
1,8218,0.0222
1,9319,0.0222
1,5916,0.0222
1,5940,0.0222
1,5651,0.0220
1,9360,0.0219
1,8046,0.0219
1,9213,0.0219
1,7387,0.0219
1,9666,0.0218
1,7408,0.0217
1,8008,0.0217
1,6050,0.0216
1,5131,0.0216
1,5112,0.0216
1,6958,0.0214
1,7192,0.0214
1,7489,0.0214
1,8930,0.0214
1,7197,0.0214
1,9484,0.0214
1,9156,0.0213
1,8047,0.0213
1,7151,0.0213
1,6849,0.0212
1,9982,0.0212
1,5923,0.0212
1,9322,0.0212
1,9225,0.0212
1,7777,0.0211
1,8438,0.0211
1,9316,0.0210
1,5738,0.0210
1,7838,0.0210
1,9090,0.0209
1,6380,0.0208
1,8201,0.0208
1,6588,0.0208
1,7776,0.0208
1,5902,0.0208
1,9694,0.0207
1,6679,0.0207
1,8496,0.0206
1,8506,0.0206
1,8718,0.0206
1,5150,0.0206
1,5389,0.0206
1,6585,0.0206
1,6894,0.0206
1,8028,0.0206
1,5076,0.0205
1,8499,0.0204
1,6754,0.0204
1,6154,0.0204
1,8753,0.0204
1,9840,0.0204
1,5583,0.0204
1,7405,0.0204
1,8410,0.0203
1,8791,0.0202
1,9777,0.0202
1,5072,0.0202
1,6884,0.0201
1,8923,0.0200
1,9415,0.0199
1,5663,0.0199
1,7548,0.0199
1,7540,0.0199
1,5815,0.0198
1,8495,0.0197
1,9797,0.0197
1,6317,0.0197
1,6798,0.0197
1,7280,0.0197
1,5175,0.0196
1,5029,0.0195
1,5154,0.0195
1,7390,0.0195
1,8016,0.0195
1,9320,0.0194
1,8235,0.0194
1,6939,0.0194
1,9295,0.0193
1,6935,0.0193
1,7731,0.0193
1,5313,0.0192
1,9531,0.0192
1,5323,0.0192
1,8987,0.0191
1,7335,0.0191
1,8094,0.0191
1,6919,0.0190
1,6235,0.0190
1,7182,0.0190
1,7553,0.0189
1,9314,0.0189
1,9967,0.0189
1,5911,0.0188
1,9514,0.0187
1,7008,0.0187
1,9587,0.0186
1,5867,0.0186
1,8199,0.0185
1,8231,0.0185
1,7783,0.0185
1,6714,0.0185
1,8139,0.0185
1,7183,0.0185
1,8720,0.0185
1,5521,0.0185
1,7852,0.0185
1,6915,0.0184
1,8297,0.0184
1,9959,0.0184
1,5912,0.0184
1,6988,0.0183
1,8919,0.0182
1,8455,0.0181
1,7206,0.0181
1,8589,0.0181
1,9113,0.0180
1,7062,0.0180
1,10016,0.0180
1,9891,0.0180
1,8918,0.0180
1,9696,0.0179
1,7090,0.0179
1,9304,0.0179
1,5158,0.0179
1,6867,0.0179
1,7839,0.0179
1,7764,0.0179
1,10033,0.0179
1,9483,0.0178
1,8349,0.0178
1,8314,0.0178
1,9307,0.0177
1,6965,0.0177
1,9732,0.0177
1,7779,0.0177
1,9082,0.0177
1,8727,0.0176
1,9345,0.0176
1,9904,0.0176
1,8106,0.0176
1,8604,0.0176
1,8227,0.0175
1,6523,0.0175
1,6712,0.0175
1,6549,0.0175
1,5063,0.0175
1,5348,0.0175
1,6178,0.0175
1,9460,0.0174
1,5022,0.0174
1,8148,0.0174
1,8980,0.0174
1,9766,0.0174
1,6023,0.0174
1,8113,0.0174
1,7120,0.0173
1,9247,0.0173
1,6104,0.0173
1,9802,0.0172
1,7168,0.0172
1,8409,0.0172
1,7887,0.0172
1,8804,0.0171
1,9210,0.0171
1,9672,0.0171
1,5671,0.0171
1,6558,0.0170
1,8982,0.0170
1,5917,0.0170
1,6775,0.0170
1,8425,0.0170
1,7162,0.0170
1,9214,0.0170
1,8188,0.0170
1,7975,0.0169
1,5701,0.0169
1,5926,0.0169
1,7974,0.0169
1,8785,0.0169
1,6149,0.0168
1,8914,0.0168
1,5055,0.0168
1,10007,0.0167
1,8408,0.0167
1,7958,0.0167
1,7995,0.0167
1,9832,0.0167
1,7115,0.0167
1,9315,0.0166
1,9793,0.0166
1,5047,0.0166
1,7397,0.0166
1,6943,0.0165
1,8515,0.0164
1,5138,0.0164
1,7989,0.0164
1,8284,0.0162
1,8413,0.0162
1,8647,0.0162
1,7785,0.0162
1,6181,0.0162
1,9570,0.0161
1,7940,0.0161
1,9806,0.0161
1,6802,0.0160
1,8175,0.0160
1,5034,0.0160
1,5830,0.0160
1,6707,0.0159
1,9519,0.0159
1,6071,0.0159
1,8678,0.0158
1,9157,0.0157
1,5936,0.0157
1,7942,0.0157
1,6966,0.0157
1,7163,0.0157
1,7455,0.0157
1,9116,0.0156
1,9938,0.0156
1,5412,0.0156
1,6944,0.0156
1,5157,0.0156
1,5493,0.0156
1,6297,0.0156
1,8560,0.0155
1,6598,0.0155
1,9547,0.0154
1,7117,0.0154
1,7954,0.0154
1,7336,0.0153
1,7513,0.0153
1,5309,0.0153
1,5159,0.0153
1,7670,0.0153
1,5522,0.0152
1,7082,0.0152
1,6844,0.0152
1,5865,0.0152
1,9251,0.0151
1,9435,0.0151
1,5039,0.0151
1,9789,0.0150
1,5566,0.0149
1,6875,0.0149
1,9310,0.0149
1,9946,0.0149
1,6978,0.0149
1,6395,0.0149
1,9993,0.0148
1,5546,0.0148
1,5933,0.0148
1,7411,0.0148
1,8001,0.0148
1,7843,0.0147
1,5805,0.0147
1,9757,0.0147
1,6870,0.0147
1,8580,0.0146
1,9308,0.0146
1,7809,0.0146
1,9267,0.0146
1,6044,0.0146
1,8878,0.0145
1,9140,0.0145
1,7907,0.0144
1,9188,0.0144
1,7393,0.0144
1,5023,0.0144
1,8731,0.0143
1,8034,0.0143
1,7129,0.0143
1,5012,0.0143
1,8514,0.0143
1,5173,0.0143
1,8162,0.0143
1,8272,0.0142
1,5653,0.0142
1,5265,0.0141
1,6171,0.0141
1,9981,0.0141
1,6348,0.0141
1,8743,0.0141
1,8379,0.0140
1,6922,0.0140
1,8556,0.0140
1,5997,0.0140
1,9544,0.0140
1,7184,0.0139
1,6321,0.0139
1,6704,0.0139
1,6675,0.0139
1,7349,0.0139
1,5534,0.0139
1,6996,0.0139
1,9530,0.0138
1,8777,0.0138
1,9161,0.0138
1,7017,0.0138
1,7065,0.0138
1,7608,0.0138
1,9456,0.0138
1,5269,0.0138
1,5747,0.0138
1,6840,0.0138
1,5322,0.0137
1,6927,0.0137
1,7134,0.0137
1,7322,0.0137
1,5368,0.0136
1,6559,0.0136
1,8132,0.0136
1,9284,0.0136
1,9050,0.0136
1,6151,0.0136
1,6246,0.0136
1,9545,0.0135
1,8195,0.0135
1,9647,0.0135
1,7652,0.0135
1,8107,0.0135
1,8732,0.0135
1,9813,0.0134
1,9836,0.0134
1,5856,0.0134
1,9954,0.0134
1,8159,0.0134
1,8299,0.0134
1,8434,0.0134
1,8481,0.0134
1,8136,0.0134
1,8881,0.0134
1,7479,0.0134
1,9579,0.0133
1,7460,0.0133
1,8504,0.0132
1,9701,0.0132
1,7185,0.0132
1,9404,0.0131
1,8230,0.0131
1,9107,0.0131
1,7840,0.0131
1,7884,0.0131
1,7488,0.0131
1,7454,0.0131
1,9613,0.0130
1,8786,0.0130
1,8760,0.0130
1,8886,0.0130
1,9206,0.0130
1,9371,0.0129
1,9586,0.0129
1,6620,0.0129
1,7970,0.0128
1,6004,0.0128
1,5625,0.0128
1,8575,0.0128
1,9152,0.0128
1,5489,0.0128
1,5525,0.0127
1,7070,0.0127
1,7484,0.0127
1,6781,0.0127
1,8233,0.0127
1,8716,0.0127
1,7727,0.0127
1,9487,0.0127
1,9172,0.0126
1,6614,0.0126
1,7035,0.0126
1,9321,0.0125
1,5686,0.0125
1,6517,0.0125
1,7554,0.0125
1,7746,0.0125
1,8596,0.0125
1,7173,0.0124
1,7407,0.0124
1,8326,0.0124
1,5292,0.0124
1,5015,0.0124
1,6681,0.0124
1,7019,0.0124
1,8835,0.0123
1,7353,0.0123
1,8675,0.0123
1,9673,0.0123
1,9972,0.0123
1,6133,0.0123
1,9420,0.0122
1,7533,0.0122
1,7362,0.0122
1,8224,0.0122
1,8555,0.0122
1,5123,0.0122
1,5529,0.0122
1,5338,0.0122
1,5113,0.0121
1,7400,0.0121
1,6353,0.0120
1,6797,0.0120
1,6299,0.0120
1,6925,0.0120
1,7215,0.0119
1,8643,0.0119
1,6094,0.0119
1,6518,0.0119
1,9872,0.0118
1,8211,0.0118
1,6469,0.0118
1,5156,0.0118
1,9423,0.0117
1,5832,0.0117
1,5571,0.0117
1,7966,0.0117
1,6536,0.0117
1,9831,0.0116
1,8221,0.0116
1,5263,0.0116
1,7167,0.0116
1,7952,0.0116
1,6320,0.0116
1,7453,0.0116
1,5073,0.0115
1,5606,0.0115
1,8694,0.0115
1,8700,0.0115
1,6308,0.0115
1,5928,0.0114
1,9270,0.0114
1,9648,0.0114
1,5853,0.0114
1,5116,0.0114
1,6349,0.0114
1,6825,0.0114
1,8962,0.0113
1,5924,0.0113
1,9012,0.0113
1,6475,0.0113
1,9590,0.0112
1,7789,0.0112
1,7148,0.0112
1,6720,0.0112
1,7365,0.0112
1,6602,0.0111
1,8220,0.0111
1,6323,0.0111
1,6972,0.0111
1,8485,0.0111
1,5205,0.0111
1,6555,0.0111
1,9443,0.0110
1,8193,0.0110
1,5809,0.0110
1,6137,0.0110
1,6473,0.0110
1,8652,0.0110
1,5731,0.0110
1,6770,0.0110
1,8325,0.0110
1,9660,0.0110
1,5397,0.0110
1,9149,0.0110
1,6593,0.0110
1,7551,0.0110
1,6688,0.0109
1,9593,0.0109
1,6952,0.0109
1,5153,0.0109
1,9642,0.0109
1,9309,0.0108
1,6491,0.0108
1,7772,0.0108
1,8359,0.0108
1,8480,0.0108
1,5045,0.0107
1,5749,0.0107
1,10021,0.0107
1,8080,0.0107
1,7046,0.0107
1,7069,0.0107
1,5095,0.0107
1,6378,0.0107
1,8206,0.0106
1,9390,0.0106
1,6641,0.0106
1,7857,0.0106
1,8593,0.0106
1,5771,0.0106
1,7580,0.0106
1,6862,0.0105
1,9936,0.0105
1,6838,0.0104
1,7305,0.0104
1,6687,0.0104
1,6910,0.0104
1,9940,0.0103
1,6520,0.0103
1,6820,0.0103
1,5881,0.0103
1,8102,0.0103
1,9947,0.0103
1,6150,0.0103
1,6410,0.0102
1,7350,0.0102
1,5704,0.0101
1,9501,0.0101
1,6193,0.0101
1,9714,0.0101
1,5826,0.0101
1,7166,0.0101
1,6368,0.0101
1,9089,0.0100
1,9778,0.0100
1,7052,0.0100
1,6761,0.0100
1,7710,0.0100
1,6913,0.0100
1,5400,0.0100
1,6995,0.0099
1,7159,0.0099
1,6633,0.0099
1,9071,0.0099
1,5359,0.0099
1,5527,0.0098
1,8234,0.0098
1,6793,0.0098
1,7674,0.0097
1,8446,0.0097
1,8891,0.0097
1,6197,0.0096
1,8025,0.0096
1,8184,0.0096
1,9903,0.0095
1,6012,0.0095
1,7131,0.0095
1,7747,0.0095
1,8222,0.0095
1,8976,0.0095
1,7605,0.0095
1,5774,0.0095
1,9392,0.0095
1,6823,0.0095
1,8578,0.0095
1,5763,0.0095
1,8910,0.0095
1,7773,0.0094
1,8035,0.0094
1,5762,0.0094
1,9943,0.0094
1,6632,0.0093
1,9323,0.0093
1,6713,0.0093
1,10018,0.0093
1,6640,0.0093
1,9881,0.0093
1,8875,0.0093
1,6214,0.0092
1,6324,0.0092
1,7589,0.0092
1,7199,0.0092
1,5730,0.0092
1,8577,0.0091
1,7949,0.0091
1,8562,0.0091
1,9968,0.0091
1,5165,0.0091
1,7158,0.0091
1,6468,0.0091
1,8021,0.0091
1,5883,0.0090
1,8431,0.0090
1,8567,0.0090
1,9729,0.0090
1,9697,0.0090
1,7824,0.0090
1,9025,0.0090
1,9679,0.0090
1,7847,0.0090
1,6959,0.0090
1,7230,0.0089
1,9439,0.0089
1,6780,0.0089
1,5114,0.0089
1,8357,0.0089
1,9175,0.0089
1,6705,0.0089
1,6971,0.0089
1,9758,0.0088
1,5697,0.0088
1,6483,0.0088
1,7290,0.0088
1,8313,0.0088
1,6429,0.0088
1,9654,0.0087
1,6387,0.0087
1,8000,0.0086
1,7101,0.0086
1,7229,0.0086
1,9596,0.0086
1,6716,0.0086
1,7873,0.0085
1,7227,0.0085
1,5280,0.0085
1,9421,0.0085
1,7931,0.0085
1,5973,0.0084
1,8943,0.0084
1,8002,0.0084
1,7745,0.0084
1,8977,0.0084
1,6985,0.0084
1,7448,0.0084
1,9533,0.0084
1,5148,0.0084
1,6293,0.0084
1,6575,0.0084
1,8552,0.0083
1,5588,0.0083
1,6140,0.0083
1,7462,0.0083
1,5941,0.0083
1,5732,0.0083
1,8219,0.0083
1,9341,0.0083
1,7788,0.0083
1,5396,0.0082
1,5299,0.0082
1,9260,0.0082
1,9075,0.0082
1,5901,0.0082
1,7399,0.0082
1,6931,0.0082
1,8911,0.0081
1,9739,0.0081
1,5066,0.0081
1,5999,0.0081
1,6484,0.0081
1,8679,0.0081
1,6106,0.0081
1,6708,0.0081
1,7855,0.0081
1,5118,0.0081
1,9189,0.0080
1,8722,0.0080
1,9176,0.0080
1,5831,0.0080
1,6238,0.0079
1,9625,0.0079
1,9133,0.0079
1,8300,0.0079
1,8784,0.0079
1,5088,0.0079
1,8378,0.0079
1,5966,0.0078
1,8179,0.0078
1,6244,0.0078
1,6805,0.0078
1,7181,0.0078
1,8758,0.0078
1,9153,0.0078
1,7922,0.0077
1,8079,0.0077
1,6209,0.0077
1,7715,0.0077
1,5350,0.0077
1,9553,0.0077
1,9446,0.0077
1,6902,0.0076
1,5937,0.0076
1,10025,0.0075
1,9599,0.0075
1,7842,0.0075
1,6650,0.0075
1,9518,0.0075
1,5998,0.0075
1,9091,0.0074
1,6108,0.0074
1,7691,0.0074
1,8954,0.0074
1,8628,0.0074
1,9542,0.0073
1,8225,0.0073
1,8336,0.0073
1,8262,0.0073
1,8433,0.0072
1,8545,0.0072
1,5212,0.0072
1,5768,0.0072
1,6212,0.0072
1,9181,0.0071
1,8320,0.0071
1,8638,0.0071
1,9780,0.0070
1,7529,0.0070
1,8018,0.0070
1,7876,0.0069
1,6872,0.0069
1,9527,0.0069
1,5093,0.0069
1,5437,0.0069
1,5019,0.0069
1,6216,0.0068
1,7984,0.0068
1,5443,0.0068
1,6460,0.0068
1,6907,0.0067
1,6114,0.0066
1,9939,0.0066
1,9945,0.0066
1,6272,0.0065
1,6419,0.0065
1,8308,0.0065
1,6296,0.0065
1,9822,0.0065
1,6142,0.0065
1,6183,0.0065
1,6300,0.0065
1,9643,0.0063
1,5129,0.0063
1,5505,0.0062
1,5752,0.0062
1,6930,0.0062
1,7611,0.0061
1,8870,0.0061
1,5813,0.0061
1,8436,0.0060
1,9860,0.0060
1,5304,0.0060
1,8137,0.0060
1,7366,0.0060
1,5879,0.0060
1,5310,0.0060
1,5946,0.0060
1,5187,0.0060
1,5947,0.0060
1,6459,0.0060
1,5068,0.0060
1,7729,0.0059
1,6259,0.0059
1,8340,0.0059
1,8681,0.0059
1,8570,0.0059
1,7620,0.0058
1,9934,0.0058
1,6871,0.0057
1,7680,0.0057
1,8737,0.0057
1,7226,0.0057
1,6856,0.0057
1,7634,0.0057
1,7832,0.0057
1,8558,0.0056
1,7468,0.0056
1,5464,0.0056
1,7823,0.0056
1,7757,0.0056
1,5240,0.0056
1,8963,0.0056
1,6742,0.0055
1,9781,0.0055
1,7330,0.0055
1,6587,0.0055
1,6659,0.0055
1,9511,0.0055
1,8609,0.0055
1,5030,0.0054
1,8662,0.0054
1,9925,0.0054
1,5238,0.0054
1,8606,0.0053
1,9263,0.0053
1,9062,0.0053
1,9713,0.0053
1,6167,0.0053
1,8245,0.0053
1,6249,0.0053
1,9064,0.0053
1,6586,0.0053
1,7755,0.0053
1,5877,0.0053
1,10034,0.0053
1,5652,0.0053
1,8344,0.0052
1,8133,0.0052
1,6261,0.0052
1,6601,0.0052
1,7414,0.0052
1,8414,0.0052
1,8452,0.0052
1,5492,0.0052
1,9100,0.0052
1,8605,0.0052
1,5375,0.0051
1,5306,0.0051
1,7495,0.0051
1,7093,0.0050
1,9710,0.0050
1,7528,0.0050
1,9367,0.0050
1,10010,0.0050
1,9470,0.0050
1,7503,0.0050
1,9772,0.0050
1,5179,0.0049
1,9092,0.0049
1,6916,0.0049
1,7232,0.0049
1,8173,0.0049
1,5377,0.0049
1,7738,0.0048
1,7928,0.0048
1,6155,0.0048
1,9942,0.0048
1,6608,0.0048
1,7829,0.0048
1,6327,0.0048
1,5876,0.0047
1,5268,0.0047
1,9389,0.0047
1,9124,0.0047
1,9438,0.0046
1,7154,0.0046
1,6970,0.0046
1,5597,0.0046
1,8020,0.0045
1,8740,0.0045
1,9969,0.0045
1,5102,0.0045
1,8316,0.0045
1,5295,0.0045
1,8304,0.0045
1,10020,0.0045
1,8319,0.0044
1,8085,0.0044
1,6258,0.0044
1,7791,0.0044
1,6525,0.0044
1,9557,0.0044
1,9180,0.0044
1,6667,0.0044
1,9264,0.0044
1,9294,0.0043
1,5943,0.0043
1,5716,0.0043
1,7419,0.0043
1,9675,0.0043
1,8374,0.0043
1,7231,0.0042
1,8925,0.0042
1,5300,0.0042
1,5144,0.0042
1,9209,0.0042
1,10024,0.0042
1,5507,0.0042
1,9677,0.0041
1,6385,0.0041
1,5783,0.0041
1,5303,0.0041
1,9532,0.0041
1,9076,0.0041
1,5297,0.0041
1,9523,0.0040
1,9869,0.0040
1,5889,0.0040
1,7939,0.0040
1,5245,0.0040
1,8303,0.0039
1,9549,0.0039
1,7051,0.0039
1,8585,0.0038
1,6286,0.0038
1,5564,0.0038
1,7730,0.0037
1,5483,0.0037
1,8788,0.0037
1,6987,0.0037
1,7225,0.0036
1,5115,0.0036
1,9833,0.0036
1,8376,0.0036
1,6219,0.0035
1,5291,0.0035
1,9535,0.0035
1,5100,0.0035
1,6077,0.0035
1,7469,0.0035
1,8057,0.0035
1,6556,0.0034
1,8302,0.0034
1,6738,0.0034
1,6211,0.0033
1,5108,0.0033
1,6566,0.0033
1,5893,0.0032
1,6294,0.0032
1,8966,0.0032
1,8988,0.0032
1,7175,0.0031
1,8592,0.0031
1,6381,0.0031
1,5954,0.0031
1,5713,0.0030
1,7511,0.0030
1,9788,0.0030
1,8445,0.0030
1,9048,0.0029
1,5294,0.0029
1,9405,0.0029
1,6879,0.0029
1,8065,0.0029
1,8416,0.0027
1,5393,0.0026
1,8443,0.0025
1,5515,0.0025
1,7424,0.0024
1,5829,0.0024
1,8058,0.0024
1,7598,0.0024
1,8019,0.0022
1,6382,0.0022
1,9436,0.0021
1,5561,0.0020
1,6485,0.0019
1,8922,0.0012
2,6552,0.4846
2,6658,0.3826
2,6279,0.3634
2,6538,0.3461
2,6220,0.3207
2,7947,0.2515
2,6080,0.2391
2,7833,0.2117
2,8413,0.2019
2,5514,0.1949
2,7941,0.1949
2,5070,0.1890
2,5124,0.1800
2,9273,0.1704
2,6277,0.1690
2,7323,0.1671
2,6651,0.1652
2,8408,0.1652
2,6586,0.1640
2,9556,0.1577
2,6492,0.1556
2,9576,0.1465
2,5771,0.1398
2,7755,0.1350
2,5130,0.1302
2,8457,0.1275
2,8661,0.1275
2,6673,0.1275
2,7754,0.1275
2,8555,0.1262
2,5503,0.1254
2,10022,0.1253
2,7743,0.1243
2,5860,0.1232
2,9265,0.1219
2,9559,0.1219
2,8843,0.1183
2,9098,0.1168
2,9750,0.1168
2,9941,0.1168
2,6105,0.1168
2,7348,0.1168
2,8480,0.1150
2,8087,0.1138
2,9099,0.1123
2,7116,0.1122
2,7452,0.1082
2,5888,0.1078
2,8337,0.1060
2,10026,0.1046
2,8692,0.1029
2,6921,0.1001
2,8174,0.1001
2,5816,0.0994
2,9081,0.0983
2,7956,0.0944
2,6748,0.0939
2,5653,0.0932
2,8455,0.0922
2,9113,0.0912
2,7937,0.0909
2,7446,0.0909
2,5122,0.0887
2,9489,0.0885
2,9659,0.0865
2,8461,0.0860
2,6085,0.0859
2,9937,0.0849
2,8339,0.0848
2,5120,0.0835
2,5756,0.0834
2,7010,0.0830
2,5817,0.0826
2,7949,0.0815
2,6474,0.0803
2,7824,0.0801
2,6970,0.0797
2,7761,0.0795
2,7208,0.0790
2,9759,0.0782
2,6109,0.0782
2,7119,0.0782
2,9102,0.0758
2,8470,0.0752
2,7948,0.0747
2,6668,0.0744
2,6084,0.0734
2,5183,0.0730
2,5517,0.0728
2,5569,0.0726
2,9554,0.0725
2,6237,0.0725
2,6906,0.0718
2,6877,0.0713
2,9148,0.0713
2,8184,0.0711
2,9092,0.0711
2,7854,0.0708
2,8151,0.0696
2,7760,0.0696
2,6676,0.0692
2,7589,0.0688
2,5009,0.0688
2,8660,0.0687
2,7321,0.0684
2,7639,0.0680
2,8726,0.0676
2,8426,0.0676
2,8659,0.0676
2,9024,0.0676
2,9250,0.0676
2,5871,0.0676
2,6097,0.0676
2,6417,0.0676
2,6648,0.0676
2,6895,0.0676
2,7111,0.0676
2,7661,0.0676
2,7930,0.0676
2,8164,0.0676
2,9763,0.0669
2,5439,0.0668
2,7342,0.0668
2,9871,0.0666
2,8940,0.0665
2,5499,0.0664
2,5092,0.0660
2,5630,0.0660
2,8754,0.0659
2,7350,0.0648
2,6558,0.0646
2,9103,0.0638
2,7967,0.0638
2,8081,0.0636
2,5639,0.0635
2,6102,0.0634
2,9091,0.0634
2,9561,0.0629
2,6641,0.0628
2,7016,0.0627
2,9391,0.0626
2,8554,0.0624
2,10024,0.0618
2,7332,0.0617
2,7916,0.0616
2,7114,0.0615
2,9455,0.0614
2,5011,0.0612
2,6838,0.0612
2,9109,0.0610
2,6794,0.0610
2,5497,0.0608
2,10016,0.0607
2,5560,0.0607
2,9288,0.0605
2,10017,0.0604
2,7758,0.0601
2,10019,0.0596
2,8310,0.0596
2,7451,0.0593
2,6497,0.0590
2,7786,0.0586
2,9788,0.0584
2,9749,0.0582
2,6378,0.0578
2,7360,0.0577
2,6536,0.0577
2,5378,0.0570
2,7425,0.0568
2,6778,0.0564
2,5000,0.0561
2,6486,0.0561
2,8342,0.0558
2,8888,0.0557
2,9943,0.0547
2,5792,0.0546
2,9940,0.0544
2,7362,0.0540
2,7995,0.0536
2,6496,0.0536
2,9159,0.0533
2,7951,0.0533
2,5010,0.0532
2,5638,0.0532
2,6495,0.0531
2,6400,0.0531
2,8561,0.0531
2,7118,0.0530
2,5809,0.0529
2,6333,0.0528
2,8475,0.0527
2,7748,0.0526
2,6681,0.0524
2,9764,0.0521
2,7599,0.0519
2,8671,0.0517
2,6924,0.0516
2,7089,0.0516
2,9865,0.0512
2,7117,0.0511
2,8571,0.0510
2,5026,0.0509
2,9747,0.0507
2,7746,0.0504
2,5566,0.0503
2,9262,0.0501
2,9604,0.0500
2,8083,0.0499
2,5052,0.0498
2,5512,0.0497
2,9949,0.0496
2,5410,0.0492
2,8874,0.0491
2,6555,0.0491
2,6635,0.0490
2,8229,0.0489
2,9408,0.0489
2,7954,0.0488
2,7738,0.0488
2,9106,0.0487
2,9951,0.0486
2,6670,0.0485
2,10025,0.0485
2,8613,0.0483
2,6310,0.0482
2,8662,0.0480
2,5885,0.0477
2,7423,0.0477
2,7751,0.0476
2,9104,0.0475
2,5377,0.0474
2,9721,0.0470
2,7500,0.0469
2,7390,0.0467
2,8010,0.0466
2,8574,0.0465
2,5673,0.0462
2,7013,0.0462
2,9516,0.0461
2,6491,0.0459
2,7610,0.0458
2,5320,0.0457
2,5562,0.0457
2,7427,0.0457
2,7741,0.0457
2,7763,0.0457
2,9864,0.0455
2,5518,0.0455
2,9519,0.0455
2,9280,0.0454
2,7965,0.0454
2,9660,0.0454
2,9462,0.0453
2,5025,0.0453
2,6919,0.0452
2,9149,0.0452
2,9271,0.0451
2,8728,0.0450
2,9082,0.0448
2,6302,0.0447
2,6469,0.0447
2,6459,0.0445
2,6138,0.0445
2,6005,0.0444
2,5894,0.0443
2,9623,0.0443
2,7523,0.0443
2,8340,0.0442
2,9397,0.0441
2,6295,0.0440
2,5994,0.0439
2,5322,0.0439
2,8332,0.0438
2,7277,0.0437
2,9393,0.0436
2,7467,0.0436
2,7984,0.0435
2,9762,0.0433
2,7973,0.0433
2,5559,0.0433
2,9920,0.0433
2,5069,0.0433
2,5891,0.0430
2,9771,0.0430
2,5328,0.0429
2,5657,0.0429
2,7534,0.0429
2,7771,0.0429
2,6782,0.0427
2,6780,0.0425
2,8088,0.0425
2,10023,0.0423
2,9547,0.0422
2,7011,0.0420
2,5601,0.0420
2,7603,0.0419
2,6785,0.0417
2,5337,0.0414
2,6689,0.0414
2,6296,0.0413
2,5333,0.0413
2,8672,0.0412
2,6305,0.0410
2,9088,0.0410
2,6747,0.0408
2,7988,0.0408
2,5797,0.0406
2,9558,0.0405
2,9390,0.0404
2,5649,0.0404
2,6327,0.0404
2,6571,0.0403
2,5796,0.0402
2,9276,0.0402
2,5417,0.0401
2,7198,0.0401
2,7940,0.0400
2,8181,0.0400
2,5887,0.0398
2,7942,0.0398
2,6460,0.0397
2,8876,0.0397
2,9566,0.0397
2,7549,0.0397
2,9791,0.0395
2,5662,0.0395
2,6693,0.0395
2,5505,0.0394
2,5397,0.0394
2,9946,0.0394
2,9097,0.0391
2,8350,0.0391
2,7946,0.0390
2,5602,0.0390
2,6318,0.0390
2,6779,0.0390
2,7950,0.0389
2,5123,0.0389
2,5043,0.0389
2,8177,0.0389
2,9286,0.0387
2,7352,0.0387
2,6468,0.0386
2,6578,0.0383
2,9569,0.0382
2,9783,0.0381
2,5158,0.0381
2,5644,0.0375
2,6563,0.0374
2,8080,0.0374
2,6489,0.0374
2,9719,0.0371
2,6023,0.0371
2,5931,0.0371
2,9542,0.0371
2,5376,0.0369
2,9223,0.0368
2,9677,0.0368
2,6824,0.0367
2,6104,0.0367
2,6181,0.0367
2,9664,0.0366
2,5313,0.0366
2,7532,0.0365
2,5889,0.0365
2,5140,0.0364
2,8939,0.0364
2,7943,0.0362
2,9169,0.0361
2,9768,0.0361
2,5128,0.0361
2,6702,0.0360
2,9956,0.0359
2,8464,0.0359
2,5701,0.0359
2,9008,0.0357
2,6117,0.0356
2,6217,0.0356
2,5762,0.0356
2,8573,0.0355
2,8201,0.0354
2,9997,0.0354
2,7426,0.0353
2,9201,0.0351
2,5655,0.0351
2,9811,0.0349
2,9324,0.0349
2,8202,0.0349
2,7437,0.0349
2,7134,0.0348
2,5567,0.0347
2,9665,0.0347
2,9155,0.0346
2,9365,0.0346
2,6006,0.0346
2,6212,0.0345
2,6304,0.0344
2,9969,0.0344
2,6106,0.0343
2,9077,0.0341
2,6298,0.0341
2,6494,0.0341
2,8115,0.0341
2,8879,0.0340
2,9395,0.0339
2,8175,0.0339
2,8971,0.0339
2,9565,0.0338
2,8307,0.0337
2,6454,0.0337
2,6560,0.0335
2,6923,0.0335
2,5573,0.0335
2,7622,0.0334
2,7372,0.0334
2,7590,0.0334
2,7957,0.0334
2,9975,0.0333
2,6918,0.0333
2,6257,0.0332
2,6337,0.0332
2,8792,0.0331
2,8346,0.0330
2,7144,0.0329
2,6691,0.0328
2,5400,0.0328
2,5558,0.0328
2,9443,0.0326
2,7125,0.0326
2,5793,0.0326
2,7529,0.0326
2,8765,0.0325
2,7174,0.0324
2,5356,0.0323
2,8673,0.0322
2,5513,0.0322
2,7939,0.0321
2,6284,0.0320
2,5685,0.0320
2,5641,0.0319
2,6797,0.0319
2,5715,0.0318
2,9263,0.0318
2,5003,0.0318
2,6131,0.0317
2,7317,0.0316
2,9089,0.0316
2,7825,0.0316
2,7843,0.0315
2,8693,0.0315
2,6798,0.0315
2,6682,0.0315
2,6873,0.0314
2,8495,0.0313
2,5546,0.0312
2,7448,0.0312
2,5327,0.0312
2,5299,0.0311
2,5651,0.0311
2,7084,0.0310
2,5997,0.0310
2,9545,0.0309
2,9713,0.0309
2,8011,0.0308
2,9573,0.0308
2,8027,0.0308
2,9868,0.0308
2,5863,0.0308
2,9942,0.0307
2,7757,0.0307
2,9295,0.0306
2,7689,0.0306
2,8664,0.0305
2,6943,0.0305
2,10011,0.0305
2,7907,0.0305
2,7226,0.0305
2,5946,0.0303
2,9100,0.0303
2,8176,0.0303
2,5125,0.0303
2,5002,0.0303
2,8024,0.0303
2,6962,0.0302
2,5375,0.0302
2,9967,0.0302
2,5234,0.0301
2,9872,0.0301
2,9140,0.0300
2,8670,0.0300
2,5500,0.0300
2,5650,0.0300
2,8847,0.0299
2,5832,0.0299
2,8347,0.0299
2,9398,0.0299
2,7978,0.0298
2,8873,0.0298
2,7837,0.0298
2,8433,0.0298
2,8854,0.0297
2,5490,0.0296
2,5898,0.0295
2,8195,0.0295
2,5129,0.0294
2,9875,0.0293
2,8990,0.0293
2,7810,0.0293
2,5645,0.0293
2,5672,0.0292
2,7553,0.0292
2,9084,0.0290
2,5409,0.0290
2,6570,0.0290
2,8512,0.0289
2,5312,0.0289
2,9798,0.0288
2,5315,0.0288
2,7766,0.0287
2,5637,0.0287
2,8877,0.0286
2,8454,0.0286
2,6807,0.0286
2,9096,0.0286
2,6067,0.0286
2,6478,0.0286
2,7370,0.0286
2,5884,0.0285
2,6074,0.0285
2,6932,0.0284
2,9555,0.0284
2,9154,0.0283
2,6148,0.0283
2,5516,0.0282
2,6920,0.0282
2,5318,0.0282
2,8319,0.0281
2,7123,0.0281
2,7853,0.0281
2,5121,0.0281
2,6525,0.0281
2,5249,0.0280
2,5211,0.0280
2,5746,0.0280
2,6593,0.0280
2,8628,0.0280
2,5266,0.0280
2,5571,0.0279
2,9662,0.0279
2,5261,0.0279
2,8627,0.0279
2,5017,0.0278
2,6505,0.0278
2,9567,0.0278
2,7530,0.0278
2,5228,0.0277
2,5725,0.0277
2,6719,0.0277
2,7361,0.0277
2,7551,0.0277
2,7077,0.0277
2,5540,0.0275
2,6079,0.0275
2,9095,0.0273
2,9219,0.0273
2,5436,0.0273
2,5703,0.0273
2,8587,0.0272
2,5896,0.0272
2,7129,0.0272
2,6645,0.0271
2,8185,0.0271
2,5635,0.0270
2,6303,0.0270
2,8468,0.0270
2,5034,0.0269
2,7145,0.0269
2,6557,0.0269
2,6311,0.0268
2,6146,0.0268
2,6189,0.0267
2,9302,0.0266
2,9738,0.0266
2,7132,0.0266
2,9279,0.0264
2,9150,0.0264
2,5670,0.0262
2,9203,0.0262
2,7128,0.0262
2,6058,0.0261
2,7096,0.0259
2,9112,0.0258
2,5930,0.0258
2,6992,0.0258
2,8190,0.0258
2,9291,0.0257
2,5037,0.0257
2,9570,0.0257
2,9533,0.0257
2,5323,0.0256
2,6297,0.0255
2,6365,0.0255
2,6707,0.0255
2,8729,0.0255
2,8474,0.0254
2,8209,0.0253
2,6490,0.0253
2,5311,0.0252
2,6875,0.0252
2,6114,0.0252
2,8331,0.0252
2,8678,0.0251
2,9492,0.0251
2,6860,0.0251
2,6998,0.0251
2,7739,0.0251
2,7762,0.0251
2,7992,0.0251
2,9612,0.0250
2,7349,0.0250
2,9563,0.0250
2,6506,0.0250
2,7163,0.0249
2,5742,0.0249
2,9746,0.0249
2,5820,0.0248
2,6192,0.0248
2,6057,0.0247
2,8667,0.0247
2,6994,0.0247
2,7009,0.0246
2,7014,0.0245
2,6481,0.0245
2,6949,0.0245
2,7088,0.0245
2,5766,0.0245
2,6111,0.0244
2,5507,0.0243
2,9553,0.0243
2,6917,0.0243
2,6325,0.0243
2,8073,0.0242
2,5492,0.0242
2,8987,0.0241
2,6781,0.0241
2,6738,0.0241
2,8458,0.0240
2,5622,0.0240
2,6430,0.0239
2,6672,0.0238
2,8348,0.0238
2,9167,0.0238
2,6784,0.0238
2,6831,0.0238
2,7126,0.0238
2,6003,0.0238
2,6125,0.0238
2,9525,0.0238
2,8150,0.0238
2,5830,0.0237
2,5769,0.0236
2,6978,0.0236
2,6925,0.0236
2,8085,0.0236
2,5496,0.0235
2,9950,0.0235
2,6964,0.0235
2,9269,0.0234
2,5647,0.0234
2,9261,0.0234
2,8652,0.0234
2,9593,0.0233
2,7756,0.0233
2,9085,0.0232
2,9171,0.0232
2,5794,0.0232
2,6500,0.0232
2,6561,0.0232
2,7924,0.0232
2,9264,0.0232
2,8577,0.0231
2,7826,0.0231
2,6678,0.0230
2,9958,0.0229
2,8008,0.0229
2,6384,0.0229
2,9947,0.0229
2,6930,0.0228
2,5310,0.0227
2,8569,0.0227
2,8731,0.0227
2,9813,0.0227
2,5161,0.0227
2,5504,0.0227
2,8986,0.0226
2,8003,0.0226
2,7653,0.0226
2,9748,0.0226
2,7745,0.0224
2,5910,0.0223
2,8099,0.0223
2,5859,0.0223
2,8972,0.0222
2,9277,0.0221
2,5384,0.0221
2,7747,0.0221
2,8009,0.0221
2,6008,0.0221
2,5150,0.0221
2,6213,0.0220
2,10020,0.0220
2,6521,0.0220
2,6820,0.0220
2,8681,0.0220
2,8510,0.0219
2,5498,0.0219
2,10035,0.0219
2,5583,0.0218
2,6307,0.0218
2,8989,0.0217
2,8467,0.0217
2,9327,0.0217
2,5977,0.0217
2,6793,0.0217
2,9151,0.0216
2,9796,0.0216
2,5133,0.0216
2,7319,0.0216
2,7405,0.0216
2,7862,0.0216
2,9769,0.0216
2,6684,0.0216
2,8641,0.0216
2,9775,0.0215
2,5072,0.0215
2,8889,0.0215
2,7686,0.0215
2,5973,0.0215
2,6193,0.0215
2,6504,0.0214
2,6977,0.0214
2,7832,0.0214
2,5023,0.0214
2,8679,0.0214
2,6671,0.0214
2,7863,0.0214
2,5716,0.0213
2,6881,0.0213
2,6498,0.0212
2,9377,0.0211
2,6487,0.0211
2,5656,0.0211
2,7919,0.0210
2,9557,0.0210
2,8572,0.0210
2,7732,0.0209
2,9714,0.0209
2,6001,0.0209
2,7396,0.0209
2,7288,0.0208
2,5932,0.0208
2,6931,0.0208
2,6483,0.0208
2,7759,0.0207
2,9073,0.0207
2,5666,0.0207
2,9361,0.0206
2,6134,0.0206
2,10021,0.0205
2,5168,0.0205
2,5620,0.0205
2,6955,0.0205
2,5135,0.0204
2,6543,0.0204
2,7130,0.0204
2,7955,0.0204
2,9328,0.0204
2,7691,0.0203
2,6934,0.0203
2,5001,0.0203
2,7131,0.0203
2,8575,0.0202
2,8994,0.0202
2,5192,0.0202
2,6256,0.0202
2,6606,0.0202
2,7742,0.0202
2,10015,0.0202
2,6103,0.0201
2,8771,0.0201
2,7533,0.0201
2,6692,0.0201
2,9392,0.0200
2,8124,0.0200
2,7728,0.0200
2,9646,0.0200
2,5698,0.0200
2,6646,0.0199
2,8690,0.0199
2,5911,0.0199
2,5380,0.0199
2,5640,0.0199
2,6149,0.0198
2,7823,0.0198
2,5197,0.0198
2,5609,0.0198
2,5648,0.0198
2,6145,0.0198
2,7363,0.0198
2,7407,0.0198
2,8043,0.0198
2,8807,0.0198
2,5074,0.0198
2,5808,0.0197
2,9732,0.0196
2,6556,0.0196
2,5886,0.0196
2,6133,0.0195
2,7960,0.0195
2,8957,0.0195
2,8225,0.0194
2,9308,0.0194
2,9087,0.0194
2,9221,0.0194
2,9910,0.0194
2,5165,0.0194
2,6466,0.0193
2,6677,0.0193
2,8415,0.0193
2,8207,0.0192
2,8612,0.0192
2,6755,0.0192
2,5810,0.0192
2,8082,0.0192
2,9917,0.0192
2,7326,0.0192
2,5222,0.0192
2,5595,0.0192
2,5603,0.0192
2,6396,0.0192
2,8238,0.0191
2,7882,0.0191
2,8076,0.0190
2,9282,0.0190
2,9568,0.0190
2,5077,0.0190
2,6002,0.0190
2,7839,0.0190
2,8103,0.0190
2,9108,0.0188
2,6853,0.0188
2,8546,0.0187
2,5694,0.0187
2,6770,0.0187
2,8715,0.0186
2,6803,0.0186
2,7382,0.0186
2,8236,0.0186
2,8363,0.0185
2,8901,0.0184
2,5727,0.0184
2,7403,0.0184
2,5993,0.0184
2,9802,0.0184
2,7001,0.0183
2,5515,0.0183
2,9472,0.0182
2,5131,0.0182
2,7136,0.0182
2,9634,0.0181
2,5826,0.0181
2,8982,0.0180
2,6499,0.0180
2,5995,0.0180
2,5876,0.0180
2,5923,0.0180
2,9948,0.0180
2,7124,0.0180
2,8315,0.0180
2,7654,0.0180
2,8278,0.0179
2,9086,0.0179
2,9214,0.0179
2,5579,0.0179
2,7359,0.0179
2,8188,0.0179
2,5986,0.0178
2,8743,0.0178
2,9105,0.0178
2,8344,0.0178
2,6000,0.0178
2,5652,0.0177
2,7497,0.0177
2,7357,0.0177
2,5178,0.0176
2,8193,0.0176
2,9275,0.0176
2,8875,0.0176
2,7347,0.0176
2,9546,0.0176
2,9083,0.0175
2,9315,0.0175
2,9603,0.0175
2,6393,0.0175
2,6588,0.0175
2,6942,0.0175
2,7127,0.0175
2,8044,0.0175
2,8200,0.0175
2,7938,0.0174
2,7373,0.0174
2,8776,0.0174
2,6796,0.0173
2,6128,0.0173
2,5663,0.0173
2,5597,0.0173
2,6559,0.0172
2,7740,0.0172
2,7069,0.0171
2,8666,0.0171
2,8442,0.0171
2,6326,0.0171
2,9101,0.0170
2,6493,0.0169
2,10009,0.0169
2,8279,0.0169
2,8390,0.0169
2,9703,0.0169
2,9795,0.0169
2,9976,0.0169
2,5127,0.0169
2,5172,0.0169
2,5578,0.0169
2,5581,0.0169
2,5915,0.0169
2,6377,0.0169
2,6802,0.0169
2,8425,0.0169
2,9487,0.0169
2,8352,0.0169
2,8338,0.0169
2,7230,0.0169
2,9119,0.0168
2,6501,0.0168
2,9755,0.0167
2,6034,0.0167
2,7780,0.0167
2,8625,0.0167
2,6862,0.0167
2,8232,0.0167
2,6266,0.0167
2,5813,0.0167
2,9080,0.0167
2,9389,0.0166
2,5142,0.0166
2,6745,0.0166
2,6966,0.0166
2,7377,0.0166
2,6240,0.0166
2,7477,0.0166
2,9416,0.0165
2,6120,0.0165
2,8362,0.0165
2,5022,0.0165
2,7133,0.0165
2,7834,0.0165
2,6033,0.0164
2,8328,0.0164
2,9591,0.0164
2,6141,0.0164
2,9694,0.0164
2,8884,0.0163
2,6150,0.0163
2,6662,0.0163
2,7388,0.0163
2,8456,0.0163
2,5561,0.0162
2,7847,0.0162
2,5489,0.0162
2,6909,0.0162
2,9152,0.0162
2,6382,0.0160
2,8361,0.0160
2,9220,0.0160
2,5509,0.0160
2,6331,0.0160
2,7531,0.0160
2,8096,0.0160
2,5506,0.0159
2,5665,0.0159
2,6488,0.0159
2,8762,0.0158
2,7142,0.0158
2,9834,0.0158
2,6385,0.0158
2,8377,0.0158
2,7456,0.0158
2,8169,0.0158
2,7150,0.0157
2,6156,0.0157
2,6967,0.0156
2,8198,0.0156
2,8312,0.0156
2,8578,0.0156
2,7736,0.0156
2,8133,0.0155
2,5695,0.0155
2,6854,0.0154
2,8323,0.0154
2,8192,0.0154
2,7901,0.0154
2,7121,0.0154
2,5308,0.0154
2,9029,0.0154
2,8878,0.0154
2,6861,0.0154
2,8751,0.0153
2,5705,0.0152
2,5018,0.0152
2,8491,0.0152
2,8677,0.0152
2,9743,0.0152
2,9992,0.0152
2,6070,0.0152
2,6583,0.0152
2,7315,0.0152
2,9628,0.0152
2,5947,0.0152
2,8976,0.0152
2,7592,0.0151
2,8514,0.0151
2,5173,0.0151
2,7090,0.0151
2,6467,0.0151
2,8674,0.0150
2,7985,0.0150
2,9904,0.0149
2,6301,0.0148
2,6574,0.0148
2,6376,0.0148
2,6324,0.0148
2,6714,0.0148
2,8388,0.0148
2,8484,0.0148
2,9289,0.0148
2,6321,0.0148
2,7221,0.0148
2,7154,0.0147
2,9807,0.0147
2,6210,0.0147
2,9161,0.0146
2,7608,0.0146
2,5031,0.0146
2,5134,0.0146
2,6960,0.0146
2,8469,0.0146
2,5878,0.0145
2,7389,0.0145
2,8685,0.0145
2,7158,0.0145
2,8965,0.0145
2,7351,0.0145
2,8308,0.0145
2,8234,0.0145
2,6154,0.0145
2,5928,0.0144
2,7538,0.0144
2,9672,0.0144
2,8247,0.0144
2,6675,0.0144
2,8769,0.0143
2,7172,0.0143
2,7652,0.0143
2,9661,0.0143
2,8805,0.0142
2,9751,0.0142
2,5814,0.0142
2,7735,0.0142
2,5298,0.0142
2,7398,0.0142
2,8663,0.0141
2,9346,0.0141
2,8504,0.0141
2,8973,0.0141
2,5209,0.0141
2,6913,0.0141
2,5697,0.0140
2,5841,0.0140
2,8954,0.0140
2,7185,0.0140
2,5300,0.0140
2,9787,0.0139
2,7470,0.0139
2,8736,0.0139
2,6565,0.0139
2,7918,0.0139
2,8591,0.0138
2,8538,0.0138
2,9292,0.0138
2,7598,0.0138
2,9418,0.0137
2,7436,0.0137
2,7675,0.0137
2,5765,0.0136
2,6661,0.0136
2,6037,0.0136
2,5831,0.0136
2,8959,0.0136
2,8520,0.0135
2,9005,0.0135
2,9983,0.0135
2,5535,0.0135
2,5674,0.0135
2,5929,0.0135
2,6516,0.0135
2,8505,0.0134
2,7147,0.0134
2,6683,0.0134
2,5331,0.0134
2,5877,0.0134
2,6306,0.0134
2,7962,0.0134
2,5745,0.0133
2,8592,0.0133
2,8687,0.0133
2,9164,0.0133
2,9349,0.0133
2,9698,0.0133
2,7278,0.0133
2,5868,0.0133
2,6944,0.0132
2,7173,0.0132
2,5193,0.0132
2,8983,0.0132
2,8380,0.0132
2,9821,0.0131
2,5824,0.0131
2,9075,0.0131
2,9810,0.0131
2,9931,0.0131
2,7474,0.0131
2,8883,0.0131
2,6696,0.0131
2,9902,0.0130
2,8364,0.0130
2,5901,0.0130
2,7399,0.0130
2,7394,0.0130
2,6751,0.0130
2,8697,0.0130
2,5482,0.0130
2,5999,0.0130
2,7228,0.0129
2,5362,0.0129
2,8579,0.0129
2,9369,0.0129
2,9396,0.0129
2,9765,0.0129
2,9851,0.0129
2,5502,0.0129
2,5654,0.0129
2,6933,0.0129
2,7021,0.0129
2,7392,0.0129
2,7555,0.0129
2,9667,0.0129
2,7855,0.0128
2,7166,0.0128
2,7415,0.0128
2,9027,0.0128
2,9110,0.0128
2,9605,0.0127
2,9674,0.0127
2,5767,0.0127
2,7710,0.0127
2,6709,0.0127
2,8341,0.0127
2,9753,0.0127
2,5167,0.0127
2,5411,0.0127
2,7146,0.0127
2,8086,0.0126
2,9831,0.0126
2,7644,0.0126
2,5933,0.0126
2,6364,0.0126
2,5438,0.0126
2,5448,0.0126
2,7328,0.0126
2,9444,0.0125
2,8570,0.0125
2,9436,0.0125
2,8287,0.0125
2,6452,0.0125
2,6591,0.0125
2,9404,0.0124
2,8603,0.0124
2,8500,0.0124
2,5132,0.0124
2,5373,0.0124
2,6929,0.0124
2,7232,0.0124
2,9014,0.0124
2,5434,0.0123
2,8406,0.0123
2,6044,0.0123
2,7167,0.0123
2,7952,0.0123
2,9504,0.0123
2,6285,0.0123
2,9206,0.0123
2,9170,0.0123
2,6936,0.0123
2,8576,0.0122
2,8984,0.0122
2,6375,0.0122
2,6734,0.0122
2,7419,0.0122
2,7752,0.0122
2,8499,0.0122
2,6360,0.0122
2,9284,0.0122
2,8700,0.0121
2,9287,0.0121
2,6308,0.0121
2,6012,0.0121
2,9878,0.0121
2,9745,0.0121
2,9028,0.0121
2,7605,0.0121
2,9614,0.0121
2,5897,0.0121
2,8092,0.0121
2,9599,0.0120
2,7842,0.0120
2,5774,0.0120
2,7012,0.0120
2,6439,0.0120
2,7730,0.0120
2,5865,0.0120
2,9578,0.0120
2,5501,0.0119
2,7275,0.0119
2,7537,0.0119
2,8970,0.0119
2,8497,0.0118
2,6720,0.0118
2,5032,0.0118
2,5319,0.0118
2,6395,0.0118
2,8218,0.0118
2,8402,0.0118
2,5708,0.0118
2,5916,0.0118
2,5963,0.0118
2,6874,0.0118
2,7704,0.0117
2,6118,0.0116
2,6199,0.0116
2,7387,0.0116
2,6248,0.0116
2,6030,0.0115
2,5776,0.0115
2,8859,0.0115
2,5882,0.0115
2,8329,0.0115
2,8951,0.0115
2,6757,0.0114
2,9025,0.0114
2,9475,0.0114
2,7726,0.0113
2,8483,0.0113
2,9540,0.0113
2,5007,0.0113
2,5226,0.0113
2,5856,0.0113
2,6590,0.0113
2,8260,0.0113
2,7899,0.0112
2,6299,0.0112
2,7777,0.0112
2,7831,0.0112
2,7137,0.0112
2,5564,0.0112
2,6927,0.0111
2,9216,0.0111
2,5949,0.0111
2,7135,0.0111
2,5223,0.0111
2,7115,0.0111
2,8196,0.0111
2,6601,0.0110
2,9049,0.0110
2,6848,0.0110
2,8116,0.0110
2,8506,0.0109
2,8680,0.0109
2,9571,0.0109
2,5903,0.0109
2,6083,0.0109
2,7655,0.0109
2,5303,0.0109
2,9625,0.0108
2,5533,0.0108
2,9515,0.0108
2,9840,0.0108
2,5948,0.0108
2,5704,0.0107
2,6068,0.0107
2,7070,0.0107
2,7484,0.0107
2,8114,0.0107
2,8173,0.0107
2,9523,0.0107
2,6115,0.0107
2,9351,0.0107
2,6732,0.0107
2,7375,0.0107
2,7615,0.0107
2,9548,0.0106
2,9778,0.0106
2,6073,0.0106
2,8465,0.0106
2,6475,0.0106
2,6099,0.0106
2,5821,0.0106
2,5861,0.0106
2,6031,0.0106
2,6517,0.0106
2,6717,0.0106
2,6795,0.0106
2,8318,0.0105
2,9673,0.0105
2,9120,0.0104
2,5114,0.0104
2,7280,0.0104
2,8004,0.0104
2,7341,0.0104
2,7840,0.0104
2,9551,0.0104
2,7980,0.0104
2,8817,0.0104
2,6291,0.0103
2,9236,0.0103
2,9162,0.0103
2,9174,0.0103
2,9285,0.0103
2,6855,0.0103
2,6947,0.0103
2,7193,0.0103
2,9347,0.0103
2,8235,0.0103
2,5529,0.0103
2,6939,0.0103
2,5952,0.0102
2,8222,0.0102
2,6968,0.0102
2,6731,0.0101
2,8291,0.0101
2,9668,0.0101
2,8129,0.0101
2,6886,0.0101
2,9893,0.0100
2,7482,0.0100
2,8320,0.0100
2,9314,0.0100
2,9499,0.0100
2,9543,0.0100
2,5014,0.0100
2,8303,0.0099
2,5759,0.0099
2,5900,0.0099
2,7618,0.0099
2,9266,0.0099
2,7008,0.0099
2,7878,0.0099
2,7179,0.0098
2,10018,0.0098
2,5485,0.0098
2,5902,0.0098
2,8720,0.0098
2,5668,0.0098
2,5881,0.0098
2,9362,0.0097
2,9830,0.0097
2,7164,0.0097
2,7199,0.0097
2,5275,0.0097
2,7224,0.0097
2,9912,0.0097
2,6618,0.0097
2,8451,0.0096
2,6121,0.0096
2,6351,0.0096
2,6515,0.0096
2,6876,0.0096
2,6294,0.0096
2,6856,0.0096
2,5899,0.0095
2,9934,0.0095
2,6423,0.0095
2,10033,0.0095
2,9589,0.0095
2,9639,0.0095
2,5541,0.0095
2,6188,0.0095
2,7386,0.0095
2,7585,0.0095
2,7646,0.0095
2,9678,0.0094
2,7148,0.0094
2,6972,0.0094
2,8963,0.0094
2,8944,0.0093
2,9274,0.0093
2,5835,0.0093
2,9960,0.0093
2,7187,0.0093
2,7927,0.0093
2,8012,0.0093
2,8230,0.0093
2,8608,0.0093
2,7709,0.0093
2,6973,0.0092
2,7109,0.0092
2,8840,0.0092
2,9294,0.0092
2,9562,0.0092
2,9809,0.0092
2,6688,0.0092
2,7355,0.0092
2,7830,0.0092
2,7225,0.0092
2,7866,0.0092
2,8000,0.0092
2,5324,0.0091
2,9592,0.0091
2,5768,0.0091
2,5854,0.0091
2,6116,0.0091
2,7671,0.0091
2,7769,0.0091
2,9278,0.0091
2,9596,0.0091
2,6440,0.0090
2,8611,0.0090
2,9386,0.0090
2,5012,0.0090
2,5917,0.0090
2,8187,0.0090
2,7424,0.0090
2,9602,0.0089
2,5926,0.0089
2,6112,0.0089
2,7974,0.0089
2,6383,0.0089
2,7744,0.0089
2,9564,0.0089
2,5067,0.0089
2,5148,0.0089
2,5194,0.0089
2,5711,0.0089
2,5733,0.0089
2,5958,0.0089
2,6575,0.0089
2,6219,0.0088
2,8062,0.0088
2,7690,0.0088
2,5464,0.0088
2,9526,0.0088
2,8651,0.0088
2,6035,0.0088
2,9179,0.0087
2,8299,0.0087
2,6903,0.0087
2,7998,0.0087
2,8297,0.0087
2,9053,0.0087
2,8880,0.0087
2,9128,0.0087
2,7309,0.0087
2,7481,0.0087
2,7033,0.0086
2,5236,0.0086
2,6703,0.0086
2,6649,0.0086
2,8955,0.0086
2,8375,0.0086
2,8800,0.0086
2,6339,0.0085
2,8448,0.0085
2,8065,0.0085
2,7528,0.0085
2,7764,0.0085
2,8351,0.0084
2,9156,0.0084
2,9176,0.0084
2,9974,0.0084
2,5054,0.0084
2,5446,0.0084
2,8446,0.0084
2,8676,0.0084
2,9326,0.0084
2,6995,0.0084
2,7616,0.0084
2,7873,0.0083
2,6261,0.0083
2,6419,0.0083
2,7279,0.0083
2,8112,0.0083
2,9663,0.0083
2,5175,0.0083
2,10032,0.0082
2,5157,0.0082
2,9283,0.0082
2,8147,0.0082
2,8605,0.0082
2,8891,0.0082
2,5807,0.0082
2,8885,0.0081
2,8787,0.0081
2,9896,0.0081
2,8585,0.0081
2,6263,0.0081
2,8255,0.0081
2,8259,0.0081
2,6984,0.0081
2,8105,0.0081
2,7827,0.0080
2,9066,0.0080
2,7169,0.0080
2,5306,0.0080
2,5743,0.0080
2,9136,0.0080
2,9235,0.0079
2,7558,0.0079
2,7971,0.0079
2,5483,0.0079
2,7354,0.0079
2,9544,0.0079
2,8892,0.0079
2,9474,0.0078
2,5314,0.0078
2,7087,0.0078
2,5731,0.0078
2,5696,0.0078
2,9959,0.0077
2,7550,0.0077
2,5113,0.0077
2,5104,0.0077
2,6107,0.0077
2,6050,0.0077
2,7702,0.0077
2,5117,0.0076
2,8084,0.0076
2,5950,0.0076
2,7800,0.0076
2,7366,0.0076
2,7838,0.0076
2,6094,0.0076
2,6622,0.0076
2,5068,0.0075
2,9684,0.0075
2,6258,0.0075
2,5951,0.0075
2,7273,0.0075
2,7457,0.0075
2,7578,0.0075
2,9944,0.0075
2,8920,0.0075
2,9535,0.0074
2,5304,0.0074
2,5063,0.0074
2,5764,0.0074
2,5866,0.0074
2,5684,0.0074
2,9448,0.0074
2,9734,0.0074
2,5220,0.0074
2,5348,0.0074
2,5753,0.0074
2,6178,0.0074
2,6704,0.0074
2,7778,0.0074
2,8026,0.0074
2,5967,0.0073
2,6910,0.0073
2,6151,0.0073
2,6457,0.0073
2,5795,0.0073
2,9688,0.0072
2,5443,0.0072
2,5229,0.0072
2,5522,0.0072
2,6427,0.0072
2,7227,0.0072
2,8223,0.0071
2,8803,0.0071
2,5089,0.0071
2,9954,0.0071
2,8482,0.0070
2,5144,0.0070
2,6126,0.0070
2,7868,0.0070
2,9530,0.0070
2,9524,0.0070
2,5784,0.0070
2,6135,0.0070
2,6659,0.0070
2,8832,0.0069
2,9957,0.0069
2,6733,0.0069
2,5783,0.0069
2,9532,0.0069
2,8019,0.0069
2,6660,0.0069
2,9192,0.0068
2,5307,0.0068
2,7068,0.0068
2,5108,0.0068
2,8453,0.0068
2,8804,0.0068
2,9094,0.0068
2,9222,0.0068
2,5141,0.0068
2,6004,0.0068
2,6721,0.0068
2,9741,0.0068
2,7872,0.0068
2,9072,0.0067
2,8258,0.0067
2,8716,0.0067
2,9060,0.0067
2,7857,0.0067
2,9172,0.0067
2,5614,0.0067
2,7281,0.0067
2,7293,0.0067
2,7490,0.0067
2,8005,0.0067
2,5686,0.0066
2,6722,0.0066
2,7149,0.0066
2,8744,0.0066
2,5962,0.0066
2,6991,0.0066
2,7563,0.0066
2,7574,0.0066
2,8822,0.0066
2,6054,0.0066
2,8452,0.0066
2,9549,0.0065
2,8533,0.0065
2,5521,0.0065
2,8686,0.0065
2,8127,0.0065
2,7611,0.0065
2,5049,0.0065
2,8224,0.0065
2,5309,0.0065
2,5748,0.0065
2,8311,0.0064
2,8938,0.0064
2,9869,0.0064
2,5118,0.0064
2,6503,0.0064
2,9435,0.0064
2,8239,0.0064
2,9212,0.0064
2,5904,0.0064
2,6269,0.0064
2,6851,0.0064
2,8486,0.0063
2,7964,0.0063
2,7220,0.0063
2,9772,0.0063
2,5940,0.0063
2,9908,0.0063
2,5433,0.0063
2,6518,0.0063
2,6773,0.0063
2,9312,0.0062
2,6404,0.0062
2,7749,0.0062
2,6428,0.0062
2,9405,0.0062
2,5833,0.0062
2,9131,0.0062
2,6711,0.0062
2,7966,0.0062
2,10030,0.0062
2,5221,0.0062
2,6184,0.0062
2,9267,0.0062
2,9560,0.0062
2,9290,0.0061
2,9803,0.0061
2,6871,0.0061
2,6443,0.0061
2,6821,0.0061
2,6608,0.0061
2,7552,0.0061
2,7086,0.0060
2,9648,0.0060
2,5691,0.0060
2,6036,0.0060
2,7176,0.0060
2,5937,0.0060
2,5634,0.0060
2,5763,0.0060
2,5924,0.0060
2,7634,0.0060
2,9590,0.0060
2,9744,0.0059
2,8558,0.0059
2,9955,0.0059
2,8472,0.0059
2,8485,0.0059
2,8724,0.0059
2,5126,0.0059
2,6640,0.0059
2,7184,0.0059
2,6602,0.0059
2,5870,0.0059
2,9979,0.0058
2,7367,0.0058
2,8586,0.0058
2,9204,0.0058
2,5269,0.0058
2,5351,0.0058
2,7083,0.0058
2,8858,0.0058
2,9531,0.0058
2,8518,0.0058
2,7152,0.0058
2,9925,0.0058
2,8890,0.0057
2,5740,0.0057
2,8691,0.0057
2,9356,0.0057
2,9837,0.0057
2,5402,0.0057
2,7066,0.0057
2,7334,0.0057
2,7408,0.0057
2,7435,0.0057
2,8298,0.0057
2,8796,0.0057
2,8991,0.0057
2,8732,0.0057
2,5879,0.0057
2,8842,0.0057
2,9697,0.0057
2,8918,0.0057
2,9880,0.0057
2,6444,0.0057
2,8881,0.0056
2,8961,0.0056
2,5761,0.0056
2,6259,0.0056
2,5176,0.0056
2,7779,0.0056
2,8756,0.0056
2,5918,0.0056
2,6282,0.0056
2,8122,0.0056
2,6753,0.0056
2,6667,0.0055
2,5604,0.0055
2,7851,0.0055
2,8794,0.0055
2,8414,0.0055
2,8148,0.0055
2,8956,0.0055
2,8496,0.0055
2,6209,0.0055
2,6621,0.0054
2,8912,0.0054
2,5428,0.0054
2,8966,0.0054
2,8449,0.0054
2,8838,0.0054
2,5862,0.0054
2,6098,0.0054
2,7364,0.0054
2,9067,0.0054
2,7556,0.0053
2,5463,0.0053
2,5613,0.0053
2,8590,0.0053
2,7402,0.0053
2,7107,0.0053
2,8245,0.0053
2,5472,0.0053
2,6197,0.0053
2,5941,0.0053
2,7159,0.0053
2,5179,0.0052
2,7687,0.0052
2,9246,0.0052
2,5359,0.0052
2,5289,0.0052
2,8675,0.0052
2,9972,0.0052
2,5166,0.0052
2,5432,0.0052
2,5527,0.0052
2,6564,0.0052
2,7579,0.0052
2,7696,0.0051
2,7310,0.0051
2,7517,0.0051
2,5469,0.0051
2,9239,0.0051
2,5326,0.0051
2,9090,0.0051
2,5245,0.0051
2,8604,0.0050
2,5381,0.0050
2,7729,0.0050
2,6381,0.0050
2,7773,0.0050
2,9322,0.0050
2,5936,0.0050
2,9323,0.0049
2,5016,0.0049
2,7981,0.0049
2,9403,0.0049
2,9587,0.0049
2,5717,0.0049
2,9812,0.0049
2,7353,0.0049
2,7081,0.0049
2,7850,0.0049
2,8562,0.0048
2,9968,0.0048
2,5953,0.0048
2,6699,0.0048
2,7513,0.0048
2,9985,0.0048
2,8301,0.0048
2,8305,0.0048
2,8960,0.0048
2,6171,0.0048
2,8441,0.0048
2,6961,0.0048
2,7492,0.0048
2,8410,0.0048
2,9729,0.0048
2,7062,0.0048
2,7668,0.0048
2,6180,0.0047
2,6959,0.0047
2,7502,0.0047
2,7886,0.0047
2,5969,0.0047
2,8134,0.0047
2,6705,0.0047
2,6971,0.0047
2,7223,0.0047
2,7844,0.0047
2,5106,0.0047
2,9229,0.0047
2,8684,0.0047
2,6589,0.0047
2,9180,0.0046
2,8767,0.0046
2,7157,0.0046
2,9004,0.0046
2,9539,0.0046
2,5112,0.0046
2,5153,0.0046
2,5242,0.0046
2,5990,0.0046
2,7794,0.0045
2,6215,0.0045
2,6249,0.0045
2,8376,0.0045
2,7787,0.0045
2,9421,0.0045
2,7162,0.0045
2,7931,0.0045
2,8007,0.0045
2,8857,0.0045
2,9616,0.0045
2,9598,0.0045
2,9805,0.0045
2,6985,0.0044
2,8823,0.0044
2,9761,0.0044
2,8799,0.0044
2,9739,0.0044
2,8219,0.0044
2,5047,0.0044
2,5799,0.0044
2,6915,0.0044
2,7085,0.0044
2,9188,0.0044
2,8427,0.0044
2,9823,0.0044
2,5111,0.0044
2,5332,0.0044
2,5288,0.0044
2,5532,0.0043
2,7920,0.0043
2,9044,0.0043
2,5241,0.0043
2,5066,0.0043
2,7495,0.0043
2,7093,0.0043
2,6089,0.0043
2,6836,0.0043
2,9945,0.0043
2,8740,0.0043
2,5449,0.0043
2,9125,0.0043
2,7606,0.0043
2,9710,0.0042
2,7170,0.0042
2,5379,0.0042
2,6238,0.0042
2,7395,0.0042
2,7428,0.0042
2,8532,0.0042
2,8974,0.0042
2,5996,0.0042
2,8439,0.0041
2,7455,0.0041
2,5563,0.0041
2,6805,0.0041
2,7454,0.0041
2,8327,0.0041
2,9541,0.0041
2,5279,0.0041
2,5959,0.0041
2,9320,0.0041
2,5020,0.0041
2,5688,0.0041
2,6100,0.0041
2,8079,0.0041
2,8806,0.0041
2,8438,0.0041
2,5970,0.0041
2,7459,0.0041
2,5890,0.0041
2,6953,0.0041
2,6863,0.0040
2,5538,0.0040
2,6823,0.0040
2,5629,0.0040
2,5646,0.0040
2,5470,0.0040
2,9582,0.0040
2,8035,0.0040
2,8826,0.0039
2,9241,0.0039
2,9310,0.0039
2,8205,0.0039
2,8869,0.0039
2,9461,0.0039
2,6273,0.0039
2,6011,0.0039
2,8262,0.0039
2,9318,0.0039
2,7871,0.0039
2,5297,0.0038
2,8170,0.0038
2,5737,0.0038
2,8431,0.0038
2,9679,0.0038
2,8445,0.0038
2,8355,0.0038
2,7151,0.0038
2,7032,0.0037
2,8211,0.0037
2,8654,0.0037
2,9124,0.0037
2,9892,0.0037
2,5100,0.0037
2,7791,0.0037
2,7595,0.0037
2,6077,0.0037
2,9059,0.0037
2,8440,0.0036
2,5019,0.0036
2,6841,0.0036
2,9537,0.0036
2,9038,0.0036
2,8360,0.0036
2,8552,0.0035
2,7460,0.0035
2,7514,0.0035
2,8893,0.0035
2,9615,0.0035
2,5600,0.0035
2,8818,0.0035
2,6566,0.0035
2,9638,0.0035
2,8317,0.0035
2,7733,0.0034
2,8808,0.0034
2,9742,0.0034
2,5454,0.0034
2,7471,0.0034
2,9643,0.0034
2,6437,0.0033
2,7175,0.0033
2,8293,0.0033
2,6157,0.0033
2,5292,0.0033
2,5954,0.0033
2,6894,0.0033
2,8254,0.0032
2,9633,0.0032
2,6776,0.0032
2,6891,0.0032
2,9446,0.0032
2,9454,0.0032
2,9860,0.0032
2,9655,0.0032
2,7306,0.0032
2,8825,0.0032
2,8098,0.0032
2,9518,0.0032
2,7511,0.0032
2,7527,0.0031
2,5008,0.0031
2,9844,0.0031
2,8186,0.0031
2,8788,0.0031
2,8528,0.0031
2,5812,0.0031
2,7583,0.0031
2,7688,0.0031
2,6144,0.0031
2,9583,0.0031
2,6904,0.0030
2,5085,0.0030
2,5805,0.0030
2,6749,0.0030
2,9181,0.0030
2,7789,0.0030
2,9686,0.0030
2,5642,0.0030
2,7961,0.0030
2,5240,0.0029
2,8508,0.0029
2,9437,0.0029
2,6896,0.0029
2,9527,0.0029
2,9511,0.0029
2,7846,0.0029
2,8160,0.0029
2,9503,0.0029
2,8447,0.0029
2,8021,0.0029
2,5238,0.0028
2,5491,0.0028
2,5101,0.0028
2,9536,0.0028
2,6600,0.0028
2,7488,0.0028
2,6300,0.0028
2,7725,0.0027
2,8810,0.0027
2,9056,0.0027
2,5099,0.0027
2,8443,0.0027
2,9854,0.0027
2,5982,0.0026
2,6647,0.0026
2,5461,0.0026
2,6916,0.0026
2,7708,0.0026
2,5210,0.0025
2,6236,0.0025
2,6850,0.0025
2,6839,0.0025
2,8437,0.0025
2,5547,0.0025
2,6451,0.0025
2,5350,0.0025
2,9438,0.0025
2,5985,0.0025
2,10031,0.0024
2,8618,0.0024
2,7715,0.0024
2,8020,0.0024
2,8737,0.0024
2,6246,0.0024
2,8962,0.0024
2,5474,0.0024
2,9501,0.0024
2,5360,0.0024
2,6456,0.0024
2,5295,0.0024
2,8404,0.0024
2,6476,0.0024
2,9781,0.0023
2,7788,0.0023
2,8326,0.0023
2,5625,0.0023
2,8336,0.0023
2,8819,0.0023
2,9675,0.0023
2,8925,0.0022
2,7699,0.0022
2,6870,0.0022
2,9550,0.0022
2,7289,0.0022
2,6182,0.0022
2,6872,0.0022
2,8566,0.0022
2,5530,0.0022
2,5779,0.0022
2,9076,0.0022
2,5329,0.0021
2,5875,0.0021
2,8758,0.0021
2,5607,0.0021
2,7928,0.0020
2,7673,0.0020
2,5116,0.0020
2,6485,0.0020
2,8325,0.0020
2,6368,0.0020
2,9116,0.0020
2,9973,0.0020
2,5338,0.0020
2,6108,0.0020
2,10036,0.0020
2,8774,0.0019
2,8922,0.0019
2,8793,0.0019
2,8964,0.0019
2,6438,0.0019
2,7849,0.0019
2,5243,0.0019
2,8316,0.0019
2,8304,0.0019
2,8914,0.0019
2,9687,0.0018
2,6926,0.0018
2,8302,0.0018
2,5780,0.0018
2,5760,0.0018
2,6605,0.0018
2,8824,0.0018
2,6907,0.0018
2,7219,0.0018
2,7231,0.0018
2,5811,0.0017
2,8241,0.0017
2,6914,0.0017
2,5893,0.0017
2,5465,0.0017
2,7222,0.0017
2,9191,0.0016
2,6049,0.0016
2,7414,0.0016
2,5883,0.0016
2,5713,0.0016
2,7679,0.0016
2,7865,0.0016
2,6599,0.0016
2,5036,0.0016
2,6911,0.0015
2,5268,0.0015
2,6912,0.0015
2,8416,0.0015
2,5119,0.0014
2,5943,0.0014
2,7229,0.0014
2,8374,0.0011
2,8911,0.0011
2,6245,0.0011
2,6165,0.0010
2,8790,0.0009
2,7580,0.0006
2,7694,0.0005
3,7643,0.1267
3,6673,0.1168
3,9336,0.1107
3,6787,0.1091
3,5846,0.0951
3,9464,0.0886
3,6531,0.0860
3,8149,0.0844
3,7315,0.0842
3,6334,0.0808
3,5847,0.0803
3,5161,0.0783
3,7827,0.0773
3,9354,0.0714
3,7435,0.0714
3,8918,0.0680
3,8708,0.0676
3,7203,0.0669
3,9207,0.0657
3,7210,0.0642
3,9349,0.0642
3,8257,0.0624
3,9710,0.0616
3,8110,0.0612
3,8141,0.0612
3,7186,0.0611
3,7897,0.0605
3,8562,0.0602
3,9838,0.0599
3,8457,0.0584
3,8661,0.0584
3,9606,0.0584
3,7754,0.0584
3,6675,0.0574
3,7431,0.0571
3,8180,0.0565
3,9265,0.0558
3,9559,0.0558
3,6009,0.0558
3,7006,0.0558
3,8639,0.0558
3,5336,0.0554
3,9984,0.0553
3,8619,0.0550
3,9402,0.0544
3,9888,0.0541
3,8244,0.0535
3,9098,0.0535
3,9750,0.0535
3,9941,0.0535
3,5514,0.0535
3,6105,0.0535
3,6492,0.0535
3,7348,0.0535
3,7941,0.0535
3,8414,0.0532
3,5972,0.0531
3,8919,0.0530
3,6289,0.0530
3,6873,0.0521
3,6764,0.0514
3,7116,0.0514
3,7626,0.0514
3,8137,0.0513
3,5249,0.0505
3,8839,0.0496
3,5124,0.0494
3,5888,0.0494
3,6092,0.0494
3,6723,0.0488
3,9829,0.0486
3,9834,0.0486
3,8519,0.0483
3,6261,0.0476
3,8356,0.0476
3,6865,0.0476
3,7479,0.0467
3,5746,0.0464
3,5865,0.0463
3,9563,0.0461
3,8749,0.0459
3,6921,0.0459
3,8174,0.0459
3,6054,0.0454
3,5948,0.0448
3,8255,0.0447
3,9000,0.0443
3,7299,0.0443
3,5783,0.0442
3,9863,0.0434
3,9908,0.0434
3,5883,0.0429
3,6389,0.0428
3,6575,0.0428
3,9560,0.0425
3,9444,0.0423
3,5612,0.0422
3,5214,0.0414
3,5251,0.0414
3,5850,0.0414
3,5118,0.0413
3,8039,0.0410
3,10019,0.0407
3,5964,0.0401
3,6190,0.0401
3,8318,0.0400
3,9523,0.0399
3,9742,0.0398
3,6396,0.0397
3,6160,0.0396
3,5857,0.0394
3,7646,0.0393
3,7046,0.0392
3,9792,0.0389
3,7821,0.0387
3,8844,0.0387
3,8401,0.0385
3,5772,0.0383
3,6627,0.0383
3,7077,0.0382
3,8191,0.0382
3,8345,0.0378
3,6220,0.0378
3,7113,0.0378
3,10017,0.0376
3,8138,0.0375
3,9700,0.0374
3,6645,0.0374
3,9334,0.0373
3,8867,0.0372
3,5958,0.0367
3,6400,0.0367
3,6349,0.0364
3,5269,0.0361
3,7322,0.0359
3,8210,0.0357
3,8295,0.0357
3,9827,0.0357
3,6836,0.0355
3,6755,0.0354
3,6800,0.0354
3,5934,0.0350
3,8636,0.0347
3,9746,0.0345
3,5089,0.0344
3,6055,0.0343
3,7926,0.0341
3,7414,0.0340
3,7620,0.0340
3,9215,0.0338
3,10006,0.0338
3,6733,0.0335
3,5799,0.0333
3,5882,0.0328
3,6074,0.0327
3,8892,0.0327
3,5662,0.0327
3,6874,0.0325
3,6209,0.0325
3,9739,0.0325
3,7320,0.0324
3,5647,0.0324
3,6804,0.0321
3,5212,0.0317
3,8132,0.0317
3,7800,0.0316
3,5025,0.0313
3,6252,0.0313
3,7501,0.0312
3,5983,0.0310
3,5186,0.0309
3,5260,0.0306
3,9743,0.0303
3,8427,0.0302
3,8831,0.0301
3,8389,0.0299
3,9210,0.0299
3,5334,0.0297
3,7453,0.0297
3,8827,0.0294
3,7347,0.0290
3,6288,0.0290
3,9246,0.0289
3,9787,0.0285
3,8927,0.0284
3,9278,0.0283
3,7709,0.0280
3,7335,0.0279
3,7162,0.0279
3,7670,0.0279
3,5771,0.0278
3,8988,0.0277
3,8436,0.0277
3,6231,0.0277
3,9205,0.0277
3,7035,0.0276
3,5044,0.0275
3,6530,0.0275
3,6405,0.0275
3,5412,0.0273
3,8294,0.0272
3,9203,0.0271
3,9474,0.0271
3,6273,0.0270
3,6309,0.0269
3,9126,0.0268
3,9286,0.0268
3,9477,0.0268
3,5895,0.0268
3,6392,0.0268
3,9870,0.0267
3,6549,0.0267
3,7564,0.0267
3,9686,0.0266
3,8038,0.0263
3,8688,0.0262
3,9110,0.0262
3,7518,0.0262
3,5105,0.0261
3,9876,0.0261
3,6997,0.0261
3,9756,0.0261
3,9366,0.0259
3,5156,0.0259
3,7975,0.0258
3,8947,0.0258
3,8397,0.0257
3,8699,0.0257
3,9785,0.0257
3,10000,0.0257
3,6523,0.0257
3,6790,0.0257
3,7300,0.0257
3,7316,0.0255
3,6253,0.0254
3,7814,0.0254
3,5908,0.0252
3,5986,0.0252
3,6936,0.0252
3,6036,0.0250
3,8847,0.0248
3,8278,0.0247
3,9707,0.0247
3,5050,0.0247
3,5576,0.0247
3,9744,0.0246
3,6336,0.0245
3,6210,0.0243
3,9579,0.0243
3,6187,0.0242
3,6286,0.0242
3,8044,0.0242
3,8308,0.0242
3,5093,0.0241
3,9957,0.0239
3,9356,0.0238
3,5117,0.0238
3,5548,0.0238
3,8433,0.0237
3,8384,0.0236
3,5879,0.0236
3,5082,0.0236
3,6418,0.0234
3,5289,0.0233
3,6849,0.0233
3,5101,0.0231
3,6995,0.0231
3,8625,0.0231
3,5738,0.0231
3,5162,0.0229
3,7356,0.0228
3,8620,0.0227
3,5268,0.0227
3,7725,0.0227
3,7900,0.0226
3,9600,0.0225
3,6018,0.0225
3,7647,0.0225
3,8438,0.0224
3,8630,0.0223
3,8742,0.0221
3,5356,0.0221
3,6237,0.0221
3,6510,0.0221
3,6765,0.0221
3,7198,0.0221
3,7374,0.0221
3,6881,0.0220
3,7573,0.0220
3,5278,0.0218
3,5734,0.0218
3,6130,0.0218
3,6355,0.0218
3,8169,0.0218
3,7150,0.0217
3,8312,0.0216
3,7073,0.0216
3,7029,0.0214
3,9131,0.0214
3,6192,0.0214
3,7517,0.0213
3,5302,0.0213
3,9140,0.0212
3,6837,0.0212
3,10005,0.0211
3,7968,0.0211
3,8222,0.0209
3,7965,0.0208
3,8300,0.0208
3,5650,0.0207
3,5788,0.0207
3,7985,0.0207
3,6051,0.0206
3,7275,0.0206
3,9892,0.0206
3,5880,0.0203
3,9532,0.0203
3,8315,0.0203
3,7852,0.0203
3,5317,0.0202
3,7331,0.0201
3,7902,0.0200
3,5104,0.0199
3,9496,0.0198
3,5679,0.0198
3,5892,0.0198
3,7156,0.0198
3,7172,0.0198
3,9718,0.0197
3,6450,0.0197
3,5102,0.0197
3,9099,0.0196
3,9874,0.0196
3,9954,0.0196
3,7512,0.0196
3,8220,0.0195
3,8973,0.0195
3,7844,0.0195
3,6823,0.0194
3,8306,0.0193
3,8820,0.0193
3,8666,0.0192
3,8487,0.0192
3,6060,0.0192
3,8042,0.0192
3,8119,0.0192
3,8416,0.0191
3,8343,0.0191
3,9680,0.0190
3,10018,0.0190
3,8591,0.0190
3,9208,0.0189
3,5782,0.0189
3,5854,0.0189
3,8605,0.0189
3,5146,0.0188
3,9139,0.0188
3,7229,0.0187
3,6287,0.0187
3,7471,0.0187
3,8716,0.0186
3,9983,0.0186
3,5929,0.0186
3,6573,0.0186
3,7108,0.0186
3,8047,0.0186
3,8511,0.0185
3,5652,0.0184
3,8750,0.0183
3,9352,0.0183
3,7222,0.0183
3,7503,0.0182
3,6145,0.0182
3,7407,0.0182
3,7574,0.0182
3,9800,0.0181
3,9852,0.0181
3,5332,0.0181
3,6082,0.0181
3,7491,0.0181
3,8093,0.0181
3,9128,0.0180
3,7324,0.0180
3,7579,0.0178
3,7959,0.0178
3,8298,0.0178
3,8794,0.0178
3,6213,0.0177
3,7084,0.0177
3,7939,0.0177
3,9913,0.0176
3,5887,0.0176
3,6108,0.0176
3,9917,0.0176
3,5641,0.0176
3,5878,0.0176
3,6482,0.0176
3,8089,0.0176
3,5374,0.0176
3,8136,0.0175
3,8537,0.0174
3,8209,0.0174
3,5068,0.0174
3,6694,0.0174
3,8824,0.0173
3,8532,0.0173
3,7055,0.0173
3,6111,0.0172
3,7075,0.0172
3,9551,0.0172
3,9322,0.0172
3,6175,0.0171
3,6489,0.0171
3,7538,0.0171
3,7487,0.0171
3,5778,0.0170
3,9267,0.0170
3,5863,0.0170
3,7177,0.0170
3,7221,0.0170
3,6714,0.0169
3,6838,0.0169
3,8598,0.0169
3,8901,0.0169
3,9740,0.0169
3,7459,0.0169
3,6864,0.0169
3,6292,0.0169
3,8957,0.0168
3,9287,0.0168
3,6821,0.0168
3,8668,0.0167
3,5201,0.0167
3,5781,0.0167
3,7131,0.0167
3,8305,0.0166
3,7389,0.0166
3,5653,0.0165
3,9089,0.0165
3,9543,0.0165
3,6701,0.0165
3,8270,0.0164
3,7584,0.0164
3,8379,0.0164
3,8497,0.0164
3,9346,0.0163
3,5345,0.0163
3,5319,0.0162
3,8139,0.0162
3,9524,0.0161
3,9213,0.0161
3,5747,0.0161
3,7412,0.0161
3,8303,0.0160
3,7728,0.0160
3,6030,0.0160
3,6128,0.0160
3,6952,0.0160
3,8859,0.0159
3,8170,0.0159
3,9150,0.0159
3,9958,0.0159
3,6596,0.0159
3,7334,0.0159
3,7772,0.0159
3,8800,0.0158
3,5112,0.0157
3,8848,0.0157
3,5777,0.0157
3,6384,0.0157
3,9596,0.0157
3,6716,0.0157
3,7349,0.0156
3,6839,0.0155
3,10034,0.0154
3,9435,0.0154
3,7791,0.0154
3,5393,0.0153
3,7286,0.0153
3,5223,0.0152
3,9774,0.0152
3,9341,0.0151
3,8496,0.0151
3,6294,0.0151
3,6829,0.0151
3,7277,0.0151
3,5498,0.0151
3,5111,0.0151
3,9973,0.0150
3,7214,0.0150
3,5099,0.0150
3,8197,0.0149
3,7820,0.0149
3,6684,0.0148
3,7484,0.0148
3,7495,0.0148
3,7225,0.0148
3,8805,0.0148
3,6732,0.0148
3,5613,0.0147
3,6031,0.0146
3,7378,0.0146
3,7460,0.0146
3,7107,0.0146
3,5169,0.0145
3,9677,0.0145
3,5707,0.0144
3,6317,0.0144
3,7888,0.0144
3,6385,0.0144
3,9745,0.0144
3,5591,0.0144
3,5005,0.0143
3,5706,0.0143
3,5798,0.0143
3,6785,0.0143
3,6947,0.0143
3,7193,0.0143
3,6166,0.0143
3,6382,0.0142
3,6955,0.0141
3,6742,0.0141
3,5611,0.0141
3,5952,0.0141
3,6543,0.0141
3,6935,0.0141
3,7130,0.0141
3,8291,0.0140
3,8129,0.0140
3,5947,0.0139
3,5110,0.0139
3,9643,0.0139
3,6012,0.0139
3,9893,0.0139
3,7592,0.0139
3,5116,0.0139
3,5877,0.0139
3,9967,0.0138
3,5258,0.0138
3,7750,0.0138
3,9944,0.0138
3,6165,0.0138
3,5913,0.0137
3,6568,0.0137
3,5508,0.0137
3,6638,0.0137
3,8437,0.0137
3,8854,0.0137
3,5016,0.0137
3,6666,0.0137
3,7287,0.0137
3,7586,0.0137
3,8798,0.0136
3,8452,0.0136
3,5074,0.0136
3,6562,0.0136
3,7618,0.0136
3,9153,0.0136
3,7154,0.0136
3,8726,0.0135
3,9749,0.0135
3,5521,0.0135
3,8095,0.0135
3,7591,0.0135
3,9830,0.0134
3,8521,0.0134
3,9221,0.0134
3,9419,0.0134
3,5586,0.0134
3,8135,0.0134
3,8065,0.0133
3,9436,0.0133
3,8262,0.0133
3,5275,0.0133
3,5671,0.0133
3,7319,0.0133
3,8510,0.0133
3,8370,0.0132
3,6961,0.0132
3,7015,0.0132
3,5370,0.0132
3,5565,0.0132
3,5810,0.0132
3,5858,0.0132
3,9434,0.0131
3,5158,0.0131
3,7886,0.0131
3,7398,0.0130
3,8134,0.0130
3,5330,0.0130
3,8404,0.0130
3,8304,0.0130
3,9382,0.0130
3,5403,0.0130
3,8871,0.0129
3,8211,0.0129
3,9262,0.0129
3,8734,0.0128
3,7536,0.0128
3,5571,0.0128
3,8538,0.0127
3,9247,0.0127
3,6857,0.0127
3,9480,0.0126
3,9296,0.0126
3,9802,0.0126
3,6116,0.0126
3,6940,0.0126
3,9687,0.0126
3,8819,0.0126
3,7552,0.0126
3,5554,0.0125
3,7822,0.0125
3,8959,0.0125
3,8611,0.0125
3,8930,0.0125
3,9386,0.0125
3,9898,0.0125
3,5061,0.0125
3,5230,0.0125
3,5805,0.0125
3,7180,0.0125
3,7943,0.0125
3,7483,0.0124
3,5489,0.0124
3,8910,0.0124
3,6219,0.0124
3,8264,0.0124
3,5851,0.0124
3,8823,0.0122
3,5211,0.0122
3,9209,0.0122
3,7462,0.0122
3,8817,0.0121
3,9601,0.0121
3,5084,0.0121
3,6915,0.0121
3,7379,0.0121
3,7497,0.0121
3,6182,0.0121
3,5108,0.0121
3,5351,0.0120
3,6452,0.0120
3,7920,0.0120
3,9918,0.0120
3,9481,0.0119
3,9144,0.0119
3,6491,0.0119
3,6668,0.0119
3,8516,0.0118
3,9969,0.0118
3,9697,0.0118
3,5349,0.0118
3,5825,0.0118
3,6129,0.0118
3,6193,0.0118
3,7528,0.0117
3,8453,0.0117
3,9367,0.0117
3,8481,0.0117
3,8923,0.0117
3,9725,0.0117
3,5172,0.0117
3,7891,0.0117
3,7929,0.0117
3,6299,0.0116
3,8676,0.0116
3,7220,0.0116
3,7540,0.0116
3,7557,0.0116
3,7762,0.0116
3,8118,0.0116
3,6283,0.0115
3,8784,0.0115
3,8320,0.0115
3,5076,0.0115
3,9975,0.0115
3,5175,0.0114
3,8530,0.0114
3,8560,0.0114
3,9283,0.0114
3,5204,0.0114
3,5700,0.0114
3,8327,0.0114
3,8911,0.0114
3,5292,0.0113
3,10030,0.0113
3,8177,0.0113
3,5103,0.0113
3,7553,0.0113
3,5957,0.0113
3,6495,0.0113
3,6932,0.0112
3,8208,0.0112
3,8899,0.0112
3,9017,0.0112
3,6363,0.0112
3,6984,0.0112
3,8050,0.0112
3,8203,0.0111
3,9311,0.0111
3,6331,0.0111
3,7182,0.0111
3,6217,0.0110
3,7842,0.0110
3,9235,0.0110
3,5802,0.0110
3,7746,0.0109
3,8970,0.0109
3,9310,0.0109
3,9618,0.0109
3,9877,0.0109
3,5599,0.0109
3,7813,0.0109
3,8027,0.0109
3,8128,0.0109
3,5505,0.0109
3,9953,0.0108
3,5921,0.0108
3,6599,0.0107
3,6870,0.0107
3,7583,0.0107
3,6861,0.0106
3,7507,0.0106
3,8845,0.0106
3,6311,0.0106
3,7689,0.0106
3,8589,0.0105
3,6731,0.0105
3,8513,0.0104
3,9025,0.0104
3,6123,0.0104
3,8821,0.0104
3,7009,0.0103
3,8727,0.0103
3,8754,0.0103
3,9398,0.0103
3,7187,0.0103
3,5775,0.0103
3,7096,0.0102
3,5348,0.0102
3,8101,0.0102
3,9114,0.0101
3,9161,0.0101
3,5006,0.0101
3,7017,0.0101
3,7171,0.0101
3,7467,0.0100
3,8302,0.0100
3,8512,0.0100
3,9034,0.0099
3,9214,0.0099
3,6702,0.0099
3,7231,0.0099
3,6672,0.0098
3,5715,0.0098
3,5512,0.0098
3,6919,0.0098
3,6126,0.0097
3,6148,0.0097
3,7402,0.0097
3,6913,0.0097
3,8935,0.0097
3,9443,0.0097
3,9547,0.0097
3,5205,0.0097
3,5732,0.0097
3,8818,0.0096
3,7011,0.0096
3,8326,0.0096
3,9498,0.0096
3,6110,0.0096
3,7368,0.0096
3,8760,0.0095
3,5281,0.0095
3,5735,0.0095
3,5030,0.0095
3,8955,0.0095
3,8115,0.0095
3,5096,0.0095
3,9192,0.0094
3,9371,0.0094
3,5770,0.0094
3,5906,0.0094
3,6634,0.0094
3,6937,0.0094
3,9328,0.0094
3,6721,0.0094
3,8173,0.0094
3,7872,0.0094
3,6378,0.0093
3,9611,0.0093
3,5034,0.0093
3,8793,0.0093
3,9773,0.0092
3,5614,0.0092
3,6571,0.0092
3,5687,0.0092
3,6379,0.0092
3,8344,0.0092
3,7614,0.0092
3,8790,0.0091
3,8475,0.0090
3,5808,0.0090
3,8120,0.0090
3,5881,0.0090
3,7051,0.0090
3,8254,0.0090
3,8697,0.0090
3,5602,0.0090
3,5659,0.0090
3,6696,0.0090
3,7452,0.0090
3,8543,0.0089
3,6104,0.0089
3,7174,0.0089
3,8301,0.0089
3,6216,0.0089
3,5515,0.0089
3,8207,0.0089
3,5834,0.0089
3,6503,0.0089
3,6665,0.0089
3,7603,0.0089
3,8238,0.0088
3,8281,0.0088
3,8729,0.0088
3,9212,0.0088
3,5904,0.0088
3,6797,0.0088
3,6851,0.0088
3,6884,0.0088
3,5564,0.0088
3,5637,0.0088
3,7170,0.0088
3,8474,0.0087
3,9782,0.0087
3,5855,0.0087
3,6330,0.0087
3,7106,0.0087
3,5946,0.0087
3,5378,0.0087
3,9753,0.0087
3,5433,0.0087
3,7146,0.0087
3,5875,0.0087
3,9891,0.0087
3,5546,0.0086
3,5009,0.0086
3,5698,0.0086
3,8788,0.0086
3,5000,0.0086
3,6911,0.0086
3,7966,0.0086
3,7759,0.0085
3,8346,0.0085
3,8221,0.0085
3,8406,0.0085
3,9284,0.0085
3,5145,0.0085
3,5833,0.0085
3,6119,0.0085
3,7856,0.0085
3,7952,0.0085
3,7925,0.0085
3,8971,0.0085
3,9583,0.0085
3,9771,0.0085
3,6949,0.0085
3,7088,0.0085
3,6320,0.0084
3,8700,0.0084
3,6262,0.0083
3,6869,0.0083
3,7451,0.0083
3,8024,0.0083
3,8092,0.0083
3,9019,0.0083
3,9181,0.0083
3,5014,0.0083
3,8488,0.0082
3,6139,0.0082
3,7049,0.0082
3,5360,0.0082
3,5219,0.0082
3,6720,0.0082
3,7365,0.0082
3,8338,0.0082
3,9445,0.0082
3,5245,0.0082
3,9544,0.0081
3,8786,0.0081
3,8739,0.0081
3,8849,0.0081
3,9340,0.0081
3,9979,0.0081
3,5495,0.0081
3,5534,0.0081
3,5809,0.0081
3,7367,0.0081
3,7500,0.0081
3,9188,0.0080
3,9457,0.0079
3,5402,0.0079
3,6678,0.0079
3,7408,0.0079
3,8021,0.0079
3,8545,0.0079
3,5993,0.0079
3,9475,0.0079
3,8841,0.0078
3,9813,0.0078
3,6590,0.0078
3,7069,0.0078
3,5572,0.0078
3,6158,0.0078
3,9119,0.0077
3,9732,0.0077
3,5071,0.0077
3,5321,0.0077
3,6170,0.0077
3,7831,0.0077
3,9535,0.0077
3,5308,0.0077
3,5621,0.0077
3,6505,0.0077
3,6862,0.0077
3,6753,0.0077
3,8261,0.0076
3,7305,0.0076
3,7377,0.0076
3,6419,0.0076
3,7488,0.0076
3,8067,0.0076
3,9460,0.0076
3,5022,0.0076
3,6240,0.0076
3,8178,0.0076
3,9625,0.0076
3,5884,0.0076
3,8795,0.0076
3,8680,0.0076
3,9762,0.0076
3,9940,0.0076
3,5660,0.0076
3,8566,0.0075
3,8572,0.0075
3,8418,0.0075
3,8884,0.0075
3,7539,0.0075
3,7179,0.0075
3,7289,0.0075
3,5731,0.0075
3,9515,0.0075
3,6244,0.0075
3,9076,0.0075
3,8641,0.0075
3,5780,0.0075
3,8838,0.0074
3,5704,0.0074
3,6775,0.0074
3,7784,0.0074
3,8114,0.0074
3,5121,0.0074
3,5072,0.0074
3,8785,0.0074
3,10025,0.0073
3,10028,0.0073
3,5064,0.0073
3,5300,0.0073
3,6424,0.0073
3,8972,0.0073
3,8590,0.0073
3,5726,0.0073
3,7142,0.0073
3,7159,0.0073
3,8893,0.0072
3,5179,0.0072
3,5359,0.0072
3,6681,0.0072
3,9972,0.0072
3,5166,0.0072
3,7980,0.0072
3,6564,0.0072
3,7178,0.0072
3,8234,0.0071
3,8771,0.0071
3,9573,0.0071
3,6085,0.0071
3,7310,0.0071
3,7424,0.0071
3,5113,0.0071
3,5326,0.0071
3,5970,0.0070
3,5323,0.0070
3,5469,0.0070
3,6353,0.0070
3,6386,0.0070
3,7738,0.0070
3,6297,0.0070
3,7829,0.0070
3,8976,0.0070
3,9572,0.0070
3,9901,0.0069
3,5381,0.0069
3,5876,0.0069
3,9872,0.0069
3,7773,0.0069
3,8690,0.0068
3,9266,0.0068
3,5367,0.0068
3,5648,0.0068
3,5756,0.0068
3,5832,0.0068
3,6713,0.0068
3,9124,0.0068
3,7181,0.0068
3,9403,0.0068
3,5717,0.0068
3,5867,0.0068
3,7823,0.0068
3,9812,0.0068
3,6324,0.0068
3,9362,0.0067
3,9716,0.0067
3,5097,0.0067
3,7164,0.0067
3,5953,0.0067
3,7352,0.0067
3,8073,0.0067
3,8965,0.0067
3,7228,0.0067
3,8960,0.0067
3,6457,0.0067
3,9688,0.0066
3,5522,0.0066
3,9645,0.0066
3,8962,0.0066
3,8410,0.0066
3,8567,0.0066
3,9329,0.0066
3,6507,0.0066
3,7062,0.0066
3,7622,0.0066
3,9525,0.0066
3,8898,0.0066
3,9485,0.0066
3,6180,0.0066
3,10033,0.0065
3,6200,0.0065
3,7511,0.0065
3,9154,0.0065
3,9678,0.0065
3,5282,0.0065
3,5298,0.0065
3,5814,0.0065
3,9933,0.0065
3,8316,0.0065
3,9858,0.0065
3,6395,0.0065
3,6705,0.0065
3,7223,0.0065
3,7757,0.0065
3,5761,0.0065
3,6589,0.0065
3,7216,0.0065
3,6127,0.0064
3,6770,0.0064
3,5247,0.0064
3,5625,0.0064
3,6866,0.0064
3,6688,0.0064
3,7355,0.0064
3,5950,0.0063
3,7168,0.0063
3,9539,0.0063
3,5506,0.0063
3,8725,0.0063
3,5749,0.0063
3,6215,0.0063
3,9059,0.0063
3,8376,0.0062
3,9741,0.0062
3,6499,0.0062
3,9421,0.0062
3,9616,0.0062
3,8925,0.0062
3,5751,0.0062
3,6586,0.0062
3,7359,0.0062
3,8723,0.0061
3,7295,0.0061
3,8099,0.0061
3,9936,0.0061
3,6887,0.0061
3,8799,0.0061
3,5914,0.0061
3,8062,0.0061
3,8791,0.0061
3,8219,0.0061
3,5047,0.0061
3,7667,0.0061
3,6872,0.0060
3,7998,0.0060
3,8664,0.0060
3,5303,0.0060
3,8102,0.0060
3,5779,0.0060
3,7309,0.0060
3,8241,0.0060
3,6796,0.0060
3,8776,0.0059
3,9396,0.0059
3,5123,0.0059
3,6484,0.0059
3,6664,0.0059
3,7350,0.0059
3,9822,0.0059
3,7692,0.0059
3,7033,0.0059
3,5889,0.0059
3,6671,0.0059
3,5296,0.0059
3,9548,0.0059
3,8341,0.0058
3,8362,0.0058
3,9156,0.0058
3,9176,0.0058
3,7710,0.0058
3,9233,0.0058
3,6238,0.0058
3,5054,0.0058
3,7395,0.0058
3,7428,0.0058
3,8974,0.0058
3,9389,0.0058
3,7455,0.0057
3,6483,0.0057
3,5467,0.0057
3,9185,0.0057
3,9663,0.0057
3,6591,0.0057
3,5279,0.0057
3,6134,0.0057
3,9206,0.0057
3,9320,0.0057
3,5593,0.0057
3,8806,0.0056
3,9591,0.0056
3,5420,0.0056
3,8450,0.0056
3,5306,0.0056
3,5313,0.0056
3,8966,0.0056
3,8787,0.0056
3,8828,0.0056
3,5001,0.0056
3,9903,0.0056
3,6327,0.0055
3,9392,0.0055
3,5627,0.0055
3,7012,0.0055
3,9578,0.0055
3,9599,0.0055
3,6646,0.0055
3,5911,0.0055
3,7110,0.0055
3,5638,0.0055
3,8826,0.0054
3,9533,0.0054
3,5094,0.0054
3,5729,0.0054
3,8869,0.0054
3,9987,0.0054
3,7865,0.0054
3,7473,0.0054
3,9939,0.0054
3,8225,0.0054
3,9231,0.0054
3,5299,0.0053
3,7224,0.0053
3,9324,0.0053
3,9989,0.0053
3,5316,0.0053
3,5690,0.0053
3,7871,0.0053
3,8165,0.0053
3,5297,0.0053
3,8455,0.0053
3,8751,0.0053
3,5737,0.0053
3,8084,0.0053
3,6050,0.0053
3,6556,0.0052
3,5018,0.0052
3,7838,0.0052
3,8583,0.0052
3,9077,0.0052
3,9881,0.0052
3,6440,0.0052
3,8961,0.0052
3,6622,0.0052
3,7899,0.0052
3,8654,0.0052
3,9252,0.0052
3,5764,0.0051
3,8857,0.0051
3,6667,0.0051
3,9049,0.0051
3,5684,0.0051
3,6848,0.0051
3,7704,0.0050
3,5140,0.0050
3,6960,0.0050
3,9922,0.0050
3,5795,0.0050
3,8617,0.0050
3,7984,0.0050
3,8563,0.0050
3,7114,0.0050
3,5965,0.0050
3,7124,0.0050
3,7226,0.0050
3,8449,0.0049
3,7227,0.0049
3,6907,0.0049
3,7219,0.0049
3,8740,0.0049
3,8698,0.0049
3,9424,0.0049
3,7123,0.0049
3,5485,0.0049
3,9198,0.0049
3,6728,0.0049
3,7448,0.0049
3,9853,0.0049
3,9530,0.0048
3,7825,0.0048
3,8446,0.0048
3,6197,0.0048
3,10027,0.0048
3,6931,0.0048
3,7858,0.0048
3,9073,0.0047
3,6142,0.0047
3,6906,0.0047
3,7887,0.0047
3,8080,0.0047
3,5465,0.0047
3,6802,0.0047
3,5830,0.0047
3,9390,0.0046
3,9487,0.0046
3,9950,0.0046
3,6557,0.0046
3,7857,0.0046
3,9133,0.0046
3,6214,0.0046
3,8271,0.0046
3,8378,0.0046
3,9738,0.0046
3,5559,0.0046
3,6905,0.0046
3,8124,0.0046
3,8596,0.0046
3,7532,0.0046
3,9391,0.0045
3,9694,0.0045
3,7610,0.0045
3,6776,0.0045
3,7954,0.0045
3,5793,0.0045
3,6410,0.0045
3,6909,0.0045
3,5561,0.0045
3,9454,0.0045
3,8573,0.0044
3,8825,0.0044
3,5595,0.0044
3,8082,0.0044
3,5713,0.0044
3,7297,0.0044
3,8098,0.0044
3,8922,0.0044
3,9518,0.0044
3,9871,0.0044
3,5239,0.0044
3,8340,0.0043
3,8681,0.0043
3,9661,0.0043
3,5294,0.0043
3,5812,0.0043
3,9484,0.0043
3,10039,0.0043
3,7674,0.0043
3,8307,0.0042
3,8322,0.0042
3,6285,0.0042
3,9833,0.0042
3,5497,0.0042
3,5562,0.0042
3,9028,0.0042
3,5774,0.0042
3,7516,0.0042
3,5995,0.0041
3,8638,0.0041
3,8743,0.0041
3,6383,0.0041
3,5769,0.0041
3,9780,0.0041
3,7961,0.0041
3,5870,0.0040
3,6045,0.0040
3,9531,0.0040
3,7756,0.0040
3,6248,0.0040
3,7609,0.0040
3,7053,0.0040
3,5238,0.0039
3,8606,0.0039
3,8434,0.0039
3,6780,0.0039
3,9748,0.0039
3,9082,0.0039
3,7780,0.0039
3,9662,0.0038
3,9536,0.0038
3,5157,0.0038
3,8116,0.0038
3,5375,0.0038
3,7014,0.0038
3,7419,0.0038
3,8076,0.0037
3,9529,0.0037
3,7847,0.0037
3,8259,0.0037
3,6621,0.0037
3,8195,0.0037
3,9067,0.0037
3,5280,0.0037
3,5982,0.0036
3,5941,0.0036
3,6917,0.0036
3,5620,0.0036
3,5696,0.0036
3,9186,0.0036
3,9347,0.0035
3,5813,0.0035
3,7415,0.0035
3,9090,0.0035
3,5262,0.0035
3,8310,0.0035
3,8627,0.0035
3,9261,0.0035
3,7273,0.0035
3,6485,0.0034
3,9943,0.0034
3,8179,0.0034
3,5592,0.0034
3,9438,0.0034
3,10031,0.0034
3,5376,0.0034
3,5902,0.0034
3,5766,0.0034
3,6910,0.0034
3,6496,0.0034
3,10029,0.0033
3,8789,0.0033
3,5315,0.0033
3,6498,0.0033
3,9985,0.0033
3,6856,0.0033
3,7666,0.0033
3,5474,0.0033
3,9501,0.0033
3,6918,0.0033
3,8314,0.0033
3,7919,0.0032
3,8649,0.0032
3,9557,0.0032
3,9264,0.0032
3,6659,0.0032
3,7758,0.0032
3,8336,0.0032
3,8609,0.0032
3,8662,0.0032
3,5307,0.0031
3,6494,0.0031
3,5765,0.0031
3,9263,0.0031
3,8578,0.0031
3,6927,0.0031
3,7699,0.0031
3,6103,0.0031
3,5033,0.0031
3,7115,0.0031
3,8133,0.0031
3,9545,0.0030
3,8822,0.0030
3,9550,0.0030
3,9179,0.0030
3,7050,0.0030
3,8299,0.0030
3,5639,0.0030
3,5293,0.0029
3,7093,0.0029
3,8448,0.0029
3,9101,0.0029
3,5329,0.0029
3,6574,0.0029
3,9831,0.0029
3,5114,0.0029
3,9092,0.0029
3,9312,0.0029
3,6291,0.0029
3,7232,0.0029
3,9541,0.0028
3,5377,0.0028
3,7206,0.0028
3,7117,0.0028
3,9052,0.0028
3,8585,0.0028
3,6263,0.0028
3,7086,0.0028
3,5538,0.0028
3,7747,0.0028
3,8604,0.0028
3,6863,0.0028
3,5629,0.0028
3,5646,0.0028
3,7450,0.0028
3,8797,0.0028
3,6368,0.0028
3,9116,0.0027
3,9091,0.0027
3,8874,0.0027
3,5776,0.0027
3,9344,0.0027
3,9542,0.0027
3,8774,0.0027
3,5558,0.0027
3,7121,0.0027
3,7869,0.0027
3,6212,0.0026
3,5115,0.0026
3,5304,0.0026
3,9339,0.0026
3,10020,0.0026
3,8063,0.0026
3,8883,0.0026
3,8613,0.0026
3,5100,0.0026
3,6325,0.0026
3,8313,0.0026
3,5727,0.0025
3,7851,0.0025
3,7683,0.0025
3,8912,0.0025
3,6902,0.0025
3,9537,0.0025
3,6605,0.0025
3,5107,0.0025
3,6469,0.0025
3,5144,0.0024
3,8377,0.0024
3,9685,0.0024
3,5396,0.0024
3,5811,0.0024
3,7054,0.0024
3,6925,0.0023
3,6381,0.0023
3,6437,0.0023
3,9549,0.0023
3,6171,0.0022
3,9081,0.0022
3,5036,0.0021
3,6834,0.0021
3,8554,0.0021
3,7787,0.0021
3,5291,0.0021
3,7063,0.0020
3,6473,0.0020
3,8057,0.0020
3,7684,0.0020
3,5449,0.0020
3,6738,0.0020
3,7873,0.0019
3,5119,0.0019
3,7686,0.0019
3,6916,0.0018
3,8058,0.0018
3,7719,0.0018
3,8445,0.0017
3,6602,0.0016
3,7788,0.0016
3,8939,0.0016
3,8374,0.0016
3,9945,0.0015
3,8245,0.0015
3,5338,0.0014
3,7713,0.0013
4,9611,0.1862
4,8108,0.1862
4,6277,0.1690
4,9486,0.1530
4,8087,0.1138
4,5554,0.1045
4,9012,0.0988
4,7323,0.0925
4,5503,0.0894
4,9489,0.0885
4,7743,0.0826
4,9369,0.0807
4,9006,0.0793
4,9759,0.0782
4,6109,0.0782
4,7119,0.0782
4,6492,0.0774
4,8184,0.0711
4,8461,0.0703
4,6932,0.0684
4,5499,0.0664
4,9455,0.0614
4,9556,0.0603
4,7786,0.0586
4,8470,0.0583
4,9081,0.0571
4,8342,0.0558
4,7362,0.0540
4,6400,0.0531
4,6333,0.0528
4,9764,0.0521
4,7652,0.0518
4,6924,0.0516
4,7089,0.0516
4,9865,0.0512
4,7967,0.0509
4,9604,0.0500
4,8083,0.0499
4,5052,0.0498
4,5512,0.0497
4,9949,0.0496
4,8339,0.0493
4,8874,0.0491
4,8229,0.0489
4,9408,0.0489
4,9106,0.0487
4,9951,0.0486
4,6970,0.0484
4,7423,0.0477
4,8554,0.0471
4,9103,0.0467
4,8731,0.0465
4,8574,0.0465
4,7013,0.0462
4,8455,0.0459
4,9092,0.0458
4,7375,0.0458
4,7427,0.0457
4,7741,0.0457
4,7763,0.0457
4,9462,0.0453
4,5025,0.0453
4,6777,0.0451
4,6302,0.0447
4,9623,0.0443
4,7523,0.0443
4,6295,0.0440
4,9339,0.0438
4,7277,0.0437
4,9393,0.0436
4,7467,0.0436
4,5891,0.0430
4,6782,0.0427
4,8457,0.0422
4,8661,0.0422
4,9937,0.0422
4,6673,0.0422
4,7754,0.0422
4,7954,0.0422
4,6838,0.0417
4,8151,0.0416
4,5337,0.0414
4,6474,0.0414
4,9877,0.0414
4,5333,0.0413
4,8672,0.0412
4,7360,0.0411
4,7937,0.0411
4,9088,0.0410
4,8613,0.0410
4,7738,0.0406
4,9265,0.0404
4,9559,0.0404
4,5649,0.0404
4,5417,0.0401
4,7198,0.0401
4,7942,0.0398
4,9566,0.0397
4,9946,0.0394
4,7946,0.0390
4,5602,0.0390
4,9397,0.0388
4,5328,0.0388
4,9098,0.0387
4,9286,0.0387
4,9750,0.0387
4,9941,0.0387
4,5514,0.0387
4,6105,0.0387
4,7348,0.0387
4,7352,0.0387
4,7941,0.0387
4,5566,0.0377
4,5644,0.0375
4,5856,0.0375
4,6906,0.0374
4,8571,0.0373
4,5010,0.0372
4,7116,0.0372
4,7948,0.0372
4,9271,0.0370
4,6495,0.0367
4,7760,0.0367
4,9664,0.0366
4,5140,0.0364
4,7984,0.0362
4,6469,0.0361
4,9834,0.0360
4,9008,0.0357
4,5124,0.0357
4,5888,0.0357
4,5762,0.0356
4,9091,0.0355
4,9201,0.0351
4,5655,0.0351
4,7500,0.0351
4,9811,0.0349
4,5397,0.0348
4,9388,0.0345
4,6536,0.0345
4,6304,0.0344
4,7534,0.0343
4,8319,0.0342
4,7824,0.0341
4,9517,0.0341
4,8879,0.0340
4,6496,0.0340
4,9565,0.0338
4,8307,0.0337
4,6560,0.0335
4,6923,0.0335
4,6257,0.0332
4,6337,0.0332
4,6921,0.0332
4,8174,0.0332
4,8792,0.0331
4,5854,0.0330
4,5653,0.0329
4,5558,0.0328
4,6668,0.0327
4,9443,0.0326
4,7125,0.0326
4,7114,0.0324
4,6563,0.0320
4,9912,0.0320
4,8172,0.0320
4,5003,0.0318
4,7317,0.0316
4,7639,0.0316
4,6682,0.0315
4,9442,0.0315
4,6873,0.0314
4,8495,0.0313
4,9660,0.0313
4,6681,0.0313
4,6882,0.0313
4,9149,0.0312
4,5546,0.0312
4,5327,0.0312
4,5997,0.0310
4,8010,0.0310
4,9573,0.0308
4,5817,0.0308
4,9868,0.0308
4,5863,0.0308
4,9295,0.0306
4,9728,0.0306
4,7689,0.0306
4,6943,0.0305
4,7226,0.0305
4,5011,0.0305
4,5002,0.0303
4,5497,0.0303
4,7350,0.0301
4,8670,0.0300
4,5500,0.0300
4,5650,0.0300
4,8347,0.0299
4,8873,0.0298
4,7837,0.0298
4,8433,0.0298
4,9943,0.0297
4,8854,0.0297
4,5898,0.0295
4,6005,0.0295
4,8195,0.0295
4,5129,0.0294
4,8726,0.0293
4,9875,0.0293
4,7589,0.0293
4,5645,0.0293
4,6305,0.0292
4,5621,0.0292
4,9084,0.0290
4,5183,0.0290
4,5409,0.0290
4,6570,0.0290
4,7755,0.0290
4,5312,0.0289
4,5315,0.0288
4,8877,0.0286
4,9096,0.0286
4,6067,0.0286
4,6478,0.0286
4,7370,0.0286
4,6074,0.0285
4,7751,0.0285
4,5313,0.0284
4,6635,0.0282
4,5318,0.0282
4,5400,0.0281
4,5211,0.0281
4,5746,0.0280
4,8628,0.0280
4,5266,0.0280
4,6555,0.0280
4,9082,0.0279
4,6052,0.0279
4,8692,0.0279
4,5261,0.0279
4,8627,0.0279
4,6505,0.0278
4,9567,0.0278
4,8888,0.0277
4,5725,0.0277
4,6719,0.0277
4,7361,0.0277
4,7551,0.0277
4,6558,0.0277
4,7077,0.0277
4,9095,0.0273
4,9219,0.0273
4,5436,0.0273
4,7129,0.0272
4,5122,0.0271
4,6645,0.0271
4,8185,0.0271
4,5034,0.0269
4,7145,0.0269
4,8849,0.0269
4,9159,0.0266
4,9302,0.0266
4,9738,0.0266
4,7132,0.0266
4,7951,0.0266
4,7549,0.0264
4,9203,0.0262
4,7748,0.0262
4,8130,0.0261
4,9749,0.0261
4,7610,0.0261
4,6058,0.0261
4,9097,0.0260
4,7096,0.0259
4,9112,0.0258
4,5930,0.0258
4,6992,0.0258
4,8190,0.0258
4,6106,0.0257
4,6085,0.0257
4,8729,0.0255
4,6117,0.0254
4,9665,0.0254
4,5797,0.0253
4,5946,0.0253
4,6114,0.0252
4,8678,0.0251
4,9102,0.0251
4,9492,0.0251
4,6860,0.0251
4,6998,0.0251
4,7739,0.0251
4,7762,0.0251
4,7965,0.0251
4,7992,0.0251
4,9563,0.0250
4,6494,0.0249
4,7163,0.0249
4,5009,0.0249
4,7437,0.0248
4,5820,0.0248
4,6192,0.0248
4,6994,0.0247
4,5865,0.0246
4,6481,0.0245
4,6949,0.0245
4,7088,0.0245
4,9988,0.0243
4,6382,0.0243
4,7425,0.0242
4,8442,0.0242
4,8073,0.0242
4,8987,0.0241
4,6781,0.0241
4,6877,0.0241
4,8458,0.0240
4,9554,0.0240
4,6237,0.0240
4,8847,0.0239
4,8348,0.0238
4,9167,0.0238
4,6784,0.0238
4,6831,0.0238
4,7126,0.0238
4,7622,0.0238
4,7833,0.0238
4,7746,0.0238
4,8080,0.0237
4,5769,0.0236
4,9791,0.0236
4,5662,0.0236
4,6978,0.0236
4,9154,0.0236
4,5994,0.0236
4,8323,0.0235
4,9950,0.0235
4,6641,0.0235
4,7854,0.0235
4,6964,0.0235
4,7118,0.0235
4,9269,0.0234
4,5647,0.0234
4,9085,0.0232
4,9171,0.0232
4,5559,0.0232
4,5794,0.0232
4,6500,0.0232
4,6561,0.0232
4,7924,0.0232
4,8577,0.0231
4,7826,0.0231
4,9516,0.0229
4,9958,0.0229
4,6676,0.0229
4,8008,0.0229
4,5878,0.0229
4,6930,0.0228
4,6675,0.0228
4,5310,0.0227
4,8569,0.0227
4,9813,0.0227
4,9864,0.0227
4,5161,0.0227
4,5504,0.0227
4,5887,0.0227
4,7321,0.0227
4,5377,0.0226
4,7010,0.0225
4,8426,0.0224
4,8659,0.0224
4,9024,0.0224
4,9250,0.0224
4,5871,0.0224
4,6097,0.0224
4,6417,0.0224
4,6648,0.0224
4,6895,0.0224
4,7111,0.0224
4,7661,0.0224
4,7930,0.0224
4,8164,0.0224
4,8754,0.0223
4,5275,0.0222
4,9277,0.0221
4,5384,0.0221
4,5439,0.0221
4,7342,0.0221
4,7747,0.0221
4,8009,0.0221
4,9545,0.0220
4,8510,0.0219
4,5092,0.0219
4,5630,0.0219
4,6310,0.0218
4,6307,0.0218
4,8989,0.0217
4,9597,0.0217
4,9151,0.0216
4,9169,0.0216
4,9796,0.0216
4,5125,0.0216
4,5133,0.0216
4,7319,0.0216
4,7405,0.0216
4,7862,0.0216
4,8641,0.0216
4,6504,0.0214
4,6977,0.0214
4,7832,0.0214
4,8679,0.0214
4,7863,0.0214
4,9089,0.0212
4,9745,0.0212
4,8308,0.0211
4,9377,0.0211
4,6487,0.0211
4,7426,0.0211
4,6778,0.0210
4,7919,0.0210
4,9487,0.0210
4,6001,0.0209
4,7332,0.0209
4,7568,0.0208
4,5932,0.0208
4,5651,0.0207
4,5666,0.0207
4,7529,0.0207
4,8115,0.0206
4,9525,0.0206
4,6134,0.0206
4,6955,0.0205
4,9569,0.0205
4,5135,0.0204
4,6543,0.0204
4,7130,0.0204
4,9328,0.0204
4,5945,0.0203
4,8175,0.0203
4,9104,0.0203
4,8575,0.0202
4,8994,0.0202
4,9109,0.0202
4,5192,0.0202
4,6256,0.0202
4,6606,0.0202
4,6794,0.0202
4,7742,0.0202
4,9390,0.0201
4,6557,0.0201
4,7533,0.0201
4,6692,0.0201
4,9392,0.0200
4,9872,0.0200
4,6217,0.0200
4,6646,0.0199
4,6364,0.0199
4,5380,0.0199
4,5640,0.0199
4,8876,0.0198
4,5197,0.0198
4,5567,0.0198
4,5609,0.0198
4,5648,0.0198
4,6145,0.0198
4,7363,0.0198
4,7407,0.0198
4,8043,0.0198
4,9746,0.0197
4,6691,0.0196
4,5639,0.0196
4,6497,0.0196
4,6133,0.0195
4,8957,0.0195
4,9087,0.0194
4,9221,0.0194
4,9280,0.0194
4,9910,0.0194
4,5043,0.0194
4,5165,0.0194
4,6104,0.0194
4,7174,0.0194
4,8415,0.0193
4,7949,0.0193
4,8740,0.0192
4,8207,0.0192
4,8612,0.0192
4,5017,0.0192
4,6755,0.0192
4,6296,0.0192
4,7530,0.0192
4,5222,0.0192
4,5595,0.0192
4,5603,0.0192
4,6396,0.0192
4,6311,0.0191
4,8238,0.0191
4,5641,0.0191
4,6797,0.0191
4,7882,0.0191
4,8607,0.0190
4,7014,0.0190
4,9282,0.0190
4,9568,0.0190
4,9783,0.0190
4,5077,0.0190
4,5158,0.0190
4,6002,0.0190
4,7839,0.0190
4,8103,0.0190
4,5378,0.0189
4,9077,0.0189
4,8085,0.0188
4,8913,0.0188
4,6853,0.0188
4,8546,0.0187
4,5826,0.0187
4,7853,0.0187
4,5759,0.0186
4,8715,0.0186
4,6486,0.0186
4,6803,0.0186
4,7382,0.0186
4,6833,0.0185
4,5727,0.0184
4,5673,0.0184
4,7403,0.0184
4,9771,0.0183
4,5505,0.0183
4,9472,0.0182
4,5131,0.0182
4,7136,0.0182
4,7947,0.0182
4,9634,0.0181
4,8024,0.0181
4,5792,0.0181
4,6425,0.0181
4,8982,0.0180
4,6499,0.0180
4,7943,0.0180
4,9655,0.0180
4,5876,0.0180
4,9948,0.0180
4,7654,0.0180
4,8533,0.0180
4,8278,0.0179
4,8464,0.0179
4,9086,0.0179
4,9214,0.0179
4,5579,0.0179
4,5701,0.0179
4,6920,0.0179
4,7359,0.0179
4,8188,0.0179
4,8743,0.0178
4,5638,0.0178
4,9105,0.0178
4,6000,0.0178
4,5652,0.0177
4,9148,0.0177
4,7357,0.0177
4,5178,0.0176
4,6689,0.0176
4,8667,0.0176
4,9275,0.0176
4,8875,0.0176
4,8337,0.0175
4,9083,0.0175
4,9315,0.0175
4,9603,0.0175
4,5809,0.0175
4,6393,0.0175
4,6588,0.0175
4,6942,0.0175
4,7127,0.0175
4,8044,0.0175
4,5498,0.0175
4,7825,0.0175
4,8202,0.0174
4,5307,0.0173
4,6128,0.0173
4,5597,0.0173
4,9685,0.0172
4,5123,0.0172
4,6006,0.0172
4,6559,0.0172
4,7740,0.0172
4,5589,0.0171
4,6468,0.0171
4,5308,0.0171
4,8660,0.0171
4,6326,0.0171
4,7940,0.0171
4,7956,0.0171
4,6430,0.0170
4,8279,0.0169
4,8390,0.0169
4,9395,0.0169
4,9703,0.0169
4,9795,0.0169
4,9976,0.0169
4,5127,0.0169
4,5172,0.0169
4,5578,0.0169
4,5581,0.0169
4,5915,0.0169
4,6377,0.0169
4,6378,0.0169
4,6802,0.0169
4,7907,0.0169
4,6925,0.0168
4,9119,0.0168
4,6501,0.0168
4,9755,0.0167
4,6034,0.0167
4,7780,0.0167
4,7101,0.0167
4,5168,0.0167
4,8625,0.0167
4,6862,0.0167
4,5813,0.0167
4,9080,0.0167
4,9975,0.0166
4,5120,0.0166
4,5142,0.0166
4,6745,0.0166
4,6966,0.0166
4,7377,0.0166
4,9416,0.0165
4,6120,0.0165
4,5242,0.0165
4,5022,0.0165
4,7133,0.0165
4,7834,0.0165
4,8346,0.0164
4,6033,0.0164
4,9391,0.0164
4,9694,0.0164
4,8884,0.0163
4,5410,0.0163
4,6150,0.0163
4,6662,0.0163
4,6909,0.0162
4,9152,0.0162
4,8468,0.0161
4,6750,0.0161
4,7686,0.0161
4,8573,0.0161
4,6327,0.0161
4,8361,0.0160
4,9220,0.0160
4,5509,0.0160
4,6331,0.0160
4,7531,0.0160
4,8096,0.0160
4,6284,0.0160
4,6488,0.0159
4,5637,0.0159
4,8377,0.0158
4,6102,0.0158
4,7456,0.0158
4,8169,0.0158
4,8990,0.0157
4,7150,0.0157
4,9677,0.0157
4,6156,0.0157
4,8681,0.0156
4,6967,0.0156
4,8312,0.0156
4,9561,0.0156
4,8578,0.0156
4,6738,0.0156
4,7736,0.0156
4,5695,0.0155
4,7390,0.0155
4,6793,0.0154
4,6854,0.0154
4,7901,0.0154
4,8878,0.0154
4,6861,0.0154
4,8751,0.0153
4,8491,0.0152
4,8677,0.0152
4,8940,0.0152
4,9743,0.0152
4,9992,0.0152
4,6070,0.0152
4,6583,0.0152
4,7315,0.0152
4,9969,0.0152
4,10008,0.0152
4,8976,0.0152
4,8514,0.0151
4,9558,0.0151
4,5173,0.0151
4,7090,0.0151
4,6467,0.0151
4,9519,0.0151
4,7599,0.0150
4,8674,0.0150
4,5234,0.0150
4,7985,0.0150
4,7939,0.0149
4,9440,0.0149
4,9398,0.0149
4,9904,0.0149
4,5756,0.0148
4,6301,0.0148
4,6574,0.0148
4,8388,0.0148
4,8484,0.0148
4,9289,0.0148
4,6138,0.0148
4,6321,0.0148
4,7221,0.0148
4,7154,0.0147
4,6476,0.0147
4,6210,0.0147
4,9161,0.0146
4,7608,0.0146
4,5031,0.0146
4,5134,0.0146
4,6960,0.0146
4,9553,0.0145
4,8685,0.0145
4,7158,0.0145
4,8965,0.0145
4,8234,0.0145
4,5928,0.0144
4,7538,0.0144
4,8512,0.0144
4,9672,0.0144
4,8247,0.0144
4,9071,0.0144
4,8769,0.0143
4,9113,0.0143
4,5130,0.0143
4,7117,0.0143
4,7172,0.0143
4,8805,0.0142
4,6003,0.0142
4,5715,0.0142
4,5298,0.0142
4,7398,0.0142
4,9346,0.0141
4,8973,0.0141
4,5209,0.0141
4,6148,0.0141
4,6780,0.0141
4,8088,0.0141
4,5516,0.0140
4,7691,0.0140
4,5697,0.0140
4,9732,0.0140
4,8954,0.0140
4,6525,0.0140
4,7185,0.0140
4,7011,0.0139
4,5571,0.0139
4,8765,0.0139
4,6565,0.0139
4,7396,0.0139
4,7918,0.0139
4,8437,0.0139
4,6931,0.0138
4,8538,0.0138
4,9292,0.0138
4,7598,0.0138
4,9418,0.0137
4,6079,0.0137
4,7436,0.0137
4,7675,0.0137
4,7047,0.0136
4,9542,0.0136
4,5703,0.0136
4,8959,0.0136
4,8315,0.0136
4,8076,0.0135
4,8986,0.0135
4,7847,0.0135
4,8520,0.0135
4,9005,0.0135
4,9983,0.0135
4,5535,0.0135
4,5674,0.0135
4,5929,0.0135
4,6516,0.0135
4,7469,0.0134
4,7147,0.0134
4,6683,0.0134
4,5877,0.0134
4,6306,0.0134
4,6571,0.0134
4,7962,0.0134
4,5796,0.0133
4,8099,0.0133
4,5745,0.0133
4,8592,0.0133
4,8687,0.0133
4,9164,0.0133
4,9349,0.0133
4,9698,0.0133
4,7278,0.0133
4,6944,0.0132
4,7173,0.0132
4,5193,0.0132
4,8380,0.0132
4,6521,0.0132
4,9150,0.0131
4,8475,0.0131
4,9810,0.0131
4,9931,0.0131
4,7474,0.0131
4,8883,0.0131
4,9046,0.0131
4,6298,0.0131
4,9902,0.0130
4,8364,0.0130
4,8664,0.0130
4,5901,0.0130
4,7399,0.0130
4,6325,0.0130
4,8697,0.0130
4,8176,0.0129
4,8579,0.0129
4,9396,0.0129
4,9765,0.0129
4,9851,0.0129
4,5502,0.0129
4,5654,0.0129
4,6933,0.0129
4,7021,0.0129
4,7392,0.0129
4,7555,0.0129
4,7950,0.0129
4,7855,0.0128
4,9291,0.0128
4,5037,0.0128
4,7415,0.0128
4,6671,0.0128
4,8082,0.0128
4,9605,0.0127
4,9674,0.0127
4,5767,0.0127
4,8341,0.0127
4,8474,0.0126
4,6459,0.0126
4,8086,0.0126
4,9831,0.0126
4,6443,0.0126
4,9497,0.0126
4,5489,0.0126
4,8340,0.0126
4,5931,0.0126
4,6875,0.0126
4,7328,0.0126
4,9444,0.0125
4,7653,0.0125
4,9436,0.0125
4,8287,0.0125
4,9404,0.0124
4,9262,0.0124
4,7938,0.0124
4,6483,0.0124
4,8500,0.0124
4,5000,0.0124
4,5132,0.0124
4,5373,0.0124
4,6489,0.0124
4,6929,0.0124
4,7232,0.0124
4,5518,0.0123
4,8406,0.0123
4,6044,0.0123
4,6057,0.0123
4,7167,0.0123
4,7952,0.0123
4,7720,0.0123
4,9206,0.0123
4,8576,0.0122
4,8984,0.0122
4,5376,0.0122
4,6375,0.0122
4,6734,0.0122
4,7419,0.0122
4,7752,0.0122
4,5249,0.0122
4,6824,0.0122
4,8700,0.0121
4,9287,0.0121
4,6308,0.0121
4,10019,0.0121
4,9878,0.0121
4,5001,0.0121
4,10035,0.0121
4,6189,0.0121
4,9614,0.0121
4,5897,0.0121
4,7451,0.0121
4,8092,0.0121
4,7669,0.0120
4,5774,0.0120
4,7012,0.0120
4,9578,0.0120
4,9956,0.0119
4,5501,0.0119
4,5911,0.0119
4,7275,0.0119
4,7537,0.0119
4,8970,0.0119
4,6149,0.0119
4,9099,0.0119
4,8497,0.0118
4,6125,0.0118
4,6720,0.0118
4,6919,0.0118
4,8218,0.0118
4,8402,0.0118
4,5708,0.0118
4,5916,0.0118
4,5963,0.0118
4,6874,0.0118
4,7757,0.0117
4,7009,0.0117
4,8034,0.0117
4,8225,0.0116
4,9308,0.0116
4,9557,0.0116
4,6118,0.0116
4,6199,0.0116
4,7387,0.0116
4,5299,0.0116
4,8456,0.0116
4,7756,0.0116
4,9324,0.0116
4,6030,0.0115
4,7134,0.0115
4,8859,0.0115
4,8939,0.0115
4,7121,0.0115
4,5882,0.0115
4,8329,0.0115
4,8951,0.0115
4,9155,0.0115
4,6678,0.0115
4,6212,0.0115
4,9475,0.0114
4,5506,0.0114
4,8483,0.0113
4,9540,0.0113
4,5007,0.0113
4,5226,0.0113
4,6590,0.0113
4,9555,0.0113
4,8260,0.0113
4,6493,0.0113
4,7899,0.0112
4,9748,0.0112
4,6299,0.0112
4,7777,0.0112
4,7831,0.0112
4,7128,0.0112
4,6927,0.0111
4,9216,0.0111
4,5949,0.0111
4,7135,0.0111
4,6103,0.0111
4,9662,0.0111
4,5480,0.0111
4,8196,0.0111
4,6747,0.0111
4,7372,0.0111
4,7590,0.0111
4,7957,0.0111
4,6601,0.0110
4,5880,0.0110
4,5507,0.0110
4,9049,0.0110
4,5894,0.0110
4,7049,0.0110
4,6848,0.0110
4,5884,0.0110
4,8116,0.0110
4,8506,0.0109
4,8680,0.0109
4,9571,0.0109
4,9762,0.0109
4,9940,0.0109
4,5492,0.0109
4,5903,0.0109
4,6083,0.0109
4,6820,0.0109
4,7655,0.0109
4,7553,0.0109
4,6836,0.0109
4,5886,0.0109
4,8561,0.0108
4,9515,0.0108
4,9840,0.0108
4,5948,0.0108
4,5977,0.0108
4,5311,0.0108
4,6460,0.0108
4,7124,0.0108
4,9769,0.0107
4,5121,0.0107
4,5704,0.0107
4,6068,0.0107
4,6684,0.0107
4,7070,0.0107
4,7484,0.0107
4,8114,0.0107
4,6115,0.0107
4,8673,0.0107
4,9351,0.0107
4,5513,0.0107
4,6732,0.0107
4,7615,0.0107
4,5889,0.0107
4,6155,0.0106
4,9778,0.0106
4,5685,0.0106
4,6073,0.0106
4,6881,0.0106
4,8465,0.0106
4,6475,0.0106
4,5821,0.0106
4,5861,0.0106
4,6031,0.0106
4,6517,0.0106
4,6717,0.0106
4,6795,0.0106
4,8318,0.0105
4,6131,0.0105
4,8693,0.0104
4,9120,0.0104
4,5114,0.0104
4,6798,0.0104
4,7280,0.0104
4,8004,0.0104
4,7840,0.0104
4,7980,0.0104
4,9062,0.0104
4,6291,0.0103
4,9162,0.0103
4,9174,0.0103
4,9285,0.0103
4,5517,0.0103
4,6855,0.0103
4,6947,0.0103
4,7193,0.0103
4,7759,0.0103
4,8235,0.0103
4,8671,0.0103
4,5529,0.0103
4,6939,0.0103
4,7084,0.0103
4,8177,0.0102
4,5952,0.0102
4,8011,0.0102
4,6661,0.0102
4,6607,0.0102
4,6968,0.0102
4,9751,0.0101
4,8291,0.0101
4,9668,0.0101
4,10016,0.0101
4,5026,0.0101
4,5830,0.0101
4,8129,0.0101
4,6604,0.0101
4,5947,0.0101
4,9893,0.0100
4,7592,0.0100
4,7482,0.0100
4,8440,0.0100
4,8320,0.0100
4,9314,0.0100
4,9499,0.0100
4,9967,0.0100
4,5014,0.0100
4,8303,0.0099
4,5698,0.0099
4,5816,0.0099
4,5900,0.0099
4,9266,0.0099
4,7008,0.0099
4,7532,0.0099
4,7878,0.0099
4,7978,0.0099
4,5074,0.0098
4,9533,0.0098
4,10018,0.0098
4,6714,0.0098
4,8720,0.0098
4,5668,0.0098
4,5881,0.0098
4,9610,0.0098
4,6424,0.0098
4,9947,0.0097
4,9362,0.0097
4,9830,0.0097
4,5766,0.0097
4,7164,0.0097
4,8241,0.0097
4,7199,0.0097
4,5672,0.0097
4,6618,0.0097
4,7603,0.0096
4,6498,0.0096
4,8451,0.0096
4,6121,0.0096
4,6351,0.0096
4,6515,0.0096
4,6876,0.0096
4,6294,0.0096
4,6856,0.0096
4,5899,0.0095
4,6423,0.0095
4,8454,0.0095
4,9589,0.0095
4,9639,0.0095
4,9763,0.0095
4,5541,0.0095
4,6188,0.0095
4,6672,0.0095
4,6807,0.0095
4,7386,0.0095
4,7585,0.0095
4,7646,0.0095
4,6918,0.0095
4,9871,0.0095
4,6917,0.0095
4,9678,0.0094
4,7148,0.0094
4,6972,0.0094
4,8963,0.0094
4,8944,0.0093
4,9274,0.0093
4,10025,0.0093
4,8843,0.0093
4,9960,0.0093
4,6770,0.0093
4,7187,0.0093
4,7927,0.0093
4,8012,0.0093
4,6751,0.0093
4,8236,0.0092
4,6973,0.0092
4,5305,0.0092
4,9264,0.0092
4,7758,0.0092
4,8363,0.0092
4,8840,0.0092
4,9294,0.0092
4,9562,0.0092
4,9809,0.0092
4,6688,0.0092
4,7355,0.0092
4,7830,0.0092
4,7225,0.0092
4,7866,0.0092
4,8000,0.0092
4,7662,0.0092
4,9592,0.0091
4,5540,0.0091
4,5768,0.0091
4,6116,0.0091
4,7671,0.0091
4,7769,0.0091
4,9278,0.0091
4,5562,0.0091
4,9596,0.0091
4,5765,0.0090
4,6440,0.0090
4,8611,0.0090
4,9263,0.0090
4,9386,0.0090
4,5012,0.0090
4,5917,0.0090
4,8081,0.0090
4,8187,0.0090
4,7424,0.0090
4,8728,0.0089
4,9602,0.0089
4,5926,0.0089
4,6112,0.0089
4,7974,0.0089
4,7745,0.0089
4,7016,0.0089
4,9989,0.0089
4,6383,0.0089
4,7744,0.0089
4,8344,0.0089
4,8408,0.0089
4,9564,0.0089
4,5067,0.0089
4,5148,0.0089
4,5194,0.0089
4,5711,0.0089
4,5733,0.0089
4,5958,0.0089
4,6575,0.0089
4,5464,0.0088
4,9526,0.0088
4,6288,0.0088
4,8651,0.0088
4,6035,0.0088
4,7704,0.0088
4,7761,0.0088
4,9179,0.0087
4,7998,0.0087
4,8469,0.0087
4,9042,0.0087
4,8880,0.0087
4,9128,0.0087
4,5670,0.0087
4,7309,0.0087
4,7481,0.0087
4,6796,0.0086
4,5236,0.0086
4,5560,0.0086
4,6703,0.0086
4,7973,0.0086
4,8955,0.0086
4,8375,0.0086
4,8800,0.0086
4,9570,0.0085
4,5657,0.0085
4,6339,0.0085
4,7528,0.0085
4,5255,0.0085
4,7764,0.0085
4,9101,0.0085
4,8351,0.0084
4,9156,0.0084
4,9176,0.0084
4,9974,0.0084
4,6365,0.0084
4,6707,0.0084
4,7710,0.0084
4,6913,0.0084
4,7230,0.0084
4,8676,0.0084
4,9326,0.0084
4,6995,0.0084
4,7616,0.0084
4,9059,0.0083
4,7873,0.0083
4,8736,0.0083
4,9612,0.0083
4,7279,0.0083
4,8112,0.0083
4,9663,0.0083
4,5175,0.0083
4,10032,0.0082
4,5157,0.0082
4,9100,0.0082
4,9283,0.0082
4,5569,0.0082
4,8147,0.0082
4,8605,0.0082
4,8572,0.0082
4,8891,0.0082
4,9591,0.0082
4,5807,0.0082
4,8885,0.0081
4,8585,0.0081
4,6263,0.0081
4,10024,0.0081
4,8255,0.0081
4,8259,0.0081
4,6984,0.0081
4,8105,0.0081
4,7605,0.0080
4,6879,0.0080
4,7169,0.0080
4,9235,0.0079
4,5622,0.0079
4,7558,0.0079
4,7971,0.0079
4,7354,0.0079
4,8892,0.0079
4,9474,0.0078
4,5314,0.0078
4,7087,0.0078
4,8445,0.0078
4,5291,0.0078
4,5696,0.0078
4,9959,0.0077
4,6318,0.0077
4,6779,0.0077
4,7550,0.0077
4,5104,0.0077
4,6107,0.0077
4,5117,0.0076
4,8084,0.0076
4,5950,0.0076
4,7800,0.0076
4,7366,0.0076
4,5018,0.0076
4,7838,0.0076
4,5561,0.0075
4,7726,0.0075
4,5068,0.0075
4,9684,0.0075
4,9223,0.0075
4,5951,0.0075
4,7273,0.0075
4,7457,0.0075
4,7578,0.0075
4,8003,0.0075
4,9944,0.0075
4,8920,0.0075
4,6452,0.0075
4,9535,0.0074
4,5764,0.0074
4,5866,0.0074
4,6216,0.0074
4,9448,0.0074
4,9719,0.0074
4,9734,0.0074
4,5220,0.0074
4,5348,0.0074
4,5753,0.0074
4,5859,0.0074
4,6178,0.0074
4,6704,0.0074
4,6748,0.0074
4,7778,0.0074
4,8026,0.0074
4,5490,0.0073
4,5967,0.0073
4,6008,0.0073
4,6910,0.0073
4,5795,0.0073
4,8467,0.0072
4,9327,0.0072
4,5229,0.0072
4,5522,0.0072
4,6427,0.0072
4,7227,0.0072
4,5294,0.0072
4,8223,0.0071
4,8803,0.0071
4,6702,0.0071
4,5089,0.0071
4,5973,0.0071
4,9954,0.0071
4,7123,0.0071
4,7771,0.0071
4,9261,0.0071
4,5300,0.0071
4,8482,0.0070
4,5144,0.0070
4,6126,0.0070
4,6395,0.0070
4,8504,0.0070
4,9530,0.0070
4,9524,0.0070
4,9546,0.0070
4,5656,0.0070
4,5784,0.0070
4,6135,0.0070
4,7916,0.0070
4,8832,0.0069
4,9957,0.0069
4,6733,0.0069
4,5783,0.0069
4,9532,0.0069
4,8338,0.0069
4,8019,0.0069
4,9073,0.0069
4,5993,0.0069
4,8662,0.0069
4,9192,0.0068
4,6757,0.0068
4,7068,0.0068
4,8453,0.0068
4,8804,0.0068
4,9094,0.0068
4,9222,0.0068
4,5141,0.0068
4,6004,0.0068
4,6721,0.0068
4,9741,0.0068
4,7872,0.0068
4,9072,0.0067
4,8258,0.0067
4,8716,0.0067
4,6934,0.0067
4,7857,0.0067
4,9172,0.0067
4,5614,0.0067
4,7281,0.0067
4,7293,0.0067
4,7490,0.0067
4,8005,0.0067
4,5686,0.0066
4,6722,0.0066
4,7149,0.0066
4,8124,0.0066
4,7115,0.0066
4,8133,0.0066
4,8744,0.0066
4,5962,0.0066
4,6991,0.0066
4,7563,0.0066
4,7574,0.0066
4,8822,0.0066
4,6054,0.0066
4,8452,0.0066
4,9549,0.0065
4,5496,0.0065
4,5808,0.0065
4,7144,0.0065
4,5521,0.0065
4,5303,0.0065
4,6556,0.0065
4,8686,0.0065
4,6696,0.0065
4,7452,0.0065
4,8127,0.0065
4,5793,0.0065
4,7611,0.0065
4,8224,0.0065
4,5309,0.0065
4,5748,0.0065
4,7960,0.0065
4,7228,0.0064
4,8311,0.0064
4,8938,0.0064
4,9523,0.0064
4,9869,0.0064
4,5118,0.0064
4,6503,0.0064
4,8239,0.0064
4,9212,0.0064
4,9548,0.0064
4,9917,0.0064
4,5904,0.0064
4,6269,0.0064
4,6851,0.0064
4,7326,0.0064
4,8486,0.0063
4,7964,0.0063
4,9772,0.0063
4,9908,0.0063
4,5433,0.0063
4,6518,0.0063
4,6773,0.0063
4,7644,0.0063
4,9108,0.0062
4,6404,0.0062
4,7749,0.0062
4,9551,0.0062
4,9131,0.0062
4,5694,0.0062
4,6711,0.0062
4,7966,0.0062
4,7351,0.0062
4,5221,0.0062
4,8972,0.0062
4,9267,0.0062
4,9560,0.0062
4,8901,0.0061
4,9290,0.0061
4,9803,0.0061
4,6821,0.0061
4,7001,0.0061
4,6608,0.0061
4,7552,0.0061
4,7086,0.0060
4,9648,0.0060
4,5691,0.0060
4,6036,0.0060
4,7176,0.0060
4,8663,0.0060
4,5937,0.0060
4,9028,0.0060
4,5763,0.0060
4,5924,0.0060
4,7634,0.0060
4,5995,0.0060
4,9543,0.0060
4,9590,0.0060
4,7732,0.0059
4,9744,0.0059
4,8558,0.0059
4,9955,0.0059
4,7823,0.0059
4,8472,0.0059
4,8485,0.0059
4,8724,0.0059
4,5126,0.0059
4,6640,0.0059
4,7184,0.0059
4,6602,0.0059
4,8062,0.0059
4,8193,0.0058
4,9979,0.0058
4,7367,0.0058
4,8586,0.0058
4,9204,0.0058
4,5023,0.0058
4,5269,0.0058
4,5351,0.0058
4,7083,0.0058
4,7224,0.0058
4,8858,0.0058
4,9531,0.0058
4,8518,0.0058
4,7152,0.0058
4,7373,0.0058
4,6248,0.0058
4,8890,0.0057
4,8691,0.0057
4,9356,0.0057
4,9837,0.0057
4,5402,0.0057
4,6491,0.0057
4,7066,0.0057
4,7334,0.0057
4,7408,0.0057
4,7435,0.0057
4,8298,0.0057
4,8796,0.0057
4,9276,0.0057
4,7766,0.0057
4,8732,0.0057
4,5879,0.0057
4,8842,0.0057
4,9697,0.0057
4,8918,0.0057
4,9880,0.0057
4,6444,0.0057
4,7069,0.0057
4,8881,0.0056
4,8961,0.0056
4,5761,0.0056
4,6259,0.0056
4,5176,0.0056
4,7779,0.0056
4,8446,0.0056
4,8756,0.0056
4,5918,0.0056
4,6282,0.0056
4,8122,0.0056
4,9389,0.0056
4,6753,0.0056
4,8232,0.0055
4,5604,0.0055
4,6266,0.0055
4,7709,0.0055
4,7851,0.0055
4,8794,0.0055
4,8414,0.0055
4,6240,0.0055
4,8148,0.0055
4,8496,0.0055
4,8328,0.0054
4,8912,0.0054
4,5428,0.0054
4,8966,0.0054
4,8449,0.0054
4,8838,0.0054
4,5862,0.0054
4,6098,0.0054
4,7364,0.0054
4,9067,0.0054
4,7556,0.0053
4,5613,0.0053
4,8590,0.0053
4,7402,0.0053
4,7107,0.0053
4,8245,0.0053
4,8762,0.0053
4,5941,0.0053
4,7142,0.0053
4,7159,0.0053
4,5179,0.0052
4,9246,0.0052
4,5359,0.0052
4,5289,0.0052
4,8675,0.0052
4,9972,0.0052
4,5166,0.0052
4,5432,0.0052
4,5527,0.0052
4,6564,0.0052
4,7579,0.0052
4,7696,0.0051
4,9347,0.0051
4,7310,0.0051
4,7517,0.0051
4,8192,0.0051
4,9239,0.0051
4,5326,0.0051
4,9090,0.0051
4,9942,0.0051
4,5323,0.0051
4,6297,0.0051
4,5245,0.0051
4,5705,0.0051
4,6731,0.0051
4,5381,0.0050
4,7729,0.0050
4,7773,0.0050
4,9322,0.0050
4,5936,0.0050
4,9323,0.0049
4,5016,0.0049
4,7981,0.0049
4,9403,0.0049
4,9587,0.0049
4,5717,0.0049
4,9812,0.0049
4,6324,0.0049
4,5902,0.0049
4,7353,0.0049
4,9807,0.0049
4,7081,0.0049
4,7850,0.0049
4,8562,0.0048
4,9968,0.0048
4,5953,0.0048
4,6699,0.0048
4,7513,0.0048
4,8301,0.0048
4,8305,0.0048
4,8960,0.0048
4,7389,0.0048
4,6171,0.0048
4,8441,0.0048
4,6154,0.0048
4,6961,0.0048
4,7492,0.0048
4,8410,0.0048
4,9729,0.0048
4,7062,0.0048
4,7668,0.0048
4,5564,0.0048
4,6180,0.0047
4,6959,0.0047
4,7502,0.0047
4,7886,0.0047
4,10033,0.0047
4,5814,0.0047
4,5969,0.0047
4,7735,0.0047
4,8134,0.0047
4,8150,0.0047
4,9625,0.0047
4,6705,0.0047
4,6971,0.0047
4,7223,0.0047
4,7844,0.0047
4,8684,0.0047
4,6589,0.0047
4,9547,0.0047
4,8652,0.0046
4,9180,0.0046
4,7157,0.0046
4,9004,0.0046
4,8591,0.0046
4,5153,0.0046
4,5990,0.0046
4,6181,0.0046
4,7794,0.0045
4,6215,0.0045
4,8376,0.0045
4,9713,0.0045
4,7787,0.0045
4,9421,0.0045
4,7162,0.0045
4,7931,0.0045
4,8007,0.0045
4,9616,0.0045
4,9598,0.0045
4,9805,0.0045
4,8505,0.0044
4,6985,0.0044
4,8823,0.0044
4,9761,0.0044
4,8799,0.0044
4,9739,0.0044
4,8219,0.0044
4,5047,0.0044
4,5799,0.0044
4,6915,0.0044
4,7085,0.0044
4,7690,0.0044
4,8427,0.0044
4,9823,0.0044
4,5111,0.0044
4,5332,0.0044
4,8299,0.0044
4,5288,0.0044
4,9075,0.0043
4,5532,0.0043
4,7920,0.0043
4,9044,0.0043
4,5066,0.0043
4,5482,0.0043
4,5999,0.0043
4,7495,0.0043
4,6089,0.0043
4,5449,0.0043
4,9667,0.0043
4,6193,0.0043
4,7606,0.0043
4,8448,0.0042
4,9710,0.0042
4,7166,0.0042
4,7170,0.0042
4,5379,0.0042
4,6238,0.0042
4,6709,0.0042
4,7395,0.0042
4,7428,0.0042
4,8532,0.0042
4,8974,0.0042
4,5996,0.0042
4,8439,0.0041
4,7455,0.0041
4,5563,0.0041
4,6591,0.0041
4,6805,0.0041
4,7454,0.0041
4,8327,0.0041
4,9541,0.0041
4,5279,0.0041
4,5959,0.0041
4,9014,0.0041
4,9320,0.0041
4,5020,0.0041
4,5688,0.0041
4,6100,0.0041
4,8079,0.0041
4,8806,0.0041
4,9504,0.0041
4,5970,0.0041
4,7459,0.0041
4,5890,0.0041
4,6953,0.0041
4,8499,0.0040
4,8787,0.0040
4,8807,0.0040
4,5538,0.0040
4,6012,0.0040
4,7131,0.0040
4,6823,0.0040
4,5629,0.0040
4,5646,0.0040
4,7827,0.0040
4,9599,0.0040
4,7842,0.0040
4,5470,0.0040
4,9582,0.0040
4,7730,0.0040
4,8035,0.0040
4,8826,0.0039
4,9241,0.0039
4,9310,0.0039
4,9544,0.0039
4,8205,0.0039
4,8869,0.0039
4,9461,0.0039
4,5319,0.0039
4,5776,0.0039
4,6273,0.0039
4,6011,0.0039
4,8262,0.0039
4,9318,0.0039
4,7871,0.0039
4,5297,0.0038
4,6466,0.0038
4,8170,0.0038
4,5737,0.0038
4,7702,0.0038
4,8431,0.0038
4,9025,0.0038
4,9679,0.0038
4,8355,0.0038
4,7151,0.0038
4,7032,0.0037
4,6258,0.0037
4,8211,0.0037
4,8654,0.0037
4,9892,0.0037
4,5100,0.0037
4,7791,0.0037
4,7595,0.0037
4,9721,0.0037
4,8181,0.0036
4,10017,0.0036
4,5019,0.0036
4,6841,0.0036
4,8065,0.0036
4,10015,0.0036
4,9661,0.0036
4,8360,0.0036
4,7448,0.0035
4,8552,0.0035
4,5663,0.0035
4,7460,0.0035
4,8817,0.0035
4,6099,0.0035
4,7514,0.0035
4,8893,0.0035
4,9615,0.0035
4,5600,0.0035
4,7347,0.0035
4,8666,0.0035
4,8818,0.0035
4,6566,0.0035
4,9638,0.0035
4,8317,0.0035
4,7341,0.0035
4,9236,0.0034
4,6660,0.0034
4,7733,0.0034
4,8808,0.0034
4,9742,0.0034
4,5454,0.0034
4,7471,0.0034
4,8425,0.0034
4,9643,0.0034
4,7175,0.0033
4,8293,0.0033
4,6157,0.0033
4,5292,0.0033
4,6894,0.0033
4,7179,0.0033
4,8254,0.0032
4,9633,0.0032
4,6776,0.0032
4,6891,0.0032
4,9446,0.0032
4,9454,0.0032
4,7306,0.0032
4,6213,0.0032
4,5515,0.0032
4,8825,0.0032
4,9435,0.0032
4,8098,0.0032
4,9518,0.0032
4,7511,0.0032
4,7527,0.0031
4,9844,0.0031
4,8186,0.0031
4,8788,0.0031
4,8528,0.0031
4,5812,0.0031
4,7583,0.0031
4,7688,0.0031
4,8230,0.0031
4,6144,0.0031
4,8971,0.0031
4,9583,0.0031
4,7109,0.0031
4,6904,0.0030
4,5085,0.0030
4,8604,0.0030
4,5805,0.0030
4,6749,0.0030
4,9181,0.0030
4,6219,0.0030
4,7789,0.0030
4,9686,0.0030
4,5642,0.0030
4,7961,0.0030
4,5240,0.0029
4,8508,0.0029
4,9437,0.0029
4,6896,0.0029
4,8173,0.0029
4,9527,0.0029
4,9511,0.0029
4,6903,0.0029
4,7846,0.0029
4,8160,0.0029
4,9503,0.0029
4,8021,0.0029
4,5238,0.0028
4,5491,0.0028
4,5101,0.0028
4,9536,0.0028
4,6261,0.0028
4,6419,0.0028
4,6600,0.0028
4,7488,0.0028
4,7725,0.0027
4,5375,0.0027
4,8810,0.0027
4,9056,0.0027
4,5099,0.0027
4,5306,0.0027
4,8443,0.0027
4,9854,0.0027
4,5743,0.0026
4,9136,0.0026
4,5982,0.0026
4,6647,0.0026
4,5461,0.0026
4,6916,0.0026
4,7708,0.0026
4,5113,0.0026
4,5210,0.0025
4,6236,0.0025
4,6850,0.0025
4,6839,0.0025
4,8570,0.0025
4,5547,0.0025
4,6451,0.0025
4,9438,0.0025
4,5985,0.0025
4,10031,0.0024
4,8618,0.0024
4,7715,0.0024
4,6457,0.0024
4,8020,0.0024
4,8737,0.0024
4,9688,0.0024
4,6246,0.0024
4,8962,0.0024
4,5474,0.0024
4,9501,0.0024
4,5360,0.0024
4,6456,0.0024
4,5295,0.0024
4,8404,0.0024
4,9781,0.0023
4,7788,0.0023
4,8326,0.0023
4,5625,0.0023
4,6659,0.0023
4,8336,0.0023
4,8819,0.0023
4,9675,0.0023
4,7349,0.0023
4,8925,0.0022
4,6586,0.0022
4,7699,0.0022
4,6870,0.0022
4,9550,0.0022
4,6182,0.0022
4,6872,0.0022
4,8566,0.0022
4,5530,0.0022
4,5779,0.0022
4,9076,0.0022
4,5049,0.0021
4,9945,0.0021
4,5329,0.0021
4,7220,0.0021
4,5875,0.0021
4,9312,0.0021
4,6428,0.0021
4,8758,0.0021
4,5607,0.0021
4,10030,0.0020
4,7928,0.0020
4,7673,0.0020
4,5116,0.0020
4,6886,0.0020
4,5634,0.0020
4,8325,0.0020
4,6368,0.0020
4,9116,0.0020
4,9973,0.0020
4,5338,0.0020
4,6108,0.0020
4,10036,0.0020
4,8774,0.0019
4,8793,0.0019
4,8964,0.0019
4,6438,0.0019
4,7849,0.0019
4,5243,0.0019
4,5740,0.0019
4,8316,0.0019
4,8304,0.0019
4,8914,0.0019
4,6667,0.0018
4,9687,0.0018
4,8956,0.0018
4,6209,0.0018
4,6926,0.0018
4,8302,0.0018
4,5780,0.0018
4,5760,0.0018
4,6605,0.0018
4,8824,0.0018
4,6907,0.0018
4,7219,0.0018
4,7231,0.0018
4,5463,0.0018
4,6197,0.0017
4,5811,0.0017
4,6385,0.0017
4,7687,0.0017
4,9053,0.0017
4,6914,0.0017
4,5893,0.0017
4,5465,0.0017
4,6381,0.0017
4,7222,0.0017
4,9191,0.0016
4,6049,0.0016
4,7414,0.0016
4,5883,0.0016
4,9896,0.0016
4,5713,0.0016
4,7679,0.0016
4,7865,0.0016
4,6599,0.0016
4,5036,0.0016
4,5731,0.0015
4,6911,0.0015
4,5268,0.0015
4,8857,0.0015
4,6912,0.0015
4,8416,0.0015
4,9188,0.0014
4,5485,0.0014
4,10026,0.0014
4,5119,0.0014
4,5943,0.0014
4,7229,0.0014
4,9124,0.0012
4,8374,0.0011
4,8911,0.0011
4,6245,0.0011
4,6165,0.0010
4,8790,0.0009
4,5350,0.0008
4,8922,0.0006
4,7580,0.0006
4,7694,0.0005
5,7204,0.7627
5,6636,0.3829
5,8282,0.3800
5,8411,0.3584
5,5421,0.3515
5,9905,0.3016
5,6082,0.2846
5,9256,0.2526
5,5267,0.2394
5,5971,0.2269
5,6371,0.2021
5,5975,0.2016
5,8816,0.1967
5,7207,0.1897
5,9143,0.1894
5,6416,0.1684
5,6422,0.1678
5,5361,0.1334
5,6270,0.1263
5,7324,0.1137
5,9752,0.1123
5,5614,0.1019
5,8421,0.0932
5,8778,0.0875
5,8855,0.0875
5,7469,0.0874
5,6078,0.0833
5,6532,0.0805
5,5242,0.0743
5,9916,0.0668
5,6760,0.0618
5,9866,0.0605
5,7063,0.0558
5,7562,0.0499
5,9713,0.0489
5,8014,0.0466
5,7004,0.0437
5,8939,0.0411
5,8646,0.0411
5,6883,0.0395
5,8771,0.0391
5,8370,0.0365
5,9427,0.0354
5,7340,0.0344
5,9857,0.0337
5,8354,0.0337
5,6245,0.0329
5,7477,0.0313
5,7125,0.0311
5,7877,0.0308
5,8946,0.0305
5,8624,0.0303
5,5234,0.0286
5,9887,0.0286
5,7642,0.0283
5,6756,0.0279
5,5601,0.0264
5,9528,0.0258
5,8047,0.0257
5,5962,0.0251
5,8424,0.0239
5,5070,0.0239
5,5940,0.0238
5,6369,0.0233
5,9036,0.0232
5,7275,0.0227
5,6207,0.0225
5,5202,0.0224
5,9879,0.0224
5,6276,0.0220
5,9046,0.0216
5,6254,0.0208
5,5987,0.0206
5,8619,0.0202
5,7161,0.0201
5,5819,0.0197
5,7921,0.0196
5,5113,0.0195
5,6208,0.0195
5,6260,0.0195
5,5431,0.0195
5,9872,0.0190
5,7612,0.0188
5,9368,0.0184
5,8789,0.0183
5,8839,0.0182
5,8567,0.0182
5,8166,0.0181
5,6087,0.0178
5,5294,0.0177
5,5587,0.0177
5,5835,0.0176
5,8802,0.0172
5,7108,0.0171
5,5751,0.0170
5,5083,0.0162
5,8434,0.0161
5,8470,0.0159
5,8532,0.0159
5,6591,0.0157
5,8810,0.0155
5,6273,0.0149
5,8868,0.0143
5,7101,0.0138
5,6408,0.0138
5,8803,0.0136
5,8824,0.0136
5,9012,0.0136
5,9512,0.0135
5,5211,0.0135
5,6037,0.0132
5,5635,0.0132
5,10027,0.0132
5,5185,0.0130
5,7471,0.0129
5,5245,0.0129
5,7679,0.0121
5,5239,0.0120
5,6879,0.0116
5,6832,0.0116
5,5032,0.0115
5,7325,0.0115
5,7634,0.0114
5,9181,0.0114
5,8638,0.0113
5,8018,0.0112
5,6433,0.0111
5,9921,0.0108
5,9439,0.0107
5,7338,0.0104
5,5304,0.0104
5,8366,0.0103
5,7717,0.0102
5,6162,0.0099
5,5262,0.0097
5,6637,0.0094
5,9438,0.0093
5,6320,0.0093
5,10031,0.0093
5,6189,0.0092
5,5360,0.0091
5,5102,0.0090
5,8314,0.0090
5,9933,0.0090
5,6198,0.0089
5,9045,0.0089
5,5765,0.0086
5,8315,0.0086
5,7050,0.0083
5,8764,0.0082
5,9869,0.0081
5,5329,0.0080
5,8758,0.0078
5,5970,0.0078
5,9039,0.0077
5,6368,0.0076
5,7662,0.0076
5,6212,0.0073
5,6751,0.0071
5,5760,0.0068
5,8809,0.0064
5,7816,0.0064
5,5954,0.0062
5,9446,0.0061
5,7223,0.0060
5,5950,0.0058
5,6912,0.0056
5,6473,0.0056
5,8740,0.0054
5,6292,0.0052
5,5306,0.0052
5,8966,0.0051
5,8445,0.0048
5,8440,0.0046
5,7289,0.0041
5,6485,0.0038
6,6736,0.3055
6,9736,0.2702
6,8070,0.1173
6,5609,0.1098
6,7194,0.1075
6,8540,0.0992
6,8844,0.0932
6,8358,0.0921
6,5712,0.0841
6,7047,0.0819
6,6866,0.0770
6,8593,0.0744
6,7425,0.0673
6,5606,0.0672
6,6689,0.0653
6,9143,0.0645
6,6010,0.0600
6,8470,0.0578
6,6353,0.0564
6,9413,0.0506
6,9634,0.0503
6,5305,0.0500
6,5726,0.0500
6,7058,0.0496
6,6710,0.0487
6,9111,0.0472
6,6791,0.0469
6,7670,0.0449
6,7877,0.0449
6,8433,0.0445
6,5754,0.0445
6,8120,0.0438
6,7410,0.0430
6,5326,0.0425
6,8371,0.0423
6,5850,0.0416
6,6774,0.0400
6,7487,0.0400
6,7172,0.0397
6,9260,0.0385
6,9905,0.0385
6,6634,0.0379
6,5727,0.0379
6,8258,0.0374
6,8520,0.0374
6,7108,0.0374
6,8261,0.0370
6,5188,0.0369
6,7562,0.0363
6,6081,0.0363
6,7737,0.0355
6,6694,0.0349
6,7055,0.0347
6,6506,0.0344
6,8024,0.0335
6,5989,0.0324
6,9897,0.0322
6,7224,0.0322
6,7424,0.0320
6,8260,0.0313
6,7061,0.0307
6,5339,0.0307
6,9870,0.0307
6,9920,0.0307
6,8889,0.0305
6,10023,0.0300
6,6980,0.0297
6,6837,0.0283
6,5189,0.0283
6,6382,0.0280
6,8854,0.0274
6,5724,0.0274
6,9607,0.0272
6,6611,0.0269
6,8752,0.0269
6,5928,0.0267
6,9715,0.0266
6,9113,0.0265
6,9339,0.0264
6,8265,0.0263
6,7724,0.0263
6,7527,0.0261
6,6761,0.0261
6,6062,0.0258
6,6345,0.0255
6,6688,0.0255
6,5950,0.0254
6,8956,0.0252
6,8615,0.0243
6,6799,0.0243
6,9227,0.0241
6,8028,0.0241
6,8241,0.0241
6,6786,0.0239
6,5974,0.0237
6,7557,0.0232
6,5204,0.0228
6,8040,0.0228
6,8116,0.0228
6,8072,0.0227
6,9311,0.0222
6,7296,0.0222
6,5620,0.0218
6,8231,0.0217
6,10011,0.0217
6,6804,0.0215
6,10005,0.0211
6,9077,0.0210
6,7592,0.0209
6,6839,0.0207
6,9345,0.0206
6,9904,0.0206
6,5490,0.0204
6,5477,0.0204
6,6387,0.0203
6,8074,0.0200
6,6605,0.0199
6,9537,0.0199
6,6313,0.0195
6,7426,0.0195
6,6110,0.0193
6,7223,0.0191
6,6181,0.0190
6,9094,0.0188
6,9222,0.0188
6,9806,0.0188
6,6435,0.0180
6,5742,0.0177
6,7503,0.0177
6,8474,0.0175
6,8486,0.0175
6,6459,0.0175
6,7106,0.0175
6,6773,0.0174
6,5167,0.0174
6,7075,0.0173
6,7722,0.0173
6,9815,0.0173
6,6979,0.0172
6,6285,0.0169
6,9115,0.0168
6,5337,0.0164
6,5094,0.0164
6,9526,0.0163
6,8018,0.0163
6,8691,0.0159
6,9722,0.0159
6,9880,0.0157
6,5494,0.0156
6,8211,0.0155
6,5949,0.0154
6,9460,0.0153
6,7885,0.0153
6,5874,0.0151
6,7229,0.0150
6,7327,0.0150
6,9769,0.0149
6,7784,0.0149
6,5613,0.0147
6,5669,0.0147
6,7031,0.0144
6,7875,0.0144
6,9420,0.0143
6,8184,0.0141
6,9057,0.0141
6,8291,0.0140
6,8976,0.0140
6,9893,0.0139
6,6071,0.0139
6,9541,0.0137
6,6910,0.0135
6,5766,0.0135
6,9477,0.0134
6,8789,0.0134
6,8773,0.0133
6,5865,0.0133
6,7622,0.0132
6,7656,0.0132
6,9729,0.0132
6,5219,0.0132
6,9639,0.0132
6,6630,0.0131
6,9202,0.0131
6,5459,0.0130
6,8013,0.0130
6,7216,0.0130
6,5036,0.0129
6,8765,0.0128
6,7323,0.0128
6,5153,0.0127
6,7168,0.0126
6,9058,0.0126
6,8731,0.0126
6,5324,0.0126
6,5554,0.0126
6,7872,0.0125
6,5917,0.0125
6,7063,0.0122
6,8380,0.0122
6,8057,0.0121
6,5332,0.0121
6,6472,0.0120
6,6559,0.0119
6,8481,0.0117
6,8532,0.0116
6,5175,0.0115
6,9385,0.0114
6,5468,0.0114
6,5593,0.0114
6,6932,0.0113
6,7605,0.0111
6,6632,0.0109
6,9241,0.0109
6,8869,0.0109
6,9178,0.0107
6,7282,0.0107
6,9894,0.0107
6,6011,0.0107
6,9681,0.0107
6,9989,0.0107
6,6466,0.0107
6,5829,0.0107
6,6311,0.0106
6,8583,0.0105
6,8126,0.0105
6,9042,0.0105
6,9828,0.0104
6,8101,0.0102
6,8696,0.0102
6,5716,0.0101
6,6203,0.0100
6,8617,0.0100
6,5965,0.0100
6,6907,0.0099
6,9214,0.0099
6,7375,0.0099
6,5973,0.0099
6,7514,0.0097
6,5600,0.0097
6,8317,0.0096
6,8955,0.0095
6,9073,0.0095
6,5185,0.0095
6,6183,0.0095
6,5830,0.0093
6,7879,0.0093
6,5877,0.0093
6,6905,0.0092
6,7728,0.0092
6,5954,0.0090
6,7328,0.0087
6,5330,0.0087
6,7664,0.0087
6,5940,0.0087
6,8117,0.0086
6,8230,0.0085
6,7109,0.0085
6,7822,0.0084
6,8611,0.0083
6,8638,0.0083
6,7118,0.0081
6,7678,0.0081
6,9437,0.0081
6,6433,0.0081
6,5351,0.0081
6,5870,0.0081
6,6491,0.0080
6,9205,0.0079
6,7845,0.0079
6,6299,0.0078
6,7725,0.0076
6,5471,0.0075
6,8050,0.0075
6,8114,0.0075
6,9067,0.0074
6,10028,0.0073
6,9361,0.0073
6,9187,0.0073
6,5472,0.0072
6,7178,0.0072
6,7579,0.0072
6,5301,0.0071
6,7708,0.0071
6,6920,0.0071
6,9090,0.0071
6,8034,0.0070
6,5254,0.0070
6,8524,0.0070
6,9944,0.0069
6,6320,0.0068
6,6496,0.0067
6,6189,0.0067
6,9688,0.0067
6,6856,0.0066
6,5474,0.0066
6,8954,0.0065
6,5106,0.0064
6,6757,0.0063
6,5242,0.0063
6,9569,0.0063
6,5777,0.0063
6,6287,0.0063
6,6586,0.0062
6,8925,0.0062
6,9849,0.0062
6,5652,0.0062
6,6607,0.0061
6,9055,0.0061
6,6182,0.0061
6,8566,0.0061
6,8533,0.0060
6,8764,0.0060
6,6796,0.0060
6,5017,0.0059
6,5118,0.0059
6,7530,0.0059
6,9538,0.0059
6,9548,0.0059
6,6424,0.0059
6,7230,0.0058
6,9563,0.0058
6,8234,0.0057
6,8309,0.0057
6,10030,0.0057
6,7925,0.0057
6,7928,0.0056
6,5781,0.0056
6,5937,0.0056
6,6638,0.0055
6,9973,0.0055
6,5729,0.0055
6,5023,0.0054
6,5558,0.0054
6,7697,0.0054
6,8158,0.0053
6,8964,0.0053
6,5597,0.0053
6,6259,0.0052
6,8613,0.0052
6,6325,0.0052
6,8741,0.0052
6,7187,0.0052
6,6359,0.0051
6,7791,0.0051
6,7709,0.0051
6,5255,0.0051
6,9049,0.0051
6,9059,0.0050
6,8912,0.0050
6,8641,0.0050
6,8785,0.0049
6,8377,0.0049
6,9546,0.0048
6,5811,0.0048
6,9532,0.0048
6,9060,0.0048
6,5831,0.0047
6,8784,0.0046
6,7051,0.0045
6,6993,0.0045
6,7228,0.0045
6,6216,0.0045
6,6213,0.0045
6,8451,0.0044
6,8788,0.0043
6,5294,0.0043
6,9405,0.0043
6,8307,0.0043
6,8025,0.0042
6,9616,0.0041
6,5769,0.0041
6,6473,0.0041
6,5495,0.0041
6,7704,0.0041
6,8298,0.0040
6,5308,0.0039
6,8966,0.0037
6,7289,0.0030
6,5445,0.0030
6,7688,0.0029
6,5470,0.0028
6,5496,0.0026
6,9389,0.0026
6,5350,0.0023
7,8091,0.4833
7,7113,0.3539
7,8141,0.2489
7,9937,0.2309
7,5514,0.2097
7,7941,0.2097
7,6673,0.2020
7,5124,0.1936
7,9273,0.1704
7,5378,0.1639
7,9391,0.1570
7,8573,0.1505
7,8971,0.1467
7,8426,0.1450
7,8659,0.1450
7,9024,0.1450
7,9250,0.1450
7,5871,0.1450
7,6097,0.1450
7,6417,0.1450
7,6648,0.1450
7,6895,0.1450
7,7111,0.1450
7,7661,0.1450
7,7930,0.1450
7,8164,0.1450
7,8457,0.1436
7,8661,0.1436
7,7754,0.1436
7,5439,0.1433
7,7342,0.1433
7,5092,0.1416
7,5630,0.1416
7,7726,0.1398
7,9265,0.1374
7,9559,0.1374
7,6446,0.1368
7,9817,0.1358
7,9098,0.1316
7,9750,0.1316
7,9941,0.1316
7,6105,0.1316
7,6492,0.1316
7,7348,0.1316
7,5000,0.1302
7,7746,0.1298
7,7116,0.1264
7,9516,0.1254
7,9099,0.1248
7,9864,0.1239
7,5888,0.1215
7,8707,0.1190
7,8340,0.1163
7,8480,0.1150
7,5583,0.1135
7,6921,0.1128
7,8174,0.1128
7,9871,0.1127
7,9662,0.1107
7,9150,0.1091
7,7603,0.1082
7,6378,0.1051
7,5995,0.0993
7,5562,0.0980
7,6474,0.0978
7,9556,0.0974
7,7743,0.0964
7,5846,0.0951
7,7777,0.0950
7,7283,0.0947
7,7011,0.0942
7,7825,0.0920
7,5025,0.0914
7,6780,0.0912
7,9552,0.0901
7,9464,0.0886
7,8337,0.0884
7,5101,0.0884
7,5157,0.0854
7,7315,0.0842
7,5061,0.0842
7,6148,0.0837
7,5793,0.0832
7,8053,0.0830
7,7827,0.0814
7,6334,0.0808
7,5847,0.0803
7,9311,0.0790
7,7943,0.0785
7,8082,0.0776
7,7956,0.0774
7,7995,0.0770
7,9113,0.0769
7,5653,0.0768
7,8692,0.0750
7,7323,0.0746
7,7748,0.0734
7,7931,0.0714
7,9354,0.0714
7,7435,0.0714
7,7761,0.0707
7,6237,0.0706
7,6677,0.0701
7,6778,0.0681
7,7887,0.0679
7,8708,0.0676
7,5120,0.0670
7,6557,0.0659
7,9276,0.0647
7,7210,0.0642
7,7033,0.0641
7,9741,0.0637
7,5269,0.0633
7,5044,0.0627
7,6289,0.0627
7,5517,0.0625
7,8257,0.0624
7,5505,0.0623
7,7949,0.0622
7,7610,0.0620
7,6707,0.0618
7,9710,0.0616
7,5122,0.0616
7,8110,0.0612
7,9288,0.0605
7,7010,0.0605
7,8562,0.0602
7,9838,0.0599
7,9082,0.0587
7,9606,0.0584
7,6668,0.0581
7,9763,0.0574
7,6675,0.0574
7,5422,0.0573
7,7431,0.0571
7,8180,0.0565
7,6491,0.0560
7,6066,0.0560
7,7824,0.0560
7,6785,0.0559
7,6009,0.0558
7,7006,0.0558
7,6919,0.0557
7,5336,0.0554
7,7947,0.0551
7,7669,0.0548
7,5616,0.0547
7,8081,0.0546
7,5356,0.0545
7,9888,0.0541
7,9677,0.0540
7,7016,0.0538
7,9148,0.0536
7,6113,0.0535
7,7038,0.0535
7,8244,0.0535
7,8414,0.0532
7,5972,0.0531
7,5277,0.0530
7,5639,0.0527
7,5009,0.0525
7,7563,0.0524
7,5560,0.0521
7,6873,0.0521
7,7350,0.0521
7,7939,0.0518
7,5817,0.0518
7,8660,0.0516
7,8455,0.0516
7,6764,0.0514
7,7626,0.0514
7,8940,0.0512
7,9102,0.0507
7,9747,0.0507
7,9262,0.0505
7,5249,0.0505
7,5796,0.0505
7,5123,0.0504
7,7349,0.0503
7,7937,0.0498
7,6092,0.0494
7,5261,0.0493
7,6723,0.0488
7,8475,0.0487
7,5889,0.0486
7,5662,0.0485
7,9554,0.0485
7,6670,0.0485
7,8519,0.0483
7,8177,0.0482
7,7833,0.0481
7,6906,0.0481
7,5885,0.0477
7,6102,0.0477
7,8356,0.0476
7,6865,0.0476
7,8662,0.0475
7,7854,0.0474
7,9561,0.0473
7,9547,0.0472
7,5883,0.0472
7,8318,0.0470
7,9543,0.0468
7,8847,0.0466
7,7897,0.0465
7,5746,0.0464
7,5865,0.0463
7,6676,0.0463
7,5138,0.0460
7,8749,0.0459
7,5320,0.0457
7,7321,0.0457
7,5375,0.0457
7,6054,0.0454
7,7758,0.0451
7,8255,0.0447
7,5074,0.0444
7,8027,0.0443
7,9000,0.0443
7,7299,0.0443
7,7751,0.0443
7,6829,0.0441
7,7426,0.0441
7,5183,0.0439
7,5322,0.0439
7,9100,0.0439
7,9263,0.0438
7,8512,0.0436
7,5809,0.0435
7,9863,0.0434
7,7198,0.0434
7,7347,0.0431
7,5783,0.0429
7,6389,0.0428
7,6575,0.0428
7,8209,0.0427
7,9560,0.0425
7,7117,0.0425
7,9787,0.0424
7,9444,0.0423
7,5980,0.0422
7,5612,0.0422
7,6489,0.0421
7,5601,0.0420
7,7599,0.0419
7,5701,0.0417
7,6836,0.0416
7,5214,0.0414
7,5251,0.0414
7,5850,0.0414
7,8671,0.0414
7,7497,0.0414
7,5118,0.0413
7,7965,0.0411
7,6036,0.0410
7,8039,0.0410
7,6297,0.0409
7,9109,0.0408
7,10016,0.0408
7,5026,0.0408
7,6794,0.0408
7,7988,0.0408
7,10019,0.0407
7,6405,0.0406
7,5299,0.0402
7,5964,0.0401
7,6190,0.0401
7,9742,0.0398
7,6396,0.0397
7,9388,0.0397
7,6421,0.0397
7,9555,0.0396
7,6497,0.0395
7,6693,0.0395
7,7589,0.0395
7,7646,0.0393
7,7046,0.0392
7,8350,0.0391
7,9110,0.0390
7,9792,0.0389
7,7635,0.0389
7,7821,0.0387
7,6702,0.0387
7,7756,0.0387
7,8401,0.0385
7,6384,0.0385
7,5772,0.0383
7,6627,0.0383
7,6578,0.0383
7,7077,0.0382
7,8454,0.0380
7,5890,0.0379
7,9550,0.0379
7,5403,0.0379
7,7453,0.0378
7,8345,0.0378
7,6220,0.0378
7,7553,0.0378
7,6104,0.0377
7,10017,0.0376
7,8308,0.0376
7,8138,0.0375
7,6486,0.0375
7,7948,0.0375
7,6936,0.0374
7,5766,0.0374
7,9700,0.0374
7,6645,0.0374
7,8876,0.0374
7,9834,0.0373
7,9563,0.0372
7,8867,0.0372
7,6023,0.0371
7,5913,0.0370
7,9549,0.0369
7,9688,0.0369
7,7335,0.0368
7,9523,0.0368
7,5756,0.0367
7,5832,0.0367
7,6672,0.0367
7,8619,0.0367
7,5958,0.0367
7,6400,0.0367
7,6296,0.0366
7,5792,0.0365
7,7639,0.0364
7,8824,0.0362
7,6571,0.0362
7,8010,0.0361
7,6209,0.0361
7,8728,0.0361
7,9768,0.0361
7,5128,0.0361
7,5503,0.0361
7,7755,0.0361
7,5638,0.0359
7,7771,0.0358
7,8210,0.0357
7,8295,0.0357
7,8339,0.0355
7,6755,0.0354
7,8201,0.0354
7,9997,0.0354
7,7500,0.0354
7,6800,0.0354
7,9081,0.0352
7,5934,0.0350
7,9943,0.0350
7,7973,0.0347
7,5497,0.0347
7,8636,0.0347
7,9144,0.0347
7,9746,0.0345
7,5089,0.0344
7,5657,0.0344
7,9278,0.0343
7,7069,0.0343
7,6055,0.0343
7,7114,0.0340
7,6231,0.0340
7,7620,0.0340
7,9967,0.0340
7,9271,0.0339
7,9743,0.0338
7,9092,0.0336
7,5573,0.0335
7,9604,0.0334
7,5894,0.0333
7,7852,0.0332
7,5518,0.0332
7,9771,0.0331
7,9266,0.0330
7,6385,0.0330
7,7131,0.0329
7,5410,0.0329
7,7760,0.0329
7,6468,0.0329
7,5957,0.0329
7,6881,0.0327
7,8892,0.0327
7,7425,0.0326
7,6874,0.0325
7,9739,0.0325
7,5810,0.0324
7,5647,0.0324
7,8452,0.0323
7,5158,0.0322
7,6181,0.0322
7,6804,0.0321
7,9558,0.0321
7,6459,0.0319
7,5212,0.0317
7,8132,0.0317
7,7800,0.0316
7,8175,0.0315
7,7843,0.0315
7,5921,0.0315
7,6252,0.0313
7,8343,0.0313
7,6318,0.0312
7,6779,0.0312
7,6970,0.0312
7,7390,0.0312
7,7532,0.0311
7,8222,0.0311
7,9802,0.0310
7,5782,0.0310
7,5983,0.0310
7,5011,0.0307
7,9091,0.0306
7,5260,0.0306
7,8346,0.0306
7,9917,0.0304
7,5641,0.0304
7,8008,0.0304
7,9519,0.0304
7,6291,0.0303
7,6962,0.0302
7,8427,0.0302
7,8831,0.0301
7,7192,0.0300
7,8389,0.0299
7,9210,0.0299
7,6327,0.0298
7,9719,0.0298
7,6138,0.0298
7,6747,0.0298
7,6443,0.0297
7,5334,0.0297
7,9940,0.0296
7,8300,0.0296
7,7118,0.0296
7,6182,0.0295
7,7214,0.0294
7,8827,0.0294
7,6875,0.0293
7,7810,0.0293
7,8901,0.0292
7,5489,0.0292
7,9207,0.0292
7,6193,0.0290
7,6460,0.0290
7,6288,0.0290
7,8236,0.0289
7,5072,0.0289
7,9246,0.0289
7,9798,0.0288
7,5797,0.0287
7,9749,0.0287
7,9324,0.0287
7,6106,0.0287
7,10023,0.0286
7,8820,0.0285
7,8088,0.0284
7,5728,0.0284
7,6681,0.0283
7,8591,0.0282
7,9975,0.0282
7,9680,0.0282
7,5376,0.0280
7,7623,0.0280
7,8888,0.0280
7,6593,0.0280
7,8151,0.0280
7,5673,0.0278
7,5882,0.0278
7,8988,0.0277
7,6495,0.0277
7,7459,0.0277
7,8495,0.0277
7,5377,0.0277
7,7035,0.0276
7,6536,0.0275
7,6530,0.0275
7,5323,0.0275
7,7164,0.0274
7,7976,0.0274
7,5412,0.0273
7,9104,0.0272
7,5953,0.0272
7,8294,0.0272
7,8587,0.0272
7,5896,0.0272
7,9203,0.0271
7,6918,0.0271
7,9474,0.0271
7,6273,0.0270
7,6303,0.0270
7,6309,0.0269
7,6838,0.0268
7,5571,0.0268
7,9551,0.0268
7,9159,0.0268
7,6146,0.0268
7,7951,0.0268
7,8690,0.0268
7,5837,0.0268
7,9126,0.0268
7,9286,0.0268
7,9477,0.0268
7,5895,0.0268
7,6392,0.0268
7,6562,0.0266
7,5715,0.0266
7,8438,0.0265
7,9279,0.0264
7,6310,0.0264
7,7144,0.0264
7,9438,0.0263
7,5223,0.0263
7,5393,0.0263
7,8688,0.0262
7,7518,0.0262
7,9542,0.0262
7,9756,0.0261
7,9280,0.0260
7,7950,0.0260
7,9540,0.0260
7,5102,0.0259
7,6777,0.0259
7,5156,0.0259
7,5858,0.0258
7,5690,0.0258
7,6212,0.0257
7,8397,0.0257
7,8699,0.0257
7,9785,0.0257
7,10000,0.0257
7,6523,0.0257
7,6790,0.0257
7,7300,0.0257
7,6684,0.0257
7,7886,0.0257
7,6618,0.0257
7,9942,0.0256
7,7592,0.0256
7,9580,0.0255
7,7316,0.0255
7,6253,0.0254
7,7814,0.0254
7,7757,0.0254
7,5004,0.0254
7,5235,0.0254
7,5603,0.0254
7,7396,0.0254
7,6490,0.0253
7,9398,0.0253
7,5908,0.0252
7,5986,0.0252
7,9769,0.0251
7,6506,0.0250
7,5887,0.0250
7,9390,0.0249
7,8654,0.0249
7,6558,0.0248
7,8382,0.0248
7,8278,0.0247
7,9707,0.0247
7,5050,0.0247
7,5576,0.0247
7,8972,0.0247
7,5559,0.0247
7,9591,0.0247
7,9744,0.0246
7,7728,0.0246
7,6824,0.0246
7,6336,0.0245
7,9969,0.0244
7,6210,0.0243
7,6187,0.0242
7,6286,0.0242
7,8044,0.0242
7,9599,0.0241
7,5651,0.0241
7,5319,0.0241
7,9956,0.0240
7,6886,0.0240
7,5311,0.0240
7,7495,0.0239
7,8925,0.0239
7,7434,0.0239
7,9356,0.0238
7,5117,0.0238
7,5548,0.0238
7,6689,0.0237
7,8924,0.0237
7,8384,0.0236
7,7789,0.0236
7,5082,0.0236
7,8664,0.0235
7,7920,0.0235
7,7618,0.0235
7,8800,0.0234
7,6418,0.0234
7,8776,0.0233
7,9593,0.0233
7,7134,0.0233
7,9155,0.0231
7,6995,0.0231
7,8625,0.0231
7,5738,0.0231
7,5275,0.0230
7,7766,0.0230
7,7583,0.0230
7,5162,0.0229
7,6496,0.0229
7,7940,0.0229
7,7225,0.0229
7,5236,0.0228
7,7356,0.0228
7,8620,0.0227
7,5268,0.0227
7,7900,0.0226
7,9553,0.0226
7,7222,0.0226
7,9049,0.0226
7,7538,0.0225
7,9600,0.0225
7,6018,0.0225
7,7647,0.0225
7,6505,0.0224
7,6154,0.0224
7,5910,0.0223
7,7372,0.0223
7,7590,0.0223
7,7957,0.0223
7,8630,0.0223
7,5808,0.0222
7,5490,0.0222
7,6364,0.0222
7,9630,0.0222
7,8742,0.0221
7,6510,0.0221
7,6765,0.0221
7,7374,0.0221
7,5150,0.0221
7,8181,0.0221
7,8859,0.0220
7,5781,0.0220
7,7174,0.0219
7,6714,0.0219
7,8412,0.0218
7,5569,0.0218
7,5734,0.0218
7,6130,0.0218
7,6355,0.0218
7,8169,0.0218
7,7150,0.0217
7,5777,0.0217
7,5704,0.0217
7,6775,0.0217
7,6797,0.0216
7,8298,0.0216
7,8312,0.0216
7,7073,0.0216
7,5515,0.0216
7,5637,0.0216
7,8673,0.0215
7,9775,0.0215
7,5513,0.0215
7,7975,0.0215
7,8474,0.0215
7,7123,0.0215
7,8554,0.0214
7,5685,0.0214
7,8817,0.0214
7,7029,0.0214
7,9753,0.0213
7,7146,0.0213
7,7517,0.0213
7,9533,0.0213
7,9140,0.0212
7,5988,0.0212
7,6131,0.0212
7,6837,0.0212
7,6555,0.0211
7,8893,0.0211
7,9125,0.0211
7,8693,0.0211
7,6298,0.0211
7,6798,0.0211
7,10005,0.0211
7,7968,0.0211
7,8986,0.0211
7,6911,0.0209
7,6978,0.0209
7,5111,0.0209
7,7288,0.0208
7,5650,0.0207
7,5788,0.0207
7,7985,0.0207
7,6635,0.0207
7,7084,0.0207
7,9261,0.0206
7,8011,0.0206
7,9892,0.0206
7,8024,0.0205
7,9077,0.0205
7,8020,0.0204
7,6469,0.0204
7,5994,0.0204
7,7955,0.0204
7,9944,0.0204
7,8976,0.0204
7,5880,0.0203
7,8315,0.0203
7,5112,0.0203
7,5317,0.0202
7,7331,0.0201
7,7154,0.0201
7,8514,0.0200
7,9779,0.0200
7,7902,0.0200
7,6440,0.0200
7,7978,0.0199
7,7598,0.0199
7,6649,0.0199
7,6349,0.0199
7,9496,0.0198
7,5679,0.0198
7,5892,0.0198
7,7156,0.0198
7,7172,0.0198
7,5351,0.0197
7,8665,0.0197
7,7954,0.0197
7,9874,0.0196
7,9954,0.0196
7,6382,0.0196
7,8550,0.0195
7,5043,0.0195
7,5672,0.0195
7,6678,0.0195
7,8220,0.0195
7,8973,0.0195
7,7844,0.0195
7,7745,0.0194
7,5564,0.0194
7,9214,0.0194
7,7706,0.0193
7,5825,0.0193
7,9896,0.0193
7,8306,0.0193
7,6917,0.0193
7,9569,0.0193
7,8666,0.0192
7,6556,0.0192
7,8487,0.0192
7,6060,0.0192
7,8042,0.0192
7,8119,0.0192
7,9783,0.0191
7,6807,0.0191
7,5884,0.0191
7,8290,0.0191
7,7613,0.0191
7,6299,0.0191
7,7842,0.0191
7,8150,0.0190
7,5492,0.0190
7,10018,0.0190
7,5947,0.0190
7,7738,0.0189
7,7732,0.0189
7,8299,0.0189
7,5205,0.0189
7,9208,0.0189
7,5854,0.0189
7,9139,0.0188
7,8652,0.0187
7,7229,0.0187
7,6287,0.0187
7,6240,0.0187
7,7471,0.0187
7,8765,0.0187
7,7780,0.0186
7,9435,0.0186
7,8716,0.0186
7,9983,0.0186
7,5929,0.0186
7,6573,0.0186
7,7108,0.0186
7,8047,0.0186
7,8819,0.0186
7,9762,0.0186
7,9073,0.0186
7,8511,0.0185
7,9215,0.0184
7,5652,0.0184
7,5540,0.0184
7,6752,0.0184
7,8172,0.0184
7,8080,0.0184
7,8750,0.0183
7,9349,0.0183
7,9352,0.0183
7,6311,0.0183
7,5830,0.0182
7,6145,0.0182
7,7407,0.0182
7,7574,0.0182
7,8065,0.0182
7,5799,0.0182
7,9642,0.0182
7,9487,0.0182
7,6183,0.0181
7,8344,0.0181
7,9800,0.0181
7,9852,0.0181
7,5332,0.0181
7,6082,0.0181
7,7491,0.0181
7,8093,0.0181
7,9025,0.0181
7,8464,0.0180
7,5923,0.0180
7,5296,0.0180
7,9128,0.0180
7,7324,0.0180
7,8124,0.0180
7,8416,0.0180
7,8572,0.0179
7,9062,0.0179
7,8408,0.0179
7,7142,0.0178
7,7579,0.0178
7,7959,0.0178
7,8794,0.0178
7,6213,0.0177
7,5878,0.0176
7,6482,0.0176
7,8089,0.0176
7,9154,0.0175
7,8200,0.0175
7,8202,0.0175
7,5670,0.0175
7,8136,0.0175
7,5620,0.0175
7,8537,0.0174
7,8176,0.0174
7,6006,0.0174
7,5068,0.0174
7,6694,0.0174
7,6484,0.0173
7,5121,0.0173
7,8532,0.0173
7,7055,0.0173
7,6111,0.0172
7,7075,0.0172
7,8682,0.0172
7,9570,0.0172
7,9264,0.0171
7,6175,0.0171
7,9103,0.0171
7,5309,0.0171
7,7487,0.0171
7,9395,0.0170
7,6365,0.0170
7,5778,0.0170
7,9156,0.0170
7,9267,0.0170
7,5863,0.0170
7,7177,0.0170
7,7221,0.0170
7,9872,0.0170
7,5780,0.0170
7,5496,0.0170
7,8598,0.0169
7,9740,0.0169
7,8352,0.0169
7,9539,0.0169
7,5506,0.0169
7,6292,0.0169
7,8470,0.0168
7,8957,0.0168
7,9287,0.0168
7,6821,0.0168
7,9612,0.0167
7,8668,0.0167
7,5201,0.0167
7,6757,0.0167
7,5300,0.0167
7,5245,0.0166
7,8305,0.0166
7,6324,0.0166
7,5107,0.0166
7,7360,0.0166
7,7477,0.0166
7,9482,0.0165
7,6404,0.0165
7,6285,0.0165
7,6701,0.0165
7,5805,0.0165
7,5993,0.0164
7,8379,0.0164
7,8497,0.0164
7,9686,0.0164
7,7388,0.0163
7,9346,0.0163
7,5345,0.0163
7,8453,0.0162
7,7622,0.0162
7,8139,0.0162
7,6823,0.0162
7,6904,0.0161
7,9524,0.0161
7,6284,0.0161
7,5010,0.0161
7,9213,0.0161
7,5747,0.0161
7,7412,0.0161
7,5814,0.0160
7,8303,0.0160
7,5622,0.0160
7,9661,0.0160
7,8987,0.0160
7,5273,0.0160
7,6915,0.0160
7,6030,0.0160
7,6128,0.0160
7,6952,0.0160
7,7322,0.0160
7,8170,0.0159
7,8272,0.0159
7,9791,0.0159
7,5665,0.0159
7,9958,0.0159
7,6596,0.0159
7,7334,0.0159
7,7772,0.0159
7,7009,0.0158
7,5495,0.0158
7,8869,0.0158
7,5211,0.0158
7,6770,0.0158
7,7220,0.0158
7,7837,0.0158
7,8461,0.0158
7,5218,0.0157
7,8848,0.0157
7,8198,0.0156
7,5023,0.0156
7,6731,0.0156
7,6696,0.0155
7,6466,0.0155
7,9205,0.0155
7,10030,0.0154
7,10034,0.0154
7,9665,0.0154
7,8283,0.0154
7,7791,0.0154
7,9029,0.0154
7,6913,0.0153
7,7286,0.0153
7,9748,0.0152
7,9546,0.0152
7,9628,0.0152
7,9774,0.0152
7,5234,0.0151
7,8003,0.0151
7,8099,0.0151
7,8496,0.0151
7,6294,0.0151
7,7277,0.0151
7,9647,0.0151
7,8732,0.0151
7,7128,0.0150
7,5099,0.0150
7,5567,0.0150
7,8197,0.0149
7,7820,0.0149
7,7488,0.0149
7,5859,0.0149
7,6005,0.0149
7,7484,0.0148
7,6501,0.0148
7,8805,0.0148
7,6732,0.0148
7,6008,0.0148
7,8756,0.0147
7,6250,0.0147
7,7135,0.0147
7,8302,0.0147
7,5833,0.0147
7,5613,0.0147
7,6796,0.0147
7,9471,0.0147
7,5069,0.0147
7,6189,0.0146
7,6031,0.0146
7,7378,0.0146
7,7460,0.0146
7,7231,0.0146
7,7050,0.0146
7,7107,0.0146
7,7692,0.0145
7,8467,0.0145
7,9169,0.0145
7,9327,0.0145
7,6665,0.0145
7,5886,0.0145
7,5169,0.0145
7,6671,0.0145
7,5707,0.0144
7,6317,0.0144
7,7888,0.0144
7,6381,0.0144
7,9089,0.0144
7,5973,0.0144
7,9745,0.0144
7,5591,0.0144
7,5064,0.0143
7,9532,0.0143
7,9424,0.0143
7,5005,0.0143
7,5706,0.0143
7,5798,0.0143
7,6947,0.0143
7,7193,0.0143
7,5054,0.0142
7,9853,0.0142
7,5516,0.0142
7,5611,0.0141
7,5952,0.0141
7,6543,0.0141
7,6935,0.0141
7,7130,0.0141
7,5656,0.0141
7,6525,0.0141
7,7179,0.0141
7,6483,0.0141
7,9660,0.0140
7,6591,0.0140
7,5464,0.0140
7,9149,0.0140
7,5841,0.0140
7,8291,0.0140
7,8129,0.0140
7,5740,0.0139
7,9643,0.0139
7,7470,0.0139
7,7823,0.0139
7,9893,0.0139
7,5116,0.0139
7,5877,0.0139
7,6325,0.0138
7,5258,0.0138
7,7750,0.0138
7,5313,0.0138
7,6079,0.0138
7,7351,0.0138
7,6568,0.0137
7,5001,0.0137
7,6638,0.0137
7,8319,0.0137
7,7873,0.0137
7,9440,0.0137
7,8571,0.0137
7,5703,0.0137
7,8437,0.0137
7,8854,0.0137
7,5016,0.0137
7,6666,0.0137
7,7287,0.0137
7,7586,0.0137
7,7907,0.0136
7,8798,0.0136
7,8990,0.0136
7,6934,0.0136
7,5831,0.0136
7,9153,0.0136
7,8425,0.0135
7,7857,0.0135
7,8726,0.0135
7,5521,0.0135
7,8095,0.0135
7,5911,0.0135
7,6522,0.0135
7,9830,0.0134
7,5538,0.0134
7,8663,0.0134
7,5331,0.0134
7,9732,0.0134
7,8378,0.0134
7,8521,0.0134
7,9221,0.0134
7,9419,0.0134
7,5586,0.0134
7,8135,0.0134
7,9925,0.0133
7,5507,0.0133
7,5308,0.0133
7,6056,0.0133
7,6071,0.0133
7,7549,0.0133
7,5671,0.0133
7,7319,0.0133
7,5104,0.0133
7,8370,0.0132
7,6961,0.0132
7,7015,0.0132
7,6691,0.0132
7,5370,0.0132
7,6419,0.0132
7,7228,0.0132
7,5565,0.0132
7,7942,0.0132
7,5561,0.0132
7,8225,0.0132
7,9097,0.0131
7,9821,0.0131
7,9947,0.0131
7,5824,0.0131
7,9434,0.0131
7,6776,0.0131
7,7398,0.0130
7,8134,0.0130
7,7394,0.0130
7,7960,0.0130
7,5330,0.0130
7,9454,0.0130
7,8404,0.0130
7,8304,0.0130
7,9382,0.0130
7,8436,0.0130
7,6197,0.0129
7,9291,0.0129
7,5037,0.0129
7,6050,0.0129
7,8211,0.0129
7,5018,0.0129
7,8734,0.0128
7,7536,0.0128
7,7326,0.0128
7,7967,0.0128
7,7297,0.0128
7,8098,0.0128
7,7158,0.0128
7,9027,0.0128
7,6622,0.0127
7,8246,0.0127
7,8538,0.0127
7,5167,0.0127
7,5411,0.0127
7,5566,0.0127
7,9535,0.0127
7,9247,0.0127
7,6857,0.0127
7,8918,0.0126
7,9284,0.0126
7,9296,0.0126
7,6116,0.0126
7,6940,0.0126
7,9557,0.0126
7,9108,0.0126
7,5933,0.0126
7,7289,0.0126
7,9687,0.0126
7,9124,0.0126
7,5554,0.0125
7,7822,0.0125
7,5694,0.0125
7,5812,0.0125
7,8959,0.0125
7,8611,0.0125
7,8930,0.0125
7,9386,0.0125
7,9898,0.0125
7,5230,0.0125
7,7180,0.0125
7,6563,0.0125
7,5684,0.0124
7,7483,0.0124
7,8603,0.0124
7,6057,0.0124
7,7162,0.0124
7,8910,0.0124
7,6219,0.0124
7,8264,0.0124
7,5771,0.0124
7,5851,0.0124
7,5434,0.0123
7,7712,0.0123
7,7984,0.0123
7,5289,0.0123
7,6494,0.0123
7,9170,0.0123
7,7001,0.0123
7,6973,0.0123
7,5113,0.0122
7,8823,0.0122
7,9209,0.0122
7,7124,0.0122
7,7462,0.0122
7,6360,0.0122
7,6863,0.0121
7,5469,0.0121
7,8000,0.0121
7,9601,0.0121
7,5084,0.0121
7,7379,0.0121
7,9544,0.0121
7,5297,0.0121
7,9397,0.0121
7,5955,0.0121
7,5108,0.0121
7,6103,0.0120
7,10025,0.0120
7,6439,0.0120
7,8133,0.0120
7,9481,0.0119
7,6125,0.0119
7,9545,0.0119
7,7529,0.0119
7,8516,0.0118
7,7759,0.0118
7,8801,0.0118
7,8193,0.0118
7,6305,0.0118
7,9697,0.0118
7,5349,0.0118
7,6129,0.0118
7,6931,0.0117
7,7528,0.0117
7,5148,0.0117
7,9367,0.0117
7,8481,0.0117
7,8923,0.0117
7,9725,0.0117
7,5172,0.0117
7,7891,0.0117
7,7929,0.0117
7,6664,0.0116
7,7373,0.0116
7,6498,0.0116
7,8676,0.0116
7,7540,0.0116
7,7557,0.0116
7,7762,0.0116
7,8118,0.0116
7,6457,0.0115
7,8784,0.0115
7,7399,0.0115
7,9101,0.0115
7,5175,0.0114
7,6430,0.0114
7,8530,0.0114
7,8560,0.0114
7,9283,0.0114
7,5204,0.0114
7,5700,0.0114
7,8679,0.0113
7,8338,0.0113
7,10033,0.0113
7,5857,0.0113
7,6395,0.0112
7,6932,0.0112
7,8208,0.0112
7,8899,0.0112
7,9017,0.0112
7,6363,0.0112
7,6984,0.0112
7,8050,0.0112
7,8232,0.0112
7,6266,0.0112
7,7137,0.0112
7,7709,0.0112
7,6533,0.0111
7,8203,0.0111
7,6331,0.0111
7,7182,0.0111
7,8806,0.0111
7,8510,0.0111
7,6217,0.0110
7,6820,0.0110
7,9235,0.0110
7,5802,0.0110
7,8328,0.0110
7,8965,0.0109
7,9188,0.0109
7,8970,0.0109
7,5977,0.0109
7,9529,0.0109
7,9310,0.0109
7,9618,0.0109
7,9877,0.0109
7,5599,0.0109
7,7813,0.0109
7,8128,0.0109
7,8259,0.0109
7,6100,0.0108
7,6955,0.0108
7,5106,0.0108
7,6108,0.0108
7,8468,0.0108
7,5533,0.0108
7,9953,0.0108
7,6953,0.0108
7,6599,0.0107
7,7511,0.0107
7,7704,0.0107
7,6586,0.0107
7,8681,0.0106
7,6861,0.0106
7,7507,0.0106
7,8762,0.0106
7,7689,0.0106
7,8589,0.0105
7,6738,0.0105
7,8173,0.0105
7,5879,0.0105
7,9673,0.0105
7,8513,0.0104
7,6123,0.0104
7,8821,0.0104
7,8205,0.0104
7,5303,0.0104
7,7736,0.0103
7,8192,0.0103
7,6920,0.0103
7,8727,0.0103
7,8754,0.0103
7,7187,0.0103
7,6215,0.0103
7,6117,0.0102
7,8310,0.0102
7,7096,0.0102
7,9028,0.0102
7,7826,0.0102
7,5348,0.0102
7,8101,0.0102
7,5705,0.0102
7,9548,0.0101
7,9616,0.0101
7,9114,0.0101
7,9161,0.0101
7,5006,0.0101
7,7017,0.0101
7,7171,0.0101
7,7710,0.0101
7,7653,0.0101
7,7467,0.0100
7,9389,0.0100
7,8570,0.0100
7,5698,0.0100
7,7437,0.0100
7,8179,0.0099
7,5291,0.0099
7,5870,0.0099
7,9807,0.0098
7,6910,0.0098
7,5512,0.0098
7,6248,0.0098
7,6473,0.0098
7,10035,0.0098
7,9525,0.0098
7,7876,0.0097
7,6126,0.0097
7,7402,0.0097
7,7389,0.0097
7,8449,0.0097
7,5315,0.0097
7,6907,0.0097
7,8787,0.0097
7,8935,0.0097
7,9443,0.0097
7,5732,0.0097
7,8818,0.0096
7,9498,0.0096
7,6110,0.0096
7,6733,0.0096
7,7368,0.0096
7,6003,0.0096
7,5328,0.0095
7,7735,0.0095
7,8760,0.0095
7,5281,0.0095
7,5735,0.0095
7,5030,0.0095
7,8955,0.0095
7,8115,0.0095
7,5096,0.0095
7,9192,0.0094
7,9371,0.0094
7,5770,0.0094
7,5906,0.0094
7,6634,0.0094
7,6937,0.0094
7,7853,0.0094
7,9436,0.0094
7,9328,0.0094
7,6721,0.0094
7,7357,0.0094
7,7872,0.0094
7,5835,0.0093
7,9611,0.0093
7,5034,0.0093
7,8363,0.0093
7,8608,0.0093
7,8336,0.0093
7,5476,0.0093
7,5600,0.0093
7,9773,0.0092
7,5614,0.0092
7,7224,0.0092
7,7014,0.0092
7,8076,0.0092
7,5687,0.0092
7,6379,0.0092
7,6051,0.0092
7,7614,0.0092
7,6621,0.0092
7,8317,0.0092
7,5324,0.0091
7,6925,0.0091
7,8120,0.0090
7,8062,0.0090
7,8879,0.0090
7,5881,0.0090
7,7051,0.0090
7,6927,0.0090
7,8254,0.0090
7,8697,0.0090
7,5602,0.0090
7,5659,0.0090
7,7452,0.0090
7,8505,0.0090
7,8543,0.0089
7,7879,0.0089
7,8301,0.0089
7,6216,0.0089
7,8207,0.0089
7,5834,0.0089
7,6503,0.0089
7,6521,0.0088
7,8238,0.0088
7,8281,0.0088
7,8729,0.0088
7,9212,0.0088
7,5904,0.0088
7,6851,0.0088
7,6884,0.0088
7,6667,0.0088
7,9075,0.0088
7,7170,0.0088
7,9782,0.0087
7,5855,0.0087
7,6330,0.0087
7,7106,0.0087
7,6258,0.0087
7,9347,0.0087
7,8297,0.0087
7,5125,0.0087
7,5482,0.0087
7,5999,0.0087
7,5433,0.0087
7,5103,0.0087
7,5875,0.0087
7,7534,0.0086
7,5713,0.0086
7,5546,0.0086
7,5017,0.0086
7,9667,0.0086
7,7530,0.0086
7,8788,0.0086
7,5110,0.0086
7,7966,0.0086
7,7166,0.0086
7,8221,0.0085
7,8406,0.0085
7,5145,0.0085
7,6119,0.0085
7,7856,0.0085
7,7952,0.0085
7,6709,0.0085
7,7925,0.0085
7,7230,0.0085
7,9583,0.0085
7,6949,0.0085
7,7088,0.0085
7,6452,0.0084
7,8700,0.0084
7,5731,0.0084
7,6262,0.0083
7,6869,0.0083
7,7451,0.0083
7,8092,0.0083
7,9019,0.0083
7,6967,0.0083
7,5902,0.0083
7,9541,0.0083
7,9181,0.0083
7,9014,0.0083
7,5014,0.0083
7,8488,0.0082
7,6139,0.0082
7,9504,0.0082
7,9973,0.0082
7,6720,0.0082
7,7365,0.0082
7,9445,0.0082
7,8499,0.0082
7,9985,0.0081
7,8786,0.0081
7,6012,0.0081
7,7747,0.0081
7,7687,0.0081
7,8739,0.0081
7,8849,0.0081
7,9340,0.0081
7,9979,0.0081
7,5534,0.0081
7,7367,0.0081
7,9066,0.0080
7,5085,0.0080
7,7730,0.0080
7,6455,0.0080
7,6149,0.0080
7,9116,0.0080
7,9457,0.0079
7,5402,0.0079
7,7408,0.0079
7,8021,0.0079
7,6661,0.0079
7,5483,0.0079
7,9475,0.0079
7,6602,0.0078
7,6659,0.0078
7,8841,0.0078
7,9813,0.0078
7,6590,0.0078
7,9308,0.0078
7,5572,0.0078
7,6158,0.0078
7,7479,0.0078
7,8326,0.0077
7,9891,0.0077
7,9119,0.0077
7,5071,0.0077
7,5321,0.0077
7,6170,0.0077
7,7831,0.0077
7,5621,0.0077
7,6862,0.0077
7,5765,0.0077
7,6753,0.0077
7,7481,0.0076
7,8261,0.0076
7,9870,0.0076
7,6549,0.0076
7,7305,0.0076
7,7377,0.0076
7,8446,0.0076
7,8067,0.0076
7,9460,0.0076
7,5022,0.0076
7,8178,0.0076
7,8911,0.0076
7,8795,0.0076
7,6094,0.0076
7,8680,0.0076
7,5660,0.0076
7,8418,0.0075
7,8884,0.0075
7,7539,0.0075
7,7115,0.0075
7,9515,0.0075
7,5105,0.0075
7,5948,0.0075
7,9860,0.0075
7,7416,0.0075
7,8604,0.0075
7,8641,0.0075
7,5063,0.0074
7,8838,0.0074
7,7784,0.0074
7,8114,0.0074
7,8785,0.0074
7,10028,0.0073
7,8792,0.0073
7,8590,0.0073
7,5726,0.0073
7,5493,0.0073
7,6151,0.0073
7,7686,0.0073
7,7159,0.0073
7,5443,0.0072
7,5179,0.0072
7,6902,0.0072
7,7093,0.0072
7,5359,0.0072
7,8448,0.0072
7,9056,0.0072
7,9972,0.0072
7,5166,0.0072
7,7980,0.0072
7,6564,0.0072
7,7178,0.0072
7,7070,0.0071
7,8667,0.0071
7,8771,0.0071
7,9573,0.0071
7,6085,0.0071
7,7310,0.0071
7,7424,0.0071
7,8504,0.0071
7,6099,0.0071
7,5326,0.0071
7,9312,0.0070
7,7868,0.0070
7,6353,0.0070
7,6386,0.0070
7,7829,0.0070
7,9053,0.0070
7,9572,0.0070
7,7341,0.0070
7,9901,0.0069
7,5381,0.0069
7,5461,0.0069
7,9236,0.0069
7,7773,0.0069
7,6839,0.0069
7,5367,0.0068
7,5648,0.0068
7,6713,0.0068
7,7181,0.0068
7,9403,0.0068
7,5717,0.0068
7,5867,0.0068
7,9812,0.0068
7,5210,0.0067
7,9362,0.0067
7,9716,0.0067
7,5097,0.0067
7,7352,0.0067
7,8073,0.0067
7,8253,0.0067
7,8960,0.0067
7,5522,0.0066
7,7865,0.0066
7,9645,0.0066
7,8962,0.0066
7,8410,0.0066
7,8567,0.0066
7,9329,0.0066
7,6507,0.0066
7,7062,0.0066
7,8898,0.0066
7,9485,0.0066
7,6180,0.0066
7,6200,0.0065
7,7121,0.0065
7,9678,0.0065
7,5282,0.0065
7,5298,0.0065
7,5478,0.0065
7,9933,0.0065
7,9858,0.0065
7,6705,0.0065
7,7223,0.0065
7,7353,0.0065
7,7847,0.0065
7,6589,0.0065
7,7216,0.0065
7,6127,0.0064
7,5247,0.0064
7,5625,0.0064
7,6866,0.0064
7,6688,0.0064
7,7355,0.0064
7,7644,0.0063
7,5950,0.0063
7,7832,0.0063
7,7168,0.0063
7,5940,0.0063
7,7691,0.0063
7,8725,0.0063
7,5749,0.0063
7,8376,0.0062
7,6499,0.0062
7,6476,0.0062
7,6793,0.0062
7,6244,0.0062
7,8230,0.0062
7,9405,0.0062
7,9421,0.0062
7,5751,0.0062
7,7359,0.0062
7,8954,0.0062
7,6184,0.0062
7,7109,0.0062
7,8723,0.0061
7,7295,0.0061
7,9936,0.0061
7,6887,0.0061
7,5508,0.0061
7,9294,0.0061
7,8019,0.0061
7,8799,0.0061
7,5914,0.0061
7,9537,0.0061
7,6871,0.0061
7,8219,0.0061
7,5047,0.0061
7,7667,0.0061
7,6872,0.0060
7,7787,0.0060
7,7998,0.0060
7,8102,0.0060
7,5779,0.0060
7,7309,0.0060
7,9396,0.0059
7,8469,0.0059
7,6903,0.0058
7,8341,0.0058
7,8362,0.0058
7,9176,0.0058
7,6453,0.0058
7,9233,0.0058
7,6238,0.0058
7,7395,0.0058
7,7428,0.0058
7,8974,0.0058
7,5530,0.0058
7,8871,0.0057
7,7455,0.0057
7,9076,0.0057
7,8991,0.0057
7,9185,0.0057
7,9663,0.0057
7,5477,0.0057
7,5279,0.0057
7,6134,0.0057
7,6493,0.0057
7,9206,0.0057
7,9320,0.0057
7,5593,0.0057
7,6300,0.0057
7,5420,0.0056
7,6437,0.0056
7,8450,0.0056
7,5306,0.0056
7,10026,0.0056
7,8966,0.0056
7,8828,0.0056
7,7552,0.0056
7,8736,0.0056
7,7677,0.0056
7,6261,0.0056
7,9903,0.0056
7,9772,0.0056
7,9392,0.0055
7,5627,0.0055
7,7012,0.0055
7,9578,0.0055
7,6646,0.0055
7,7110,0.0055
7,8826,0.0054
7,5094,0.0054
7,5729,0.0054
7,8309,0.0054
7,9987,0.0054
7,7580,0.0054
7,7473,0.0054
7,9231,0.0054
7,9039,0.0053
7,5743,0.0053
7,9989,0.0053
7,5316,0.0053
7,7871,0.0053
7,8165,0.0053
7,9136,0.0053
7,8751,0.0053
7,5737,0.0053
7,8084,0.0053
7,6165,0.0053
7,8137,0.0053
7,5472,0.0053
7,7838,0.0052
7,8583,0.0052
7,8961,0.0052
7,7899,0.0052
7,9252,0.0052
7,8058,0.0051
7,5764,0.0051
7,7719,0.0051
7,5946,0.0051
7,5350,0.0051
7,6848,0.0051
7,5140,0.0050
7,6960,0.0050
7,9922,0.0050
7,5374,0.0050
7,5795,0.0050
7,7938,0.0050
7,6444,0.0050
7,8617,0.0050
7,8563,0.0050
7,5965,0.0050
7,7226,0.0050
7,7227,0.0049
7,7219,0.0049
7,8698,0.0049
7,9198,0.0049
7,6728,0.0049
7,7448,0.0049
7,9530,0.0048
7,10027,0.0048
7,7858,0.0048
7,6825,0.0048
7,7701,0.0048
7,8085,0.0047
7,5760,0.0047
7,6142,0.0047
7,5400,0.0047
7,5394,0.0047
7,7788,0.0047
7,8456,0.0047
7,9229,0.0047
7,5397,0.0047
7,5465,0.0047
7,6802,0.0047
7,9950,0.0046
7,8767,0.0046
7,9133,0.0046
7,6214,0.0046
7,8271,0.0046
7,9738,0.0046
7,6905,0.0046
7,8596,0.0046
7,9694,0.0045
7,6249,0.0045
7,6410,0.0045
7,6909,0.0045
7,8825,0.0044
7,7690,0.0044
7,5595,0.0044
7,5498,0.0044
7,8592,0.0044
7,9518,0.0044
7,6049,0.0044
7,5239,0.0044
7,5049,0.0043
7,5241,0.0043
7,5294,0.0043
7,5826,0.0043
7,9484,0.0043
7,10039,0.0043
7,7674,0.0043
7,8445,0.0042
7,8307,0.0042
7,8322,0.0042
7,9833,0.0042
7,5774,0.0042
7,7516,0.0042
7,6428,0.0042
7,5130,0.0041
7,8638,0.0041
7,8743,0.0041
7,9751,0.0041
7,6383,0.0041
7,8323,0.0041
7,5769,0.0041
7,9780,0.0041
7,6166,0.0041
7,7961,0.0041
7,7605,0.0040
7,6742,0.0040
7,7671,0.0040
7,5634,0.0040
7,5093,0.0040
7,6045,0.0040
7,5816,0.0040
7,9531,0.0040
7,7609,0.0040
7,7053,0.0040
7,5238,0.0039
7,8606,0.0039
7,8434,0.0039
7,7702,0.0038
7,9536,0.0038
7,8116,0.0038
7,7725,0.0038
7,8740,0.0038
7,7419,0.0038
7,5168,0.0037
7,6751,0.0037
7,8195,0.0037
7,9067,0.0037
7,5280,0.0037
7,6077,0.0037
7,8956,0.0037
7,9059,0.0037
7,5982,0.0036
7,5941,0.0036
7,9945,0.0036
7,9480,0.0036
7,5696,0.0036
7,9186,0.0036
7,9038,0.0036
7,5463,0.0036
7,5813,0.0035
7,7415,0.0035
7,9090,0.0035
7,5262,0.0035
7,8627,0.0035
7,7273,0.0035
7,6660,0.0034
7,7693,0.0034
7,5592,0.0034
7,10031,0.0034
7,10029,0.0033
7,8789,0.0033
7,6856,0.0033
7,7666,0.0033
7,5474,0.0033
7,9501,0.0033
7,5954,0.0033
7,8314,0.0033
7,7919,0.0032
7,8649,0.0032
7,8609,0.0032
7,9788,0.0032
7,5307,0.0031
7,5008,0.0031
7,8578,0.0031
7,7699,0.0031
7,5033,0.0031
7,6870,0.0031
7,8822,0.0030
7,9179,0.0030
7,8857,0.0030
7,5293,0.0029
7,5775,0.0029
7,5329,0.0029
7,6574,0.0029
7,9831,0.0029
7,5114,0.0029
7,8447,0.0029
7,7232,0.0029
7,5485,0.0029
7,9684,0.0028
7,7206,0.0028
7,9052,0.0028
7,8585,0.0028
7,6263,0.0028
7,7086,0.0028
7,5629,0.0028
7,5646,0.0028
7,7450,0.0028
7,8797,0.0028
7,6368,0.0028
7,8874,0.0027
7,5776,0.0027
7,9344,0.0027
7,8774,0.0027
7,5558,0.0027
7,8793,0.0027
7,7869,0.0027
7,5115,0.0026
7,5304,0.0026
7,9339,0.0026
7,8790,0.0026
7,10020,0.0026
7,8063,0.0026
7,8883,0.0026
7,8613,0.0026
7,5100,0.0026
7,8313,0.0026
7,5727,0.0025
7,7851,0.0025
7,7683,0.0025
7,8912,0.0025
7,6605,0.0025
7,5144,0.0024
7,10015,0.0024
7,8377,0.0024
7,9685,0.0024
7,5396,0.0024
7,5811,0.0024
7,7054,0.0024
7,6171,0.0022
7,7694,0.0022
7,9625,0.0022
7,5036,0.0021
7,6834,0.0021
7,7063,0.0020
7,8057,0.0020
7,6485,0.0020
7,7684,0.0020
7,5449,0.0020
7,5119,0.0019
7,8327,0.0019
7,6916,0.0018
7,8791,0.0017
7,8939,0.0016
7,8374,0.0016
7,8245,0.0015
7,5338,0.0014
7,7713,0.0013
7,8922,0.0013
8,7211,0.2575
8,8419,0.1944
8,5608,0.1834
8,7314,0.1681
8,8564,0.1601
8,7449,0.1404
8,6578,0.1316
8,6342,0.1253
8,8547,0.1203
8,9805,0.1161
8,7380,0.1144
8,9069,0.1143
8,7820,0.1122
8,6567,0.1086
8,8370,0.1085
8,5486,0.1083
8,8860,0.1076
8,7146,0.1067
8,7821,0.1029
8,9281,0.1001
8,7892,0.0997
8,7433,0.0970
8,7155,0.0963
8,5014,0.0927
8,8170,0.0919
8,7909,0.0919
8,7980,0.0917
8,7723,0.0917
8,5579,0.0903
8,8270,0.0895
8,7367,0.0883
8,7413,0.0877
8,7883,0.0877
8,8041,0.0877
8,9192,0.0861
8,7822,0.0854
8,9671,0.0853
8,10004,0.0851
8,8264,0.0848
8,6335,0.0835
8,7559,0.0835
8,9455,0.0832
8,6187,0.0832
8,7890,0.0823
8,5424,0.0816
8,8015,0.0812
8,8358,0.0787
8,6850,0.0785
8,8243,0.0780
8,5798,0.0780
8,7369,0.0775
8,7023,0.0763
8,8050,0.0763
8,5184,0.0735
8,6122,0.0731
8,7021,0.0731
8,7079,0.0726
8,6008,0.0726
8,8709,0.0722
8,5807,0.0720
8,8418,0.0718
8,9574,0.0694
8,6262,0.0684
8,9086,0.0675
8,7434,0.0670
8,7771,0.0670
8,6126,0.0665
8,6817,0.0662
8,5266,0.0660
8,9897,0.0658
8,5316,0.0655
8,5657,0.0644
8,5578,0.0638
8,7965,0.0633
8,6461,0.0632
8,7499,0.0630
8,7811,0.0626
8,7022,0.0616
8,6309,0.0613
8,6462,0.0612
8,5834,0.0608
8,9963,0.0605
8,6579,0.0605
8,5570,0.0604
8,5676,0.0598
8,7106,0.0597
8,8490,0.0595
8,5695,0.0585
8,6032,0.0585
8,8399,0.0580
8,5799,0.0579
8,7130,0.0578
8,7733,0.0578
8,7298,0.0577
8,5848,0.0575
8,6904,0.0575
8,7025,0.0575
8,7581,0.0572
8,7575,0.0570
8,7385,0.0566
8,6808,0.0566
8,7142,0.0563
8,7542,0.0558
8,5708,0.0558
8,8294,0.0557
8,6471,0.0555
8,6693,0.0554
8,5690,0.0554
8,6470,0.0553
8,9784,0.0552
8,5174,0.0550
8,5930,0.0550
8,6611,0.0548
8,6025,0.0540
8,9490,0.0537
8,6147,0.0537
8,9499,0.0535
8,6537,0.0535
8,5494,0.0532
8,6158,0.0532
8,8013,0.0532
8,8957,0.0530
8,7216,0.0529
8,7953,0.0526
8,9478,0.0519
8,5660,0.0516
8,6513,0.0516
8,6766,0.0516
8,8183,0.0516
8,9652,0.0513
8,5347,0.0512
8,5905,0.0509
8,6696,0.0506
8,7078,0.0506
8,6285,0.0506
8,8701,0.0501
8,5680,0.0501
8,7165,0.0501
8,7545,0.0501
8,9422,0.0501
8,9327,0.0500
8,9241,0.0499
8,9402,0.0499
8,5803,0.0497
8,5804,0.0497
8,7144,0.0494
8,7213,0.0492
8,8704,0.0487
8,6354,0.0487
8,6811,0.0487
8,6813,0.0487
8,9616,0.0487
8,7879,0.0486
8,5952,0.0484
8,5825,0.0483
8,5535,0.0479
8,6686,0.0479
8,9110,0.0477
8,7732,0.0477
8,6125,0.0476
8,9859,0.0474
8,5801,0.0474
8,7992,0.0474
8,8854,0.0469
8,6119,0.0465
8,8100,0.0462
8,8588,0.0462
8,8708,0.0462
8,8710,0.0462
8,5675,0.0462
8,5957,0.0462
8,7139,0.0462
8,6116,0.0460
8,7036,0.0460
8,5728,0.0459
8,5385,0.0459
8,5953,0.0459
8,7160,0.0458
8,7990,0.0456
8,8203,0.0454
8,7573,0.0453
8,7906,0.0452
8,9414,0.0450
8,9198,0.0445
8,5488,0.0444
8,9427,0.0441
8,7300,0.0441
8,6027,0.0440
8,6627,0.0439
8,6375,0.0435
8,7428,0.0434
8,6311,0.0433
8,8345,0.0432
8,5540,0.0432
8,9624,0.0431
8,7872,0.0428
8,9407,0.0428
8,9876,0.0428
8,5658,0.0428
8,6143,0.0428
8,8874,0.0419
8,8407,0.0418
8,9303,0.0418
8,5384,0.0418
8,7996,0.0418
8,5386,0.0416
8,6710,0.0416
8,9384,0.0414
8,8684,0.0412
8,6304,0.0408
8,7089,0.0408
8,8702,0.0408
8,6020,0.0408
8,8223,0.0405
8,9212,0.0403
8,5641,0.0403
8,6851,0.0403
8,9565,0.0401
8,8479,0.0399
8,9300,0.0399
8,5390,0.0399
8,5577,0.0399
8,6512,0.0399
8,6524,0.0399
8,9134,0.0397
8,5921,0.0395
8,5360,0.0393
8,8576,0.0387
8,9595,0.0386
8,8192,0.0386
8,5191,0.0382
8,5192,0.0381
8,6577,0.0381
8,7988,0.0381
8,7138,0.0381
8,8005,0.0379
8,9853,0.0377
8,5743,0.0377
8,8581,0.0373
8,5373,0.0372
8,9584,0.0370
8,5907,0.0369
8,8095,0.0369
8,8362,0.0368
8,9807,0.0367
8,7623,0.0366
8,5043,0.0366
8,5833,0.0365
8,7744,0.0364
8,6503,0.0363
8,6515,0.0362
8,7968,0.0361
8,9591,0.0360
8,5435,0.0359
8,8502,0.0358
8,8529,0.0358
8,5387,0.0358
8,5681,0.0358
8,7386,0.0358
8,7964,0.0358
8,8435,0.0357
8,9288,0.0355
8,7578,0.0355
8,9306,0.0351
8,9785,0.0351
8,5682,0.0351
8,6581,0.0351
8,7140,0.0351
8,6955,0.0349
8,8478,0.0349
8,6519,0.0349
8,9577,0.0347
8,7853,0.0347
8,5925,0.0346
8,7277,0.0346
8,6848,0.0345
8,5870,0.0344
8,9296,0.0344
8,6819,0.0344
8,6936,0.0344
8,6957,0.0344
8,7600,0.0342
8,7198,0.0341
8,9386,0.0341
8,9537,0.0340
8,8464,0.0337
8,9410,0.0337
8,7027,0.0337
8,8698,0.0336
8,9678,0.0336
8,7860,0.0335
8,7593,0.0333
8,9232,0.0332
8,9615,0.0331
8,8214,0.0331
8,9383,0.0331
8,9401,0.0331
8,6509,0.0331
8,6511,0.0331
8,9589,0.0329
8,8871,0.0329
8,5835,0.0329
8,6719,0.0329
8,7918,0.0329
8,8364,0.0328
8,6030,0.0327
8,7394,0.0326
8,7844,0.0326
8,6006,0.0325
8,9951,0.0324
8,8689,0.0322
8,6129,0.0322
8,6800,0.0322
8,5141,0.0322
8,5693,0.0320
8,9572,0.0320
8,8003,0.0319
8,9795,0.0319
8,5152,0.0319
8,5391,0.0319
8,5915,0.0319
8,6791,0.0319
8,6818,0.0319
8,6983,0.0319
8,7987,0.0319
8,5614,0.0317
8,8644,0.0315
8,5331,0.0315
8,7614,0.0315
8,8232,0.0313
8,7736,0.0312
8,6522,0.0312
8,8530,0.0311
8,9187,0.0310
8,6029,0.0310
8,8829,0.0309
8,9128,0.0309
8,7925,0.0308
8,8713,0.0308
8,9600,0.0308
8,6018,0.0308
8,7157,0.0307
8,5586,0.0306
8,7396,0.0306
8,8579,0.0306
8,6075,0.0306
8,6933,0.0306
8,7485,0.0306
8,8190,0.0306
8,6521,0.0304
8,6951,0.0303
8,9588,0.0302
8,9965,0.0302
8,6510,0.0302
8,7169,0.0302
8,9406,0.0302
8,8729,0.0302
8,5841,0.0302
8,5506,0.0300
8,8103,0.0300
8,6182,0.0300
8,8276,0.0299
8,7354,0.0299
8,7734,0.0298
8,6643,0.0298
8,5662,0.0297
8,6130,0.0297
8,5403,0.0297
8,8856,0.0296
8,7911,0.0294
8,6233,0.0294
8,5149,0.0292
8,5151,0.0292
8,6974,0.0292
8,7029,0.0292
8,7999,0.0292
8,9664,0.0290
8,9804,0.0288
8,9684,0.0288
8,8322,0.0288
8,9305,0.0288
8,5388,0.0288
8,6583,0.0288
8,6815,0.0288
8,9556,0.0286
8,7475,0.0286
8,8187,0.0286
8,5569,0.0285
8,9779,0.0285
8,6973,0.0284
8,5929,0.0284
8,6474,0.0283
8,6514,0.0283
8,6962,0.0283
8,7985,0.0283
8,8466,0.0283
8,5919,0.0283
8,6093,0.0283
8,5099,0.0282
8,8741,0.0281
8,7143,0.0281
8,5568,0.0280
8,6336,0.0280
8,5664,0.0278
8,6019,0.0278
8,5495,0.0277
8,9078,0.0277
8,6007,0.0276
8,5672,0.0274
8,7810,0.0274
8,8124,0.0273
8,7389,0.0273
8,8290,0.0272
8,8467,0.0272
8,6961,0.0271
8,7532,0.0271
8,5585,0.0271
8,8217,0.0270
8,8375,0.0270
8,5679,0.0270
8,6504,0.0270
8,7028,0.0270
8,7156,0.0270
8,8360,0.0269
8,5007,0.0269
8,6263,0.0268
8,6630,0.0267
8,7735,0.0267
8,9394,0.0267
8,9317,0.0266
8,6022,0.0266
8,6964,0.0266
8,7546,0.0266
8,9326,0.0265
8,9630,0.0265
8,7279,0.0263
8,9197,0.0262
8,6266,0.0262
8,7590,0.0262
8,5170,0.0262
8,7368,0.0262
8,6715,0.0261
8,6821,0.0259
8,7748,0.0259
8,9418,0.0258
8,5906,0.0258
8,6937,0.0258
8,7436,0.0258
8,7991,0.0258
8,6967,0.0257
8,7371,0.0257
8,9094,0.0256
8,6938,0.0256
8,8838,0.0255
8,5674,0.0254
8,6516,0.0254
8,6573,0.0254
8,6934,0.0254
8,5363,0.0253
8,7864,0.0253
8,5687,0.0252
8,9698,0.0251
8,7951,0.0251
8,5821,0.0250
8,7981,0.0250
8,5081,0.0249
8,7500,0.0249
8,7768,0.0248
8,8475,0.0247
8,9279,0.0247
8,9800,0.0247
8,5332,0.0247
8,6310,0.0247
8,9105,0.0246
8,5776,0.0246
8,9821,0.0245
8,6909,0.0245
8,8719,0.0244
8,5392,0.0244
8,6580,0.0244
8,7392,0.0244
8,7950,0.0244
8,7959,0.0244
8,5185,0.0243
8,8180,0.0242
8,9079,0.0242
8,6806,0.0241
8,7800,0.0241
8,8089,0.0240
8,8166,0.0240
8,5705,0.0240
8,6731,0.0240
8,7955,0.0240
8,8474,0.0239
8,6028,0.0239
8,6773,0.0237
8,6589,0.0236
8,6672,0.0235
8,6796,0.0235
8,5698,0.0235
8,8932,0.0234
8,7577,0.0234
8,9411,0.0234
8,5160,0.0234
8,9665,0.0233
8,8537,0.0233
8,5145,0.0232
8,5688,0.0232
8,9961,0.0232
8,9803,0.0231
8,5325,0.0231
8,9592,0.0230
8,6953,0.0230
8,8350,0.0230
8,6190,0.0230
8,5101,0.0229
8,9663,0.0229
8,5558,0.0229
8,8389,0.0228
8,5229,0.0228
8,5677,0.0228
8,6360,0.0228
8,5235,0.0227
8,9582,0.0225
8,8242,0.0225
8,8827,0.0225
8,5169,0.0224
8,8497,0.0223
8,7409,0.0223
8,8218,0.0222
8,9319,0.0222
8,5916,0.0222
8,5940,0.0222
8,5651,0.0220
8,9360,0.0219
8,8046,0.0219
8,9213,0.0219
8,7387,0.0219
8,9666,0.0218
8,7408,0.0217
8,8008,0.0217
8,6050,0.0216
8,5131,0.0216
8,5112,0.0216
8,6958,0.0214
8,7192,0.0214
8,7489,0.0214
8,8930,0.0214
8,7197,0.0214
8,9484,0.0214
8,9156,0.0213
8,8047,0.0213
8,7151,0.0213
8,6849,0.0212
8,9982,0.0212
8,5923,0.0212
8,9322,0.0212
8,9225,0.0212
8,7777,0.0211
8,8438,0.0211
8,9316,0.0210
8,5738,0.0210
8,7838,0.0210
8,9090,0.0209
8,6380,0.0208
8,8201,0.0208
8,6588,0.0208
8,7776,0.0208
8,5902,0.0208
8,9694,0.0207
8,6679,0.0207
8,8496,0.0206
8,8506,0.0206
8,8718,0.0206
8,5150,0.0206
8,5389,0.0206
8,6585,0.0206
8,6894,0.0206
8,8028,0.0206
8,5076,0.0205
8,8499,0.0204
8,6754,0.0204
8,6154,0.0204
8,8753,0.0204
8,9840,0.0204
8,5583,0.0204
8,7405,0.0204
8,8410,0.0203
8,8791,0.0202
8,9777,0.0202
8,5072,0.0202
8,6884,0.0201
8,8923,0.0200
8,9415,0.0199
8,5663,0.0199
8,7548,0.0199
8,7540,0.0199
8,5815,0.0198
8,8495,0.0197
8,9797,0.0197
8,6317,0.0197
8,6798,0.0197
8,7280,0.0197
8,5175,0.0196
8,5029,0.0195
8,5154,0.0195
8,7390,0.0195
8,8016,0.0195
8,9320,0.0194
8,8235,0.0194
8,6939,0.0194
8,9295,0.0193
8,6935,0.0193
8,7731,0.0193
8,5313,0.0192
8,9531,0.0192
8,5323,0.0192
8,8987,0.0191
8,7335,0.0191
8,8094,0.0191
8,6919,0.0190
8,6235,0.0190
8,7182,0.0190
8,7553,0.0189
8,9314,0.0189
8,9967,0.0189
8,5911,0.0188
8,9514,0.0187
8,7008,0.0187
8,9587,0.0186
8,5867,0.0186
8,8199,0.0185
8,8231,0.0185
8,7783,0.0185
8,6714,0.0185
8,8139,0.0185
8,7183,0.0185
8,8720,0.0185
8,5521,0.0185
8,7852,0.0185
8,6915,0.0184
8,8297,0.0184
8,9959,0.0184
8,5912,0.0184
8,6988,0.0183
8,8919,0.0182
8,8455,0.0181
8,7206,0.0181
8,8589,0.0181
8,9113,0.0180
8,7062,0.0180
8,10016,0.0180
8,9891,0.0180
8,8918,0.0180
8,9696,0.0179
8,7090,0.0179
8,9304,0.0179
8,5158,0.0179
8,6867,0.0179
8,7839,0.0179
8,7764,0.0179
8,10033,0.0179
8,9483,0.0178
8,8349,0.0178
8,8314,0.0178
8,9307,0.0177
8,6965,0.0177
8,9732,0.0177
8,7779,0.0177
8,9082,0.0177
8,8727,0.0176
8,9345,0.0176
8,9904,0.0176
8,8106,0.0176
8,8604,0.0176
8,8227,0.0175
8,6523,0.0175
8,6712,0.0175
8,6549,0.0175
8,5063,0.0175
8,5348,0.0175
8,6178,0.0175
8,9460,0.0174
8,5022,0.0174
8,8148,0.0174
8,8980,0.0174
8,9766,0.0174
8,6023,0.0174
8,8113,0.0174
8,7120,0.0173
8,9247,0.0173
8,6104,0.0173
8,9802,0.0172
8,7168,0.0172
8,8409,0.0172
8,7887,0.0172
8,8804,0.0171
8,9210,0.0171
8,9672,0.0171
8,5671,0.0171
8,6558,0.0170
8,8982,0.0170
8,5917,0.0170
8,6775,0.0170
8,8425,0.0170
8,7162,0.0170
8,9214,0.0170
8,8188,0.0170
8,7975,0.0169
8,5701,0.0169
8,5926,0.0169
8,7974,0.0169
8,8785,0.0169
8,6149,0.0168
8,8914,0.0168
8,5055,0.0168
8,10007,0.0167
8,8408,0.0167
8,7958,0.0167
8,7995,0.0167
8,9832,0.0167
8,7115,0.0167
8,9315,0.0166
8,9793,0.0166
8,5047,0.0166
8,7397,0.0166
8,6943,0.0165
8,8515,0.0164
8,5138,0.0164
8,7989,0.0164
8,8284,0.0162
8,8413,0.0162
8,8647,0.0162
8,7785,0.0162
8,6181,0.0162
8,9570,0.0161
8,7940,0.0161
8,9806,0.0161
8,6802,0.0160
8,8175,0.0160
8,5034,0.0160
8,5830,0.0160
8,6707,0.0159
8,9519,0.0159
8,6071,0.0159
8,8678,0.0158
8,9157,0.0157
8,5936,0.0157
8,7942,0.0157
8,6966,0.0157
8,7163,0.0157
8,7455,0.0157
8,9116,0.0156
8,9938,0.0156
8,5412,0.0156
8,6944,0.0156
8,5157,0.0156
8,5493,0.0156
8,6297,0.0156
8,8560,0.0155
8,6598,0.0155
8,9547,0.0154
8,7117,0.0154
8,7954,0.0154
8,7336,0.0153
8,7513,0.0153
8,5309,0.0153
8,5159,0.0153
8,7670,0.0153
8,5522,0.0152
8,7082,0.0152
8,6844,0.0152
8,5865,0.0152
8,9251,0.0151
8,9435,0.0151
8,5039,0.0151
8,9789,0.0150
8,5566,0.0149
8,6875,0.0149
8,9310,0.0149
8,9946,0.0149
8,6978,0.0149
8,6395,0.0149
8,9993,0.0148
8,5546,0.0148
8,5933,0.0148
8,7411,0.0148
8,8001,0.0148
8,7843,0.0147
8,5805,0.0147
8,9757,0.0147
8,6870,0.0147
8,8580,0.0146
8,9308,0.0146
8,7809,0.0146
8,9267,0.0146
8,6044,0.0146
8,8878,0.0145
8,9140,0.0145
8,7907,0.0144
8,9188,0.0144
8,7393,0.0144
8,5023,0.0144
8,8731,0.0143
8,8034,0.0143
8,7129,0.0143
8,5012,0.0143
8,8514,0.0143
8,5173,0.0143
8,8162,0.0143
8,8272,0.0142
8,5653,0.0142
8,5265,0.0141
8,6171,0.0141
8,9981,0.0141
8,6348,0.0141
8,8743,0.0141
8,8379,0.0140
8,6922,0.0140
8,8556,0.0140
8,5997,0.0140
8,9544,0.0140
8,7184,0.0139
8,6321,0.0139
8,6704,0.0139
8,6675,0.0139
8,7349,0.0139
8,5534,0.0139
8,6996,0.0139
8,9530,0.0138
8,8777,0.0138
8,9161,0.0138
8,7017,0.0138
8,7065,0.0138
8,7608,0.0138
8,9456,0.0138
8,5269,0.0138
8,5747,0.0138
8,6840,0.0138
8,5322,0.0137
8,6927,0.0137
8,7134,0.0137
8,7322,0.0137
8,5368,0.0136
8,6559,0.0136
8,8132,0.0136
8,9284,0.0136
8,9050,0.0136
8,6151,0.0136
8,6246,0.0136
8,9545,0.0135
8,8195,0.0135
8,9647,0.0135
8,7652,0.0135
8,8107,0.0135
8,8732,0.0135
8,9813,0.0134
8,9836,0.0134
8,5856,0.0134
8,9954,0.0134
8,8159,0.0134
8,8299,0.0134
8,8434,0.0134
8,8481,0.0134
8,8136,0.0134
8,8881,0.0134
8,7479,0.0134
8,9579,0.0133
8,7460,0.0133
8,8504,0.0132
8,9701,0.0132
8,7185,0.0132
8,9404,0.0131
8,8230,0.0131
8,9107,0.0131
8,7840,0.0131
8,7884,0.0131
8,7488,0.0131
8,7454,0.0131
8,9613,0.0130
8,8786,0.0130
8,8760,0.0130
8,8886,0.0130
8,9206,0.0130
8,9371,0.0129
8,9586,0.0129
8,6620,0.0129
8,7970,0.0128
8,6004,0.0128
8,5625,0.0128
8,8575,0.0128
8,9152,0.0128
8,5489,0.0128
8,5525,0.0127
8,7070,0.0127
8,7484,0.0127
8,6781,0.0127
8,8233,0.0127
8,8716,0.0127
8,7727,0.0127
8,9487,0.0127
8,9172,0.0126
8,6614,0.0126
8,7035,0.0126
8,9321,0.0125
8,5686,0.0125
8,6517,0.0125
8,7554,0.0125
8,7746,0.0125
8,8596,0.0125
8,7173,0.0124
8,7407,0.0124
8,8326,0.0124
8,5292,0.0124
8,5015,0.0124
8,6681,0.0124
8,7019,0.0124
8,8835,0.0123
8,7353,0.0123
8,8675,0.0123
8,9673,0.0123
8,9972,0.0123
8,6133,0.0123
8,9420,0.0122
8,7533,0.0122
8,7362,0.0122
8,8224,0.0122
8,8555,0.0122
8,5123,0.0122
8,5529,0.0122
8,5338,0.0122
8,5113,0.0121
8,7400,0.0121
8,6353,0.0120
8,6797,0.0120
8,6299,0.0120
8,6925,0.0120
8,7215,0.0119
8,8643,0.0119
8,6094,0.0119
8,6518,0.0119
8,9872,0.0118
8,8211,0.0118
8,6469,0.0118
8,5156,0.0118
8,9423,0.0117
8,5832,0.0117
8,5571,0.0117
8,7966,0.0117
8,6536,0.0117
8,9831,0.0116
8,8221,0.0116
8,5263,0.0116
8,7167,0.0116
8,7952,0.0116
8,6320,0.0116
8,7453,0.0116
8,5073,0.0115
8,5606,0.0115
8,8694,0.0115
8,8700,0.0115
8,6308,0.0115
8,5928,0.0114
8,9270,0.0114
8,9648,0.0114
8,5853,0.0114
8,5116,0.0114
8,6349,0.0114
8,6825,0.0114
8,8962,0.0113
8,5924,0.0113
8,9012,0.0113
8,6475,0.0113
8,9590,0.0112
8,7789,0.0112
8,7148,0.0112
8,6720,0.0112
8,7365,0.0112
8,6602,0.0111
8,8220,0.0111
8,6323,0.0111
8,6972,0.0111
8,8485,0.0111
8,5205,0.0111
8,6555,0.0111
8,9443,0.0110
8,8193,0.0110
8,5809,0.0110
8,6137,0.0110
8,6473,0.0110
8,8652,0.0110
8,5731,0.0110
8,6770,0.0110
8,8325,0.0110
8,9660,0.0110
8,5397,0.0110
8,9149,0.0110
8,6593,0.0110
8,7551,0.0110
8,6688,0.0109
8,9593,0.0109
8,6952,0.0109
8,5153,0.0109
8,9642,0.0109
8,9309,0.0108
8,6491,0.0108
8,7772,0.0108
8,8359,0.0108
8,8480,0.0108
8,5045,0.0107
8,5749,0.0107
8,10021,0.0107
8,8080,0.0107
8,7046,0.0107
8,7069,0.0107
8,5095,0.0107
8,6378,0.0107
8,8206,0.0106
8,9390,0.0106
8,6641,0.0106
8,7857,0.0106
8,8593,0.0106
8,5771,0.0106
8,7580,0.0106
8,6862,0.0105
8,9936,0.0105
8,6838,0.0104
8,7305,0.0104
8,6687,0.0104
8,6910,0.0104
8,9940,0.0103
8,6520,0.0103
8,6820,0.0103
8,5881,0.0103
8,8102,0.0103
8,9947,0.0103
8,6150,0.0103
8,6410,0.0102
8,7350,0.0102
8,5704,0.0101
8,9501,0.0101
8,6193,0.0101
8,9714,0.0101
8,5826,0.0101
8,7166,0.0101
8,6368,0.0101
8,9089,0.0100
8,9778,0.0100
8,7052,0.0100
8,6761,0.0100
8,7710,0.0100
8,6913,0.0100
8,5400,0.0100
8,6995,0.0099
8,7159,0.0099
8,6633,0.0099
8,9071,0.0099
8,5359,0.0099
8,5527,0.0098
8,8234,0.0098
8,6793,0.0098
8,7674,0.0097
8,8446,0.0097
8,8891,0.0097
8,6197,0.0096
8,8025,0.0096
8,8184,0.0096
8,9903,0.0095
8,6012,0.0095
8,7131,0.0095
8,7747,0.0095
8,8222,0.0095
8,8976,0.0095
8,7605,0.0095
8,5774,0.0095
8,9392,0.0095
8,6823,0.0095
8,8578,0.0095
8,5763,0.0095
8,8910,0.0095
8,7773,0.0094
8,8035,0.0094
8,5762,0.0094
8,9943,0.0094
8,6632,0.0093
8,9323,0.0093
8,6713,0.0093
8,10018,0.0093
8,6640,0.0093
8,9881,0.0093
8,8875,0.0093
8,6214,0.0092
8,6324,0.0092
8,7589,0.0092
8,7199,0.0092
8,5730,0.0092
8,8577,0.0091
8,7949,0.0091
8,8562,0.0091
8,9968,0.0091
8,5165,0.0091
8,7158,0.0091
8,6468,0.0091
8,8021,0.0091
8,5883,0.0090
8,8431,0.0090
8,8567,0.0090
8,9729,0.0090
8,9697,0.0090
8,7824,0.0090
8,9025,0.0090
8,9679,0.0090
8,7847,0.0090
8,6959,0.0090
8,7230,0.0089
8,9439,0.0089
8,6780,0.0089
8,5114,0.0089
8,8357,0.0089
8,9175,0.0089
8,6705,0.0089
8,6971,0.0089
8,9758,0.0088
8,5697,0.0088
8,6483,0.0088
8,7290,0.0088
8,8313,0.0088
8,6429,0.0088
8,9654,0.0087
8,6387,0.0087
8,8000,0.0086
8,7101,0.0086
8,7229,0.0086
8,9596,0.0086
8,6716,0.0086
8,7873,0.0085
8,7227,0.0085
8,5280,0.0085
8,9421,0.0085
8,7931,0.0085
8,5973,0.0084
8,8943,0.0084
8,8002,0.0084
8,7745,0.0084
8,8977,0.0084
8,6985,0.0084
8,7448,0.0084
8,9533,0.0084
8,5148,0.0084
8,6293,0.0084
8,6575,0.0084
8,8552,0.0083
8,5588,0.0083
8,6140,0.0083
8,7462,0.0083
8,5941,0.0083
8,5732,0.0083
8,8219,0.0083
8,9341,0.0083
8,7788,0.0083
8,5396,0.0082
8,5299,0.0082
8,9260,0.0082
8,9075,0.0082
8,5901,0.0082
8,7399,0.0082
8,6931,0.0082
8,8911,0.0081
8,9739,0.0081
8,5066,0.0081
8,5999,0.0081
8,6484,0.0081
8,8679,0.0081
8,6106,0.0081
8,6708,0.0081
8,7855,0.0081
8,5118,0.0081
8,9189,0.0080
8,8722,0.0080
8,9176,0.0080
8,5831,0.0080
8,6238,0.0079
8,9625,0.0079
8,9133,0.0079
8,8300,0.0079
8,8784,0.0079
8,5088,0.0079
8,8378,0.0079
8,5966,0.0078
8,8179,0.0078
8,6244,0.0078
8,6805,0.0078
8,7181,0.0078
8,8758,0.0078
8,9153,0.0078
8,7922,0.0077
8,8079,0.0077
8,6209,0.0077
8,7715,0.0077
8,5350,0.0077
8,9553,0.0077
8,9446,0.0077
8,6902,0.0076
8,5937,0.0076
8,10025,0.0075
8,9599,0.0075
8,7842,0.0075
8,6650,0.0075
8,9518,0.0075
8,5998,0.0075
8,9091,0.0074
8,6108,0.0074
8,7691,0.0074
8,8954,0.0074
8,8628,0.0074
8,9542,0.0073
8,8225,0.0073
8,8336,0.0073
8,8262,0.0073
8,8433,0.0072
8,8545,0.0072
8,5212,0.0072
8,5768,0.0072
8,6212,0.0072
8,9181,0.0071
8,8320,0.0071
8,8638,0.0071
8,9780,0.0070
8,7529,0.0070
8,8018,0.0070
8,7876,0.0069
8,6872,0.0069
8,9527,0.0069
8,5093,0.0069
8,5437,0.0069
8,5019,0.0069
8,6216,0.0068
8,7984,0.0068
8,5443,0.0068
8,6460,0.0068
8,6907,0.0067
8,6114,0.0066
8,9939,0.0066
8,9945,0.0066
8,6272,0.0065
8,6419,0.0065
8,8308,0.0065
8,6296,0.0065
8,9822,0.0065
8,6142,0.0065
8,6183,0.0065
8,6300,0.0065
8,9643,0.0063
8,5129,0.0063
8,5505,0.0062
8,5752,0.0062
8,6930,0.0062
8,7611,0.0061
8,8870,0.0061
8,5813,0.0061
8,8436,0.0060
8,9860,0.0060
8,5304,0.0060
8,8137,0.0060
8,7366,0.0060
8,5879,0.0060
8,5310,0.0060
8,5946,0.0060
8,5187,0.0060
8,5947,0.0060
8,6459,0.0060
8,5068,0.0060
8,7729,0.0059
8,6259,0.0059
8,8340,0.0059
8,8681,0.0059
8,8570,0.0059
8,7620,0.0058
8,9934,0.0058
8,6871,0.0057
8,7680,0.0057
8,8737,0.0057
8,7226,0.0057
8,6856,0.0057
8,7634,0.0057
8,7832,0.0057
8,8558,0.0056
8,7468,0.0056
8,5464,0.0056
8,7823,0.0056
8,7757,0.0056
8,5240,0.0056
8,8963,0.0056
8,6742,0.0055
8,9781,0.0055
8,7330,0.0055
8,6587,0.0055
8,6659,0.0055
8,9511,0.0055
8,8609,0.0055
8,5030,0.0054
8,8662,0.0054
8,9925,0.0054
8,5238,0.0054
8,8606,0.0053
8,9263,0.0053
8,9062,0.0053
8,9713,0.0053
8,6167,0.0053
8,8245,0.0053
8,6249,0.0053
8,9064,0.0053
8,6586,0.0053
8,7755,0.0053
8,5877,0.0053
8,10034,0.0053
8,5652,0.0053
8,8344,0.0052
8,8133,0.0052
8,6261,0.0052
8,6601,0.0052
8,7414,0.0052
8,8414,0.0052
8,8452,0.0052
8,5492,0.0052
8,9100,0.0052
8,8605,0.0052
8,5375,0.0051
8,5306,0.0051
8,7495,0.0051
8,7093,0.0050
8,9710,0.0050
8,7528,0.0050
8,9367,0.0050
8,10010,0.0050
8,9470,0.0050
8,7503,0.0050
8,9772,0.0050
8,5179,0.0049
8,9092,0.0049
8,6916,0.0049
8,7232,0.0049
8,8173,0.0049
8,5377,0.0049
8,7738,0.0048
8,7928,0.0048
8,6155,0.0048
8,9942,0.0048
8,6608,0.0048
8,7829,0.0048
8,6327,0.0048
8,5876,0.0047
8,5268,0.0047
8,9389,0.0047
8,9124,0.0047
8,9438,0.0046
8,7154,0.0046
8,6970,0.0046
8,5597,0.0046
8,8020,0.0045
8,8740,0.0045
8,9969,0.0045
8,5102,0.0045
8,8316,0.0045
8,5295,0.0045
8,8304,0.0045
8,10020,0.0045
8,8319,0.0044
8,8085,0.0044
8,6258,0.0044
8,7791,0.0044
8,6525,0.0044
8,9557,0.0044
8,9180,0.0044
8,6667,0.0044
8,9264,0.0044
8,9294,0.0043
8,5943,0.0043
8,5716,0.0043
8,7419,0.0043
8,9675,0.0043
8,8374,0.0043
8,7231,0.0042
8,8925,0.0042
8,5300,0.0042
8,5144,0.0042
8,9209,0.0042
8,10024,0.0042
8,5507,0.0042
8,9677,0.0041
8,6385,0.0041
8,5783,0.0041
8,5303,0.0041
8,9532,0.0041
8,9076,0.0041
8,5297,0.0041
8,9523,0.0040
8,9869,0.0040
8,5889,0.0040
8,7939,0.0040
8,5245,0.0040
8,8303,0.0039
8,9549,0.0039
8,7051,0.0039
8,8585,0.0038
8,6286,0.0038
8,5564,0.0038
8,7730,0.0037
8,5483,0.0037
8,8788,0.0037
8,6987,0.0037
8,7225,0.0036
8,5115,0.0036
8,9833,0.0036
8,8376,0.0036
8,6219,0.0035
8,5291,0.0035
8,9535,0.0035
8,5100,0.0035
8,6077,0.0035
8,7469,0.0035
8,8057,0.0035
8,6556,0.0034
8,8302,0.0034
8,6738,0.0034
8,6211,0.0033
8,5108,0.0033
8,6566,0.0033
8,5893,0.0032
8,6294,0.0032
8,8966,0.0032
8,8988,0.0032
8,7175,0.0031
8,8592,0.0031
8,6381,0.0031
8,5954,0.0031
8,5713,0.0030
8,7511,0.0030
8,9788,0.0030
8,8445,0.0030
8,9048,0.0029
8,5294,0.0029
8,9405,0.0029
8,6879,0.0029
8,8065,0.0029
8,8416,0.0027
8,5393,0.0026
8,8443,0.0025
8,5515,0.0025
8,7424,0.0024
8,5829,0.0024
8,8058,0.0024
8,7598,0.0024
8,8019,0.0022
8,6382,0.0022
8,9436,0.0021
8,5561,0.0020
8,6485,0.0019
8,8922,0.0012
9,9706,0.4034
9,7116,0.3888
9,9941,0.3469
9,6925,0.3150
9,9376,0.3028
9,7348,0.2889
9,9243,0.2778
9,9450,0.2651
9,9564,0.2387
9,9112,0.2321
9,7122,0.2321
9,7754,0.2209
9,9752,0.2166
9,6801,0.2119
9,6113,0.2119
9,7123,0.2092
9,7376,0.2074
9,5995,0.2037
9,9098,0.2025
9,5644,0.2019
9,7767,0.1961
9,10023,0.1943
9,6446,0.1934
9,5908,0.1912
9,6502,0.1899
9,5138,0.1880
9,5562,0.1860
9,9574,0.1857
9,9871,0.1841
9,7018,0.1827
9,9937,0.1738
9,8184,0.1705
9,9579,0.1688
9,6777,0.1684
9,9369,0.1641
9,9516,0.1632
9,9864,0.1612
9,6571,0.1603
9,9391,0.1593
9,8426,0.1592
9,8659,0.1592
9,9024,0.1592
9,9250,0.1592
9,5871,0.1592
9,6097,0.1592
9,6417,0.1592
9,6648,0.1592
9,6895,0.1592
9,7111,0.1592
9,7661,0.1592
9,7930,0.1592
9,8164,0.1592
9,9876,0.1585
9,8759,0.1579
9,8457,0.1576
9,8661,0.1576
9,6673,0.1576
9,5439,0.1573
9,7342,0.1573
9,8003,0.1572
9,7387,0.1567
9,9759,0.1562
9,6109,0.1562
9,7119,0.1562
9,5092,0.1555
9,5630,0.1555
9,9388,0.1515
9,9265,0.1508
9,9559,0.1508
9,5793,0.1504
9,6923,0.1503
9,8971,0.1466
9,7946,0.1461
9,7958,0.1459
9,8350,0.1451
9,8573,0.1446
9,9750,0.1445
9,5514,0.1445
9,6105,0.1445
9,6492,0.1445
9,7941,0.1445
9,5603,0.1435
9,9662,0.1434
9,5077,0.1421
9,5378,0.1416
9,7768,0.1408
9,8461,0.1404
9,9647,0.1363
9,9760,0.1355
9,7959,0.1354
9,8082,0.1340
9,8089,0.1335
9,5124,0.1334
9,5888,0.1334
9,8581,0.1333
9,8201,0.1314
9,9401,0.1314
9,8582,0.1312
9,5665,0.1298
9,6128,0.1298
9,6057,0.1291
9,5227,0.1290
9,5524,0.1285
9,8973,0.1266
9,8548,0.1265
9,9104,0.1247
9,6149,0.1244
9,6921,0.1238
9,8174,0.1238
9,9666,0.1238
9,6780,0.1224
9,8340,0.1223
9,9448,0.1216
9,8471,0.1215
9,5283,0.1211
9,6794,0.1211
9,6676,0.1203
9,8458,0.1200
9,8099,0.1199
9,7314,0.1193
9,9628,0.1184
9,8882,0.1175
9,6123,0.1132
9,5801,0.1129
9,6694,0.1129
9,6948,0.1127
9,7825,0.1125
9,7948,0.1114
9,5218,0.1108
9,8479,0.1108
9,8489,0.1100
9,8576,0.1100
9,7094,0.1100
9,8185,0.1081
9,5802,0.1071
9,8002,0.1071
9,7758,0.1071
9,7433,0.1071
9,8476,0.1062
9,8094,0.1060
9,9016,0.1058
9,5809,0.1051
9,6804,0.1045
9,8198,0.1044
9,5658,0.1019
9,5007,0.1019
9,9599,0.1016
9,6677,0.1005
9,7359,0.1004
9,9163,0.0995
9,5910,0.0995
9,7590,0.0995
9,7360,0.0986
9,8183,0.0977
9,9765,0.0967
9,5999,0.0967
9,7652,0.0964
9,7603,0.0960
9,8344,0.0958
9,9435,0.0955
9,5516,0.0947
9,6930,0.0928
9,5900,0.0916
9,5011,0.0913
9,9668,0.0908
9,5000,0.0905
9,5201,0.0904
9,7551,0.0901
9,8069,0.0889
9,8186,0.0885
9,8503,0.0883
9,9755,0.0878
9,5659,0.0877
9,9656,0.0870
9,6550,0.0870
9,7016,0.0866
9,6121,0.0861
9,7015,0.0861
9,6378,0.0861
9,7358,0.0857
9,6496,0.0853
9,9150,0.0837
9,8515,0.0831
9,8478,0.0830
9,8682,0.0825
9,5379,0.0819
9,9561,0.0819
9,5854,0.0819
9,8987,0.0813
9,7826,0.0809
9,7011,0.0808
9,7895,0.0803
9,8925,0.0803
9,9584,0.0793
9,8667,0.0791
9,9392,0.0780
9,5866,0.0779
9,8172,0.0778
9,6075,0.0774
9,8669,0.0773
9,6924,0.0773
9,7961,0.0773
9,7129,0.0769
9,7130,0.0765
9,8493,0.0763
9,8831,0.0761
9,6365,0.0760
9,5127,0.0759
9,8514,0.0750
9,8670,0.0749
9,5643,0.0746
9,9567,0.0740
9,5013,0.0739
9,5796,0.0733
9,5410,0.0733
9,7648,0.0733
9,8926,0.0732
9,9170,0.0728
9,9648,0.0723
9,6012,0.0723
9,5968,0.0722
9,7835,0.0718
9,8402,0.0705
9,5200,0.0703
9,9269,0.0702
9,8341,0.0696
9,9204,0.0696
9,5216,0.0696
9,7149,0.0696
9,8904,0.0696
9,9007,0.0696
9,6548,0.0692
9,5575,0.0689
9,6044,0.0689
9,7448,0.0688
9,7066,0.0688
9,6631,0.0685
9,7371,0.0679
9,9813,0.0679
9,6467,0.0678
9,8390,0.0675
9,9072,0.0674
9,9288,0.0674
9,7449,0.0669
9,6079,0.0666
9,7372,0.0663
9,5766,0.0656
9,6557,0.0654
9,5544,0.0653
9,6570,0.0653
9,8989,0.0651
9,9507,0.0651
9,9169,0.0648
9,9515,0.0647
9,9840,0.0647
9,8468,0.0644
9,5565,0.0643
9,9459,0.0642
9,9589,0.0639
9,9777,0.0639
9,6263,0.0637
9,6881,0.0636
9,7623,0.0633
9,8684,0.0630
9,5266,0.0628
9,8348,0.0625
9,7361,0.0623
9,7803,0.0623
9,8996,0.0621
9,6805,0.0619
9,5616,0.0619
9,7972,0.0619
9,5126,0.0617
9,8090,0.0614
9,9088,0.0614
9,8156,0.0614
9,9021,0.0606
9,5001,0.0606
9,6009,0.0606
9,9702,0.0605
9,7857,0.0603
9,5795,0.0598
9,8407,0.0597
9,8624,0.0595
9,7354,0.0592
9,9875,0.0586
9,9776,0.0584
9,8697,0.0584
9,5621,0.0584
9,5441,0.0580
9,5556,0.0580
9,7579,0.0580
9,5895,0.0580
9,6561,0.0580
9,6969,0.0580
9,7514,0.0578
9,9681,0.0578
9,9670,0.0576
9,7606,0.0575
9,8277,0.0568
9,9282,0.0568
9,7904,0.0566
9,7762,0.0565
9,7598,0.0563
9,6972,0.0563
9,9268,0.0559
9,8645,0.0557
9,9398,0.0557
9,6506,0.0557
9,5406,0.0557
9,7357,0.0555
9,9577,0.0552
9,6796,0.0549
9,9152,0.0545
9,9596,0.0543
9,6781,0.0543
9,6499,0.0541
9,7943,0.0541
9,7012,0.0540
9,7610,0.0537
9,8769,0.0536
9,7370,0.0536
9,6112,0.0536
9,7837,0.0535
9,9772,0.0534
9,8510,0.0534
9,6117,0.0533
9,5642,0.0530
9,9275,0.0527
9,9158,0.0526
9,9603,0.0525
9,8046,0.0520
9,9957,0.0520
9,5756,0.0518
9,5891,0.0516
9,8459,0.0516
9,8498,0.0516
9,7689,0.0513
9,7966,0.0510
9,9139,0.0508
9,5765,0.0508
9,8206,0.0506
9,8279,0.0506
9,9657,0.0506
9,5430,0.0506
9,9565,0.0506
9,7687,0.0505
9,8104,0.0505
9,6306,0.0501
9,7135,0.0500
9,6337,0.0497
9,9272,0.0497
9,5510,0.0497
9,6531,0.0497
9,5563,0.0495
9,7834,0.0494
9,6007,0.0492
9,6395,0.0492
9,7120,0.0491
9,7125,0.0488
9,6953,0.0486
9,8197,0.0486
9,5864,0.0486
9,9405,0.0484
9,8361,0.0480
9,9146,0.0480
9,5787,0.0480
9,6221,0.0480
9,7753,0.0480
9,5523,0.0480
9,9220,0.0480
9,5222,0.0478
9,5904,0.0477
9,6797,0.0477
9,9278,0.0477
9,5003,0.0476
9,7373,0.0475
9,5909,0.0475
9,7170,0.0475
9,6330,0.0473
9,6130,0.0472
9,6709,0.0472
9,6314,0.0472
9,7997,0.0472
9,5741,0.0469
9,6317,0.0469
9,5785,0.0469
9,7087,0.0468
9,8199,0.0468
9,8675,0.0467
9,8580,0.0464
9,8683,0.0464
9,6680,0.0464
9,9761,0.0463
9,6854,0.0462
9,6107,0.0460
9,7121,0.0460
9,5608,0.0459
9,8084,0.0459
9,5080,0.0454
9,9519,0.0452
9,8349,0.0449
9,7032,0.0449
9,8873,0.0446
9,6383,0.0443
9,6005,0.0442
9,9277,0.0442
9,8388,0.0442
9,6683,0.0441
9,9359,0.0440
9,5369,0.0438
9,8957,0.0437
9,5996,0.0437
9,7467,0.0435
9,7455,0.0435
9,7810,0.0435
9,9663,0.0433
9,9715,0.0431
9,8188,0.0428
9,7105,0.0428
9,7690,0.0426
9,8881,0.0422
9,9432,0.0422
9,5572,0.0422
9,9382,0.0422
9,6853,0.0422
9,9764,0.0420
9,7450,0.0419
9,9786,0.0418
9,8692,0.0418
9,5571,0.0417
9,5911,0.0417
9,8323,0.0416
9,7830,0.0414
9,9499,0.0411
9,9357,0.0410
9,6220,0.0410
9,7019,0.0410
9,7947,0.0410
9,7136,0.0409
9,5415,0.0409
9,6812,0.0409
9,6940,0.0409
9,6440,0.0406
9,6802,0.0405
9,8577,0.0404
9,9421,0.0404
9,9312,0.0403
9,8347,0.0403
9,5334,0.0402
9,5704,0.0402
9,9643,0.0402
9,8425,0.0402
9,6115,0.0401
9,8308,0.0401
9,5914,0.0396
9,8876,0.0395
9,9383,0.0394
9,6131,0.0393
9,9384,0.0392
9,8093,0.0392
9,9099,0.0391
9,7963,0.0389
9,6559,0.0387
9,8543,0.0387
9,5529,0.0385
9,7084,0.0385
9,5370,0.0381
9,6423,0.0380
9,6707,0.0380
9,8976,0.0378
9,6114,0.0377
9,6822,0.0376
9,7441,0.0376
9,6873,0.0376
9,8604,0.0376
9,9404,0.0373
9,9975,0.0373
9,9066,0.0371
9,6120,0.0371
9,9617,0.0371
9,9423,0.0370
9,6713,0.0370
9,5700,0.0370
9,8294,0.0368
9,7453,0.0368
9,7153,0.0367
9,9463,0.0366
9,9362,0.0365
9,9758,0.0364
9,6363,0.0363
9,8575,0.0363
9,5165,0.0362
9,9556,0.0362
9,7969,0.0362
9,7605,0.0361
9,6863,0.0361
9,8305,0.0361
9,5129,0.0360
9,6563,0.0360
9,5111,0.0360
9,8272,0.0359
9,7833,0.0357
9,6647,0.0355
9,6720,0.0355
9,9791,0.0354
9,6682,0.0354
9,5081,0.0354
9,5505,0.0353
9,9511,0.0347
9,8245,0.0347
9,7415,0.0345
9,8170,0.0345
9,5402,0.0344
9,7533,0.0344
9,8473,0.0343
9,9718,0.0342
9,5986,0.0341
9,9633,0.0341
9,9947,0.0341
9,9801,0.0340
9,7444,0.0340
9,8583,0.0340
9,8985,0.0340
9,6147,0.0339
9,6410,0.0339
9,7639,0.0338
9,9635,0.0336
9,9251,0.0335
9,5350,0.0335
9,9982,0.0333
9,6985,0.0333
9,8267,0.0332
9,9358,0.0332
9,5069,0.0332
9,5220,0.0332
9,5859,0.0332
9,6549,0.0332
9,7645,0.0332
9,5383,0.0331
9,7686,0.0331
9,8178,0.0330
9,5645,0.0329
9,7353,0.0329
9,6915,0.0328
9,5014,0.0328
9,8422,0.0328
9,5660,0.0328
9,5492,0.0328
9,5009,0.0326
9,9929,0.0324
9,10009,0.0324
9,6010,0.0324
9,6941,0.0324
9,8290,0.0324
9,8467,0.0324
9,6702,0.0321
9,8679,0.0321
9,9631,0.0320
9,5512,0.0319
9,6883,0.0317
9,7378,0.0316
9,9156,0.0316
9,6602,0.0316
9,9377,0.0316
9,5464,0.0316
9,6238,0.0315
9,6644,0.0313
9,6156,0.0313
9,8693,0.0313
9,9107,0.0312
9,7396,0.0312
9,8857,0.0311
9,9673,0.0311
9,6785,0.0309
9,6783,0.0309
9,8346,0.0308
9,7310,0.0308
9,5906,0.0307
9,5031,0.0306
9,7524,0.0306
9,6935,0.0306
9,5141,0.0305
9,8138,0.0305
9,8586,0.0305
9,6686,0.0303
9,5994,0.0303
9,8446,0.0303
9,7742,0.0303
9,7281,0.0300
9,7729,0.0299
9,8320,0.0299
9,6237,0.0299
9,5693,0.0299
9,8307,0.0299
9,9566,0.0298
9,9949,0.0297
9,8969,0.0296
9,5567,0.0296
9,7363,0.0296
9,7704,0.0295
9,8798,0.0295
9,8475,0.0294
9,7491,0.0294
9,6215,0.0294
9,5288,0.0294
9,6380,0.0293
9,9922,0.0291
9,9145,0.0290
9,5309,0.0290
9,7836,0.0290
9,7960,0.0290
9,8415,0.0289
9,6642,0.0288
9,7672,0.0287
9,8281,0.0286
9,9581,0.0286
9,5899,0.0286
9,7967,0.0286
9,9568,0.0284
9,9763,0.0284
9,7106,0.0284
9,7585,0.0284
9,7805,0.0284
9,6002,0.0284
9,8242,0.0284
9,8103,0.0284
9,9154,0.0283
9,6295,0.0282
9,9346,0.0282
9,9921,0.0282
9,6084,0.0281
9,8546,0.0280
9,6404,0.0280
9,6124,0.0279
9,6712,0.0278
9,7859,0.0278
9,6429,0.0278
9,8326,0.0278
9,7323,0.0277
9,8603,0.0277
9,8221,0.0277
9,9766,0.0276
9,8343,0.0276
9,8806,0.0275
9,5169,0.0275
9,5153,0.0274
9,8696,0.0274
9,7928,0.0274
9,7769,0.0273
9,5684,0.0273
9,5890,0.0273
9,6936,0.0273
9,8181,0.0273
9,7706,0.0273
9,5497,0.0272
9,5166,0.0271
9,7600,0.0271
9,8092,0.0271
9,9386,0.0270
9,7197,0.0270
9,9019,0.0270
9,8982,0.0270
9,9609,0.0270
9,6926,0.0270
9,7541,0.0270
9,9749,0.0268
9,5503,0.0268
9,9768,0.0268
9,8801,0.0267
9,7401,0.0267
9,9105,0.0267
9,6125,0.0266
9,8274,0.0266
9,8354,0.0265
9,5067,0.0265
9,7995,0.0265
9,7841,0.0264
9,8799,0.0264
9,9853,0.0264
9,8339,0.0264
9,9226,0.0263
9,7770,0.0263
9,5803,0.0263
9,6136,0.0263
9,7379,0.0263
9,5564,0.0261
9,9944,0.0261
9,5639,0.0261
9,5811,0.0260
9,8880,0.0260
9,7134,0.0259
9,8297,0.0259
9,6248,0.0259
9,7849,0.0258
9,9155,0.0258
9,5423,0.0258
9,8870,0.0257
9,7855,0.0257
9,8480,0.0256
9,6800,0.0255
9,9856,0.0255
9,7881,0.0255
9,6455,0.0254
9,7923,0.0253
9,5073,0.0253
9,9976,0.0253
9,6377,0.0253
9,6167,0.0252
9,7779,0.0252
9,9271,0.0252
9,6641,0.0251
9,9630,0.0251
9,7812,0.0251
9,7428,0.0250
9,7671,0.0250
9,9092,0.0250
9,5573,0.0249
9,6479,0.0249
9,8051,0.0249
9,5805,0.0248
9,6601,0.0248
9,7885,0.0247
9,7133,0.0247
9,9762,0.0246
9,9940,0.0246
9,7919,0.0245
9,7944,0.0244
9,5313,0.0243
9,9665,0.0242
9,9043,0.0242
9,7086,0.0242
9,8331,0.0241
9,5509,0.0240
9,6101,0.0240
9,8584,0.0240
9,7374,0.0240
9,8096,0.0240
9,6646,0.0239
9,5010,0.0239
9,7558,0.0238
9,7107,0.0237
9,8490,0.0236
9,6102,0.0236
9,5620,0.0235
9,5719,0.0235
9,6681,0.0235
9,5921,0.0234
9,8578,0.0234
9,9844,0.0234
9,5327,0.0233
9,5591,0.0233
9,8599,0.0232
9,9285,0.0232
9,7924,0.0232
9,5651,0.0232
9,8463,0.0232
9,6793,0.0231
9,9757,0.0231
9,5690,0.0231
9,6558,0.0231
9,6466,0.0230
9,8455,0.0229
9,8353,0.0228
9,9658,0.0228
9,7968,0.0228
9,7604,0.0228
9,7741,0.0228
9,8222,0.0227
9,7090,0.0226
9,9779,0.0226
9,8126,0.0226
9,5290,0.0226
9,9039,0.0226
9,8316,0.0226
9,6749,0.0225
9,9270,0.0225
9,8319,0.0225
9,5788,0.0225
9,7653,0.0225
9,9616,0.0223
9,6568,0.0223
9,7688,0.0223
9,6922,0.0223
9,6072,0.0222
9,7791,0.0222
9,9733,0.0222
9,8484,0.0221
9,8813,0.0221
9,9734,0.0221
9,8212,0.0221
9,6138,0.0221
9,6838,0.0220
9,7118,0.0220
9,9114,0.0219
9,7065,0.0219
9,8685,0.0218
9,6332,0.0218
9,7331,0.0218
9,8469,0.0218
9,5322,0.0218
9,7036,0.0217
9,8097,0.0216
9,6151,0.0216
9,6300,0.0215
9,8962,0.0215
9,8709,0.0214
9,5679,0.0214
9,6507,0.0214
9,5228,0.0213
9,5224,0.0211
9,8088,0.0211
9,6313,0.0211
9,6299,0.0210
9,6099,0.0210
9,7216,0.0210
9,7853,0.0210
9,5656,0.0209
9,7916,0.0209
9,8519,0.0209
9,9082,0.0209
9,5101,0.0209
9,9171,0.0209
9,8652,0.0209
9,8611,0.0208
9,8487,0.0208
9,5932,0.0208
9,6542,0.0208
9,7157,0.0208
9,8859,0.0207
9,6688,0.0207
9,9294,0.0207
9,8538,0.0207
9,6474,0.0207
9,8760,0.0206
9,9680,0.0206
9,5735,0.0206
9,8243,0.0206
9,6108,0.0206
9,8554,0.0205
9,9952,0.0205
9,7675,0.0205
9,6213,0.0204
9,8409,0.0204
9,8879,0.0204
9,7199,0.0204
9,7014,0.0204
9,9328,0.0203
9,7145,0.0202
9,8233,0.0202
9,5896,0.0202
9,6527,0.0202
9,9390,0.0201
9,7755,0.0201
9,5117,0.0201
9,8275,0.0200
9,5728,0.0200
9,7962,0.0200
9,6212,0.0200
9,5769,0.0199
9,9164,0.0199
9,9089,0.0199
9,5188,0.0199
9,6718,0.0199
9,6140,0.0198
9,7563,0.0197
9,5799,0.0197
9,6521,0.0197
9,5761,0.0197
9,5498,0.0197
9,9279,0.0196
9,9400,0.0196
9,9852,0.0196
9,6691,0.0196
9,7144,0.0196
9,9203,0.0196
9,9627,0.0196
9,6679,0.0196
9,8664,0.0195
9,7324,0.0195
9,7452,0.0195
9,5602,0.0195
9,10019,0.0195
9,5696,0.0194
9,9397,0.0194
9,8194,0.0193
9,7021,0.0193
9,9454,0.0193
9,9867,0.0193
9,5066,0.0193
9,5930,0.0193
9,7599,0.0193
9,8794,0.0193
9,9655,0.0193
9,6216,0.0193
9,8800,0.0192
9,5638,0.0192
9,6181,0.0192
9,9667,0.0192
9,6806,0.0192
9,7093,0.0191
9,5884,0.0191
9,5570,0.0191
9,8707,0.0191
9,8877,0.0191
9,6269,0.0191
9,7945,0.0191
9,8956,0.0190
9,9824,0.0189
9,9782,0.0189
9,7215,0.0189
9,7964,0.0189
9,8086,0.0189
9,5310,0.0189
9,5993,0.0188
9,8209,0.0188
9,5566,0.0188
9,5931,0.0188
9,6490,0.0188
9,9563,0.0187
9,8287,0.0187
9,6302,0.0186
9,9165,0.0186
9,6700,0.0186
9,6929,0.0186
9,7138,0.0186
9,8500,0.0186
9,9411,0.0186
9,7905,0.0185
9,10039,0.0184
9,7952,0.0184
9,6100,0.0184
9,8079,0.0184
9,8377,0.0184
9,8891,0.0183
9,9977,0.0183
9,6080,0.0183
9,9771,0.0183
9,7088,0.0183
9,7001,0.0182
9,8695,0.0181
9,7131,0.0181
9,6076,0.0181
9,5538,0.0180
9,8847,0.0179
9,9167,0.0179
9,5919,0.0179
9,6690,0.0179
9,6698,0.0179
9,5501,0.0178
9,6809,0.0178
9,7832,0.0178
9,6906,0.0178
9,8485,0.0176
9,7977,0.0176
9,8724,0.0176
9,8205,0.0176
9,8085,0.0176
9,8907,0.0176
9,6118,0.0174
9,5351,0.0174
9,7412,0.0174
9,6381,0.0174
9,5106,0.0173
9,6030,0.0173
9,5297,0.0173
9,8890,0.0172
9,8329,0.0172
9,9958,0.0172
9,8767,0.0172
9,7669,0.0172
9,6043,0.0172
9,6491,0.0172
9,7334,0.0172
9,7408,0.0172
9,8922,0.0172
9,5740,0.0171
9,7766,0.0171
9,8384,0.0171
9,7940,0.0170
9,8569,0.0170
9,6444,0.0170
9,8939,0.0169
9,8965,0.0169
9,5274,0.0169
9,8260,0.0169
9,5828,0.0169
9,8301,0.0169
9,7780,0.0167
9,7128,0.0167
9,6927,0.0167
9,8625,0.0167
9,6862,0.0167
9,6753,0.0166
9,9525,0.0166
9,9471,0.0166
9,7957,0.0166
9,8191,0.0166
9,8196,0.0166
9,8232,0.0166
9,5063,0.0166
9,5898,0.0166
9,7077,0.0166
9,8792,0.0165
9,5894,0.0165
9,8680,0.0164
9,5903,0.0164
9,5019,0.0163
9,8418,0.0163
9,8884,0.0163
9,7539,0.0163
9,5792,0.0163
9,7984,0.0162
9,7820,0.0162
9,5428,0.0162
9,9065,0.0162
9,5561,0.0162
9,5123,0.0161
9,9769,0.0161
9,8673,0.0160
9,9363,0.0160
9,5072,0.0160
9,9351,0.0160
9,5363,0.0160
9,9945,0.0160
9,8547,0.0159
9,9778,0.0159
9,5211,0.0159
9,5767,0.0159
9,6211,0.0159
9,5806,0.0158
9,6517,0.0158
9,9394,0.0158
9,7460,0.0158
9,6566,0.0156
9,6798,0.0156
9,6001,0.0156
9,7280,0.0156
9,9638,0.0156
9,5432,0.0156
9,7980,0.0156
9,9532,0.0155
9,6301,0.0155
9,5798,0.0155
9,6947,0.0155
9,7976,0.0155
9,7288,0.0155
9,9081,0.0154
9,6142,0.0154
9,5817,0.0154
9,9442,0.0154
9,8309,0.0153
9,5431,0.0153
9,6543,0.0153
9,5130,0.0153
9,9295,0.0153
9,6430,0.0153
9,6000,0.0152
9,8940,0.0152
9,5095,0.0152
9,7907,0.0152
9,7829,0.0152
9,5797,0.0152
9,8585,0.0152
9,6606,0.0151
9,9767,0.0151
9,7955,0.0151
9,7060,0.0151
9,9950,0.0151
9,7965,0.0151
9,6886,0.0150
9,7773,0.0150
9,9399,0.0150
9,7035,0.0150
9,6368,0.0149
9,5913,0.0149
9,9943,0.0149
9,8690,0.0148
9,9293,0.0148
9,5367,0.0148
9,7008,0.0148
9,7811,0.0148
9,8437,0.0148
9,7221,0.0147
9,9179,0.0147
9,5907,0.0147
9,6693,0.0147
9,8095,0.0147
9,7854,0.0147
9,5668,0.0147
9,6894,0.0147
9,7589,0.0147
9,7179,0.0146
9,9934,0.0146
9,6776,0.0146
9,9716,0.0146
9,8440,0.0145
9,6699,0.0145
9,5606,0.0145
9,8135,0.0145
9,8276,0.0145
9,5121,0.0145
9,9231,0.0144
9,6639,0.0144
9,9580,0.0144
9,5928,0.0144
9,5315,0.0144
9,6876,0.0144
9,5235,0.0143
9,6560,0.0143
9,8238,0.0143
9,8098,0.0143
9,9969,0.0142
9,6807,0.0142
9,6180,0.0142
9,8688,0.0142
9,6672,0.0142
9,6200,0.0142
9,7847,0.0142
9,9678,0.0141
9,7148,0.0141
9,8134,0.0141
9,6476,0.0141
9,5661,0.0141
9,6695,0.0141
9,5456,0.0141
9,5193,0.0140
9,6525,0.0140
9,8613,0.0139
9,5710,0.0139
9,7140,0.0139
9,7141,0.0139
9,7953,0.0139
9,5168,0.0139
9,8528,0.0139
9,5520,0.0139
9,5812,0.0139
9,6325,0.0139
9,8012,0.0139
9,9229,0.0139
9,6973,0.0139
9,8765,0.0138
9,8151,0.0138
9,7709,0.0138
9,8975,0.0138
9,9505,0.0138
9,5673,0.0138
9,8336,0.0138
9,6144,0.0138
9,8363,0.0138
9,6347,0.0138
9,8000,0.0137
9,8322,0.0137
9,6116,0.0137
9,8345,0.0136
9,8359,0.0136
9,9472,0.0136
9,9804,0.0136
9,5382,0.0136
9,5749,0.0136
9,8083,0.0136
9,6871,0.0136
9,7009,0.0135
9,8986,0.0135
9,7705,0.0135
9,9028,0.0135
9,9713,0.0135
9,7654,0.0135
9,8728,0.0134
9,9166,0.0134
9,5553,0.0134
9,8464,0.0134
9,9602,0.0134
9,6448,0.0134
9,7745,0.0134
9,8505,0.0133
9,9632,0.0133
9,9754,0.0133
9,7132,0.0133
9,7529,0.0133
9,8477,0.0133
9,5394,0.0133
9,5711,0.0133
9,5585,0.0132
9,9526,0.0132
9,5804,0.0131
9,6312,0.0131
9,6799,0.0131
9,7085,0.0131
9,7482,0.0131
9,7759,0.0131
9,6310,0.0131
9,8202,0.0130
9,8330,0.0130
9,9531,0.0130
9,5670,0.0130
9,5530,0.0130
9,6385,0.0130
9,8364,0.0130
9,9745,0.0130
9,7102,0.0130
9,5125,0.0129
9,6567,0.0129
9,8210,0.0129
9,9396,0.0129
9,6006,0.0129
9,9144,0.0129
9,5560,0.0129
9,6104,0.0129
9,8021,0.0129
9,6106,0.0128
9,6599,0.0128
9,9570,0.0128
9,5657,0.0128
9,5825,0.0128
9,6129,0.0128
9,6685,0.0128
9,8842,0.0128
9,6339,0.0128
9,6649,0.0128
9,7530,0.0128
9,5087,0.0127
9,7764,0.0127
9,8351,0.0127
9,9653,0.0127
9,6574,0.0127
9,8481,0.0127
9,6493,0.0127
9,9395,0.0127
9,5172,0.0127
9,7891,0.0127
9,6913,0.0126
9,7230,0.0126
9,8676,0.0125
9,8678,0.0125
9,7540,0.0125
9,9326,0.0125
9,5114,0.0125
9,9502,0.0124
9,6132,0.0124
9,7163,0.0124
9,8592,0.0124
9,5174,0.0124
9,7279,0.0124
9,7488,0.0124
9,8327,0.0123
9,6536,0.0123
9,6294,0.0123
9,5020,0.0123
9,5375,0.0122
9,7117,0.0122
9,5807,0.0122
9,9052,0.0122
9,7760,0.0122
9,7051,0.0122
9,8885,0.0122
9,7229,0.0122
9,9056,0.0122
9,7738,0.0122
9,8208,0.0121
9,8105,0.0121
9,5489,0.0121
9,7673,0.0121
9,8203,0.0120
9,6329,0.0120
9,5763,0.0120
9,8797,0.0120
9,7842,0.0120
9,6165,0.0119
9,6638,0.0119
9,7971,0.0119
9,9789,0.0119
9,9361,0.0119
9,8970,0.0118
9,7580,0.0118
9,9241,0.0118
9,5662,0.0118
9,7511,0.0118
9,5885,0.0118
9,7782,0.0118
9,9953,0.0117
9,7369,0.0117
9,7801,0.0117
9,7843,0.0117
9,7736,0.0116
9,5485,0.0116
9,6318,0.0116
9,5008,0.0116
9,8225,0.0116
9,9308,0.0116
9,6963,0.0116
9,8010,0.0116
9,7564,0.0116
9,7696,0.0116
9,5316,0.0116
9,9324,0.0116
9,5507,0.0115
9,9140,0.0115
9,6920,0.0115
9,6879,0.0114
9,5115,0.0114
9,5519,0.0114
9,9808,0.0114
9,9942,0.0114
9,7824,0.0114
9,7002,0.0113
9,9076,0.0113
9,8355,0.0113
9,9576,0.0112
9,5650,0.0112
9,6950,0.0112
9,7457,0.0112
9,5764,0.0111
9,7143,0.0111
9,7187,0.0111
9,9904,0.0111
9,8106,0.0111
9,6751,0.0111
9,8621,0.0111
9,9289,0.0111
9,5727,0.0111
9,7851,0.0111
9,9585,0.0110
9,9719,0.0110
9,6704,0.0110
9,9161,0.0110
9,9375,0.0110
9,6008,0.0110
9,7017,0.0110
9,9961,0.0110
9,6976,0.0110
9,6289,0.0109
9,5475,0.0109
9,6910,0.0109
9,5134,0.0109
9,5374,0.0109
9,7676,0.0108
9,8246,0.0108
9,6774,0.0108
9,7114,0.0108
9,8512,0.0108
9,9672,0.0108
9,6902,0.0108
9,6460,0.0107
9,8286,0.0107
9,6504,0.0107
9,6907,0.0107
9,8223,0.0107
9,9962,0.0107
9,5892,0.0107
9,7156,0.0107
9,9874,0.0106
9,9954,0.0106
9,8159,0.0106
9,6918,0.0106
9,7771,0.0106
9,10033,0.0106
9,8482,0.0106
9,6126,0.0106
9,8945,0.0105
9,7402,0.0105
9,8963,0.0105
9,5400,0.0105
9,9547,0.0105
9,5784,0.0105
9,6441,0.0104
9,9498,0.0104
9,7368,0.0104
9,5601,0.0104
9,7840,0.0104
9,5338,0.0104
9,9281,0.0103
9,5666,0.0103
9,7200,0.0103
9,5333,0.0103
9,8545,0.0103
9,9642,0.0103
9,6937,0.0102
9,6757,0.0102
9,9594,0.0102
9,5139,0.0102
9,6494,0.0102
9,6004,0.0102
9,6938,0.0102
9,9742,0.0102
9,6661,0.0102
9,8966,0.0101
9,5905,0.0101
9,6934,0.0101
9,5535,0.0101
9,5683,0.0101
9,6449,0.0101
9,7816,0.0101
9,9133,0.0100
9,5687,0.0100
9,5745,0.0100
9,7951,0.0099
9,6870,0.0099
9,5044,0.0099
9,7614,0.0099
9,8124,0.0099
9,5759,0.0099
9,10010,0.0099
9,6453,0.0099
9,7173,0.0099
9,7407,0.0099
9,7532,0.0099
9,7574,0.0099
9,8911,0.0099
9,6872,0.0098
9,9866,0.0098
9,5739,0.0098
9,6319,0.0098
9,7748,0.0098
9,9902,0.0098
9,5886,0.0098
9,8686,0.0097
9,9337,0.0097
9,6133,0.0097
9,6309,0.0097
9,8254,0.0097
9,5748,0.0097
9,7394,0.0097
9,6503,0.0096
9,7082,0.0096
9,9291,0.0096
9,7848,0.0096
9,8338,0.0096
9,7939,0.0096
9,5742,0.0095
9,5641,0.0095
9,7710,0.0095
9,8474,0.0095
9,9110,0.0095
9,9027,0.0095
9,6459,0.0095
9,7146,0.0094
9,6518,0.0094
9,9652,0.0093
9,6111,0.0093
9,7691,0.0093
9,9108,0.0093
9,5156,0.0093
9,7749,0.0093
9,8001,0.0093
9,8280,0.0093
9,6032,0.0093
9,8544,0.0093
9,5444,0.0093
9,7538,0.0093
9,5221,0.0093
9,8045,0.0093
9,9267,0.0092
9,9560,0.0092
9,5145,0.0092
9,6119,0.0092
9,7177,0.0092
9,7674,0.0092
9,8177,0.0092
9,9290,0.0092
9,6949,0.0092
9,7139,0.0092
9,9803,0.0092
9,5325,0.0092
9,5341,0.0092
9,5545,0.0092
9,7752,0.0092
9,6904,0.0091
9,8694,0.0091
9,9287,0.0091
9,6308,0.0091
9,8387,0.0091
9,8438,0.0091
9,8700,0.0091
9,7451,0.0090
9,8663,0.0090
9,6327,0.0090
9,9232,0.0090
9,6217,0.0090
9,5924,0.0090
9,8488,0.0089
9,9956,0.0089
9,7537,0.0089
9,6556,0.0089
9,8558,0.0089
9,9955,0.0089
9,5542,0.0089
9,7365,0.0089
9,7744,0.0089
9,9544,0.0088
9,8472,0.0088
9,7184,0.0088
9,8672,0.0088
9,5916,0.0088
9,6640,0.0088
9,8875,0.0088
9,6210,0.0088
9,8312,0.0088
9,8193,0.0088
9,8508,0.0088
9,7367,0.0088
9,5989,0.0088
9,6305,0.0088
9,7775,0.0087
9,8173,0.0087
9,10008,0.0087
9,5312,0.0087
9,7152,0.0087
9,5813,0.0086
9,6498,0.0086
9,8247,0.0086
9,8551,0.0086
9,8691,0.0086
9,7772,0.0086
9,8951,0.0086
9,6678,0.0086
9,7435,0.0086
9,7702,0.0086
9,8796,0.0086
9,8972,0.0086
9,8483,0.0085
9,9111,0.0085
9,8559,0.0085
9,5435,0.0085
9,9439,0.0084
9,6158,0.0084
9,8435,0.0084
9,7479,0.0084
9,7831,0.0084
9,8306,0.0084
9,5100,0.0084
9,8313,0.0083
9,5738,0.0083
9,6505,0.0083
9,7290,0.0083
9,9389,0.0083
9,10026,0.0083
9,7377,0.0083
9,9623,0.0083
9,7137,0.0083
9,5223,0.0082
9,6077,0.0082
9,9049,0.0082
9,7356,0.0082
9,9654,0.0082
9,8605,0.0082
9,6820,0.0082
9,7865,0.0082
9,5715,0.0082
9,9687,0.0082
9,10017,0.0082
9,5146,0.0081
9,6150,0.0081
9,5099,0.0081
9,7970,0.0081
9,6684,0.0081
9,7535,0.0081
9,8114,0.0081
9,5533,0.0080
9,6098,0.0080
9,6775,0.0080
9,7070,0.0080
9,7364,0.0080
9,7219,0.0080
9,6484,0.0080
9,8195,0.0080
9,9067,0.0080
9,7975,0.0080
9,9714,0.0080
9,6469,0.0080
9,7531,0.0080
9,10025,0.0080
9,5685,0.0080
9,5743,0.0079
9,5300,0.0079
9,7917,0.0079
9,7746,0.0079
9,5669,0.0079
9,5726,0.0079
9,7543,0.0079
9,7712,0.0079
9,7142,0.0079
9,8762,0.0079
9,9831,0.0078
9,9972,0.0078
9,8189,0.0078
9,7031,0.0078
9,9245,0.0077
9,9174,0.0077
9,6715,0.0077
9,7390,0.0077
9,8115,0.0077
9,9573,0.0077
9,6085,0.0077
9,6939,0.0077
9,8235,0.0077
9,8671,0.0077
9,5528,0.0077
9,5323,0.0076
9,8273,0.0076
9,5465,0.0076
9,6297,0.0076
9,9572,0.0076
9,5705,0.0076
9,5946,0.0076
9,9558,0.0075
9,8643,0.0075
9,5381,0.0075
9,8445,0.0075
9,8570,0.0074
9,5936,0.0074
9,9266,0.0074
9,5648,0.0074
9,9587,0.0074
9,9403,0.0074
9,5074,0.0074
9,6562,0.0074
9,9549,0.0074
9,8059,0.0073
9,7852,0.0073
9,9807,0.0073
9,10036,0.0073
9,6909,0.0073
9,7417,0.0073
9,8562,0.0073
9,5275,0.0072
9,8737,0.0072
9,9688,0.0072
9,6675,0.0072
9,6396,0.0072
9,9113,0.0071
9,9729,0.0071
9,5623,0.0071
9,5810,0.0071
9,5858,0.0071
9,7622,0.0071
9,9501,0.0071
9,5102,0.0071
9,8454,0.0071
9,6782,0.0071
9,6959,0.0071
9,6919,0.0071
9,5282,0.0071
9,6917,0.0071
9,9788,0.0071
9,8220,0.0070
9,9175,0.0070
9,9042,0.0070
9,7844,0.0070
9,7717,0.0070
9,9726,0.0070
9,9274,0.0070
9,8117,0.0070
9,9557,0.0070
9,6127,0.0070
9,8342,0.0070
9,8649,0.0070
9,5625,0.0069
9,8236,0.0069
9,9292,0.0069
9,7355,0.0069
9,9629,0.0069
9,8591,0.0069
9,9664,0.0069
9,5782,0.0068
9,5112,0.0068
9,8725,0.0068
9,9881,0.0068
9,5554,0.0068
9,5324,0.0068
9,6716,0.0068
9,8959,0.0068
9,8802,0.0068
9,5012,0.0068
9,9263,0.0068
9,8990,0.0067
9,5929,0.0067
9,8007,0.0067
9,9425,0.0067
9,6586,0.0067
9,7147,0.0067
9,7974,0.0067
9,5291,0.0067
9,8556,0.0066
9,6293,0.0066
9,8626,0.0066
9,9545,0.0066
9,5084,0.0066
9,8427,0.0065
9,6943,0.0065
9,8299,0.0065
9,8533,0.0065
9,9128,0.0065
9,8829,0.0065
9,5368,0.0064
9,5482,0.0064
9,8298,0.0064
9,5049,0.0064
9,6089,0.0064
9,7033,0.0064
9,6708,0.0064
9,7534,0.0064
9,9869,0.0064
9,5975,0.0064
9,7956,0.0064
9,6671,0.0064
9,6193,0.0064
9,7528,0.0064
9,9103,0.0064
9,9101,0.0063
9,5329,0.0063
9,8537,0.0063
9,5880,0.0063
9,8974,0.0062
9,8470,0.0062
9,5966,0.0062
9,7454,0.0062
9,9597,0.0062
9,5175,0.0062
9,7597,0.0062
9,6134,0.0062
9,7487,0.0062
9,5518,0.0062
9,9284,0.0061
9,5688,0.0061
9,7419,0.0061
9,9504,0.0061
9,6495,0.0061
9,6932,0.0061
9,8499,0.0061
9,7828,0.0060
9,5116,0.0060
9,9661,0.0060
9,5305,0.0060
9,6331,0.0060
9,7827,0.0060
9,9578,0.0060
9,9026,0.0060
9,9582,0.0060
9,9923,0.0060
9,5816,0.0059
9,7730,0.0059
9,5762,0.0059
9,5998,0.0059
9,8915,0.0059
9,9091,0.0059
9,9746,0.0059
9,9310,0.0059
9,8874,0.0059
9,5094,0.0059
9,9533,0.0059
9,5483,0.0059
9,6569,0.0059
9,5319,0.0059
9,5289,0.0058
9,9542,0.0058
9,6122,0.0058
9,6889,0.0058
9,7282,0.0058
9,6729,0.0058
9,5558,0.0058
9,7949,0.0058
9,7871,0.0058
9,7343,0.0058
9,6311,0.0057
9,8436,0.0057
9,9743,0.0057
9,6095,0.0057
9,6288,0.0057
9,6050,0.0057
9,7366,0.0057
9,8732,0.0057
9,7838,0.0057
9,8918,0.0057
9,9025,0.0057
9,7151,0.0056
9,10020,0.0056
9,6258,0.0056
9,8883,0.0056
9,7595,0.0055
9,9124,0.0055
9,9721,0.0055
9,6747,0.0055
9,5490,0.0055
9,9774,0.0055
9,6848,0.0055
9,5140,0.0055
9,6960,0.0055
9,6841,0.0054
9,8617,0.0054
9,6209,0.0054
9,9948,0.0054
9,8641,0.0054
9,7124,0.0054
9,6825,0.0054
9,7226,0.0054
9,5089,0.0053
9,8360,0.0053
9,5973,0.0053
9,5663,0.0053
9,5588,0.0053
9,5108,0.0052
9,6555,0.0052
9,7185,0.0052
9,7347,0.0052
9,8666,0.0052
9,9660,0.0052
9,9149,0.0052
9,9720,0.0052
9,6752,0.0052
9,6931,0.0052
9,5281,0.0052
9,8955,0.0051
9,9822,0.0051
9,5096,0.0051
9,9073,0.0051
9,6183,0.0051
9,6660,0.0051
9,9436,0.0051
9,7733,0.0051
9,8571,0.0051
9,8080,0.0051
9,9002,0.0051
9,8315,0.0051
9,5245,0.0051
9,8983,0.0050
9,6303,0.0050
9,8300,0.0050
9,5076,0.0050
9,5088,0.0050
9,9080,0.0050
9,9738,0.0050
9,6157,0.0050
9,5559,0.0050
9,6905,0.0050
9,7728,0.0050
9,5521,0.0049
9,6696,0.0049
9,7611,0.0048
9,5448,0.0048
9,5515,0.0048
9,5637,0.0048
9,7420,0.0047
9,5239,0.0047
9,5330,0.0047
9,7644,0.0047
9,8681,0.0047
9,6967,0.0047
9,6421,0.0047
9,9262,0.0047
9,8628,0.0047
9,5110,0.0046
9,8230,0.0046
9,7225,0.0046
9,5032,0.0045
9,7680,0.0045
9,7516,0.0045
9,7483,0.0045
9,8910,0.0045
9,5653,0.0045
9,7789,0.0044
9,9445,0.0044
9,9780,0.0044
9,6912,0.0044
9,7678,0.0044
9,7063,0.0044
9,5098,0.0044
9,8858,0.0043
9,7756,0.0043
9,8160,0.0043
9,9503,0.0043
9,7684,0.0043
9,8375,0.0043
9,9925,0.0043
9,7053,0.0043
9,8516,0.0043
9,9697,0.0043
9,9046,0.0042
9,6738,0.0042
9,9555,0.0042
9,7416,0.0042
9,9748,0.0042
9,5496,0.0042
9,6282,0.0042
9,9444,0.0042
9,5393,0.0041
9,6261,0.0041
9,6419,0.0041
9,5119,0.0041
9,9100,0.0041
9,6296,0.0041
9,8958,0.0041
9,8810,0.0041
9,5471,0.0041
9,8076,0.0041
9,8259,0.0040
9,6621,0.0040
9,5280,0.0040
9,9136,0.0040
9,5982,0.0039
9,9480,0.0039
9,6298,0.0039
9,5472,0.0039
9,9186,0.0039
9,9951,0.0038
9,8058,0.0038
9,9090,0.0038
9,6236,0.0038
9,5469,0.0038
9,9057,0.0038
9,5254,0.0038
9,5068,0.0038
9,7938,0.0037
9,5698,0.0037
9,6452,0.0037
9,8179,0.0037
9,5592,0.0037
9,9153,0.0037
9,5985,0.0037
9,5376,0.0037
9,5902,0.0037
9,10029,0.0036
9,10035,0.0036
9,6189,0.0036
9,10015,0.0036
9,5522,0.0036
9,5671,0.0036
9,7319,0.0036
9,5865,0.0036
9,6246,0.0036
9,7666,0.0036
9,5219,0.0036
9,8314,0.0035
9,8404,0.0035
9,6761,0.0035
9,6662,0.0035
9,9781,0.0035
9,7788,0.0035
9,5397,0.0035
9,9264,0.0035
9,8433,0.0034
9,5307,0.0034
9,9058,0.0034
9,9569,0.0034
9,9675,0.0034
9,8572,0.0034
9,9528,0.0034
9,6249,0.0034
9,9849,0.0033
9,6103,0.0033
9,6379,0.0033
9,5466,0.0033
9,7115,0.0033
9,9550,0.0033
9,9927,0.0033
9,5303,0.0033
9,9684,0.0032
9,7495,0.0032
9,6468,0.0032
9,5889,0.0032
9,9610,0.0032
9,6424,0.0032
9,7677,0.0032
9,7220,0.0031
9,6291,0.0031
9,6428,0.0031
9,8758,0.0031
9,9541,0.0031
9,5377,0.0031
9,5328,0.0031
9,5970,0.0031
9,6443,0.0030
9,7747,0.0030
9,9543,0.0030
9,9744,0.0030
9,10037,0.0030
9,8826,0.0029
9,9895,0.0029
9,9344,0.0029
9,8774,0.0029
9,5023,0.0029
9,6970,0.0029
9,5299,0.0029
9,8158,0.0029
9,8793,0.0029
9,8964,0.0029
9,8790,0.0028
9,7726,0.0028
9,8211,0.0028
9,9535,0.0028
9,8741,0.0028
9,6359,0.0028
9,8795,0.0027
9,5878,0.0027
9,7553,0.0027
9,9059,0.0027
9,5105,0.0027
9,8302,0.0027
9,7227,0.0027
9,8449,0.0027
9,5760,0.0027
9,6445,0.0027
9,9546,0.0026
9,8317,0.0026
9,9060,0.0026
9,5296,0.0025
9,8453,0.0025
9,6850,0.0025
9,8988,0.0025
9,9534,0.0025
9,6663,0.0025
9,7175,0.0025
9,8303,0.0025
9,9553,0.0024
9,9446,0.0024
9,9896,0.0024
9,6286,0.0024
9,5232,0.0024
9,9625,0.0024
9,7223,0.0023
9,8442,0.0023
9,5294,0.0023
9,7583,0.0023
9,7560,0.0023
9,5950,0.0023
9,8025,0.0023
9,9833,0.0023
9,7787,0.0022
9,5730,0.0022
9,6439,0.0022
9,7732,0.0022
9,9739,0.0022
9,8447,0.0021
9,5308,0.0021
9,7873,0.0021
9,5943,0.0020
9,5306,0.0020
9,5476,0.0020
9,5829,0.0019
9,5445,0.0016
9,5826,0.0016
9,9261,0.0015
9,5470,0.0015
9,7693,0.0012
9,7694,0.0008
10,5053,0.5271
10,5610,0.3476
10,7499,0.3114
10,7079,0.2810
10,9464,0.2733
10,8127,0.2494
10,8520,0.2298
10,6828,0.2287
10,8044,0.2243
10,7346,0.2164
10,6387,0.2125
10,6039,0.2097
10,6375,0.2086
10,7808,0.2075
10,6446,0.1959
10,9334,0.1843
10,7306,0.1727
10,8839,0.1727
10,8628,0.1723
10,8535,0.1612
10,5175,0.1585
10,6892,0.1575
10,6247,0.1462
10,6632,0.1414
10,6168,0.1367
10,8022,0.1336
10,9827,0.1321
10,6727,0.1307
10,8738,0.1292
10,5413,0.1252
10,6785,0.1193
10,6345,0.1177
10,7180,0.1154
10,8652,0.1074
10,7314,0.1008
10,5180,0.0991
10,7181,0.0980
10,7418,0.0955
10,8840,0.0939
10,6533,0.0917
10,9122,0.0901
10,9085,0.0895
10,9615,0.0894
10,5244,0.0881
10,9462,0.0873
10,9986,0.0871
10,5716,0.0853
10,8621,0.0852
10,8916,0.0843
10,7596,0.0840
10,8526,0.0826
10,6532,0.0802
10,7433,0.0775
10,6014,0.0762
10,8362,0.0753
10,7498,0.0734
10,8349,0.0722
10,5720,0.0721
10,8368,0.0721
10,8699,0.0716
10,7480,0.0705
10,9427,0.0705
10,6846,0.0704
10,6049,0.0684
10,7127,0.0675
10,5606,0.0653
10,5922,0.0628
10,6981,0.0618
10,5129,0.0617
10,7091,0.0617
10,7640,0.0613
10,9402,0.0607
10,8199,0.0602
10,6546,0.0597
10,8463,0.0597
10,8539,0.0597
10,7410,0.0588
10,8850,0.0586
10,9133,0.0579
10,9817,0.0578
10,6930,0.0565
10,9938,0.0562
10,9084,0.0559
10,5928,0.0556
10,8866,0.0555
10,9715,0.0554
10,6084,0.0542
10,9814,0.0534
10,7834,0.0530
10,7364,0.0517
10,5257,0.0517
10,7445,0.0497
10,8704,0.0497
10,9581,0.0490
10,6042,0.0488
10,7518,0.0487
10,8969,0.0476
10,5271,0.0471
10,7347,0.0471
10,9463,0.0471
10,9287,0.0468
10,8250,0.0466
10,6115,0.0464
10,9311,0.0463
10,9183,0.0461
10,5618,0.0459
10,9167,0.0459
10,6725,0.0458
10,7790,0.0458
10,7335,0.0454
10,8231,0.0451
10,7736,0.0449
10,8577,0.0446
10,9608,0.0445
10,5226,0.0437
10,6322,0.0437
10,5944,0.0436
10,5572,0.0434
10,8825,0.0432
10,6161,0.0431
10,6989,0.0431
10,7479,0.0427
10,5383,0.0426
10,7122,0.0426
10,8143,0.0426
10,9659,0.0426
10,7565,0.0417
10,5147,0.0416
10,8403,0.0416
10,9169,0.0416
10,8829,0.0413
10,6649,0.0410
10,5228,0.0410
10,7401,0.0409
10,7567,0.0409
10,5390,0.0407
10,9275,0.0407
10,6980,0.0405
10,6644,0.0402
10,8046,0.0401
10,7858,0.0399
10,7200,0.0398
10,7470,0.0398
10,9378,0.0398
10,9752,0.0398
10,9260,0.0397
10,8273,0.0391
10,9239,0.0388
10,8275,0.0386
10,5417,0.0386
10,6398,0.0385
10,9609,0.0385
10,5404,0.0381
10,5197,0.0381
10,5609,0.0381
10,7363,0.0381
10,8690,0.0381
10,8503,0.0378
10,5602,0.0375
10,6998,0.0373
10,9126,0.0373
10,9127,0.0373
10,8165,0.0371
10,5787,0.0370
10,6993,0.0367
10,5354,0.0365
10,6578,0.0365
10,8546,0.0360
10,8242,0.0360
10,6803,0.0358
10,9567,0.0357
10,8591,0.0353
10,9774,0.0352
10,5131,0.0351
10,7197,0.0348
10,5503,0.0344
10,8348,0.0344
10,8464,0.0344
10,8728,0.0344
10,9598,0.0344
10,9707,0.0344
10,9882,0.0342
10,6393,0.0338
10,7897,0.0338
10,9705,0.0338
10,6336,0.0336
10,9123,0.0336
10,7860,0.0336
10,9341,0.0335
10,8880,0.0335
10,9720,0.0334
10,9894,0.0330
10,7213,0.0330
10,8015,0.0327
10,9316,0.0322
10,9381,0.0320
10,7885,0.0318
10,6894,0.0314
10,7214,0.0314
10,7301,0.0312
10,6683,0.0309
10,9883,0.0309
10,8557,0.0309
10,8755,0.0309
10,7971,0.0306
10,7543,0.0305
10,7542,0.0303
10,7997,0.0303
10,8892,0.0303
10,5566,0.0302
10,5811,0.0301
10,5314,0.0301
10,9461,0.0301
10,8344,0.0298
10,9506,0.0298
10,9681,0.0297
10,9184,0.0294
10,8677,0.0293
10,9658,0.0293
10,10005,0.0293
10,9025,0.0291
10,8566,0.0290
10,6822,0.0290
10,9019,0.0290
10,5605,0.0289
10,7457,0.0289
10,9181,0.0287
10,6562,0.0284
10,9284,0.0283
10,7171,0.0282
10,9575,0.0282
10,5190,0.0280
10,6735,0.0280
10,9691,0.0279
10,7492,0.0277
10,9040,0.0276
10,5536,0.0276
10,8188,0.0275
10,6825,0.0273
10,5224,0.0271
10,6148,0.0271
10,7544,0.0271
10,8973,0.0271
10,7916,0.0269
10,6986,0.0267
10,6565,0.0267
10,9957,0.0267
10,6601,0.0264
10,8359,0.0263
10,5418,0.0261
10,8571,0.0261
10,8007,0.0259
10,8587,0.0259
10,6526,0.0259
10,9685,0.0257
10,8536,0.0256
10,5535,0.0256
10,6527,0.0256
10,8596,0.0255
10,5914,0.0254
10,7549,0.0254
10,7281,0.0254
10,9320,0.0253
10,5505,0.0252
10,6251,0.0252
10,5331,0.0252
10,9426,0.0252
10,6528,0.0250
10,7563,0.0250
10,6992,0.0249
10,9145,0.0249
10,9667,0.0246
10,5899,0.0245
10,6269,0.0245
10,6797,0.0245
10,7945,0.0245
10,9103,0.0245
10,5433,0.0242
10,6016,0.0242
10,6643,0.0242
10,9134,0.0242
10,8239,0.0242
10,5239,0.0241
10,6697,0.0240
10,7749,0.0240
10,9518,0.0240
10,8844,0.0239
10,5160,0.0239
10,6929,0.0239
10,9165,0.0239
10,7903,0.0236
10,5927,0.0235
10,8489,0.0235
10,8891,0.0235
10,9966,0.0235
10,5021,0.0234
10,7177,0.0234
10,6254,0.0233
10,7129,0.0232
10,8901,0.0232
10,6101,0.0231
10,8584,0.0231
10,9764,0.0231
10,5948,0.0230
10,5919,0.0229
10,9956,0.0229
10,8630,0.0229
10,7176,0.0229
10,6327,0.0229
10,5730,0.0227
10,5689,0.0227
10,5708,0.0227
10,7841,0.0227
10,5809,0.0225
10,9374,0.0225
10,6199,0.0224
10,5571,0.0223
10,8415,0.0223
10,7152,0.0222
10,9340,0.0222
10,9841,0.0221
10,5402,0.0221
10,8551,0.0221
10,6185,0.0220
10,6248,0.0220
10,7366,0.0220
10,7838,0.0219
10,8126,0.0218
10,9836,0.0218
10,8868,0.0217
10,8881,0.0217
10,8882,0.0216
10,5764,0.0215
10,9216,0.0214
10,5063,0.0213
10,7137,0.0213
10,8122,0.0211
10,6820,0.0211
10,7647,0.0209
10,7289,0.0209
10,5864,0.0208
10,8561,0.0208
10,6343,0.0207
10,5862,0.0207
10,9769,0.0207
10,8328,0.0206
10,5089,0.0206
10,5973,0.0206
10,5533,0.0204
10,6487,0.0203
10,6517,0.0203
10,8622,0.0203
10,6555,0.0202
10,6426,0.0201
10,7280,0.0201
10,7332,0.0201
10,8004,0.0201
10,9246,0.0201
10,9249,0.0201
10,7732,0.0200
10,8675,0.0200
10,7288,0.0199
10,9680,0.0199
10,9951,0.0197
10,5189,0.0197
10,7715,0.0196
10,6968,0.0196
10,8887,0.0195
10,9767,0.0195
10,9893,0.0191
10,5936,0.0189
10,6324,0.0188
10,8726,0.0188
10,7954,0.0188
10,5367,0.0188
10,5717,0.0187
10,8204,0.0186
10,8752,0.0186
10,9221,0.0186
10,9968,0.0186
10,6515,0.0185
10,7015,0.0185
10,8441,0.0185
10,8567,0.0184
10,5158,0.0183
10,5541,0.0183
10,9885,0.0183
10,9189,0.0182
10,7398,0.0182
10,5330,0.0181
10,9053,0.0181
10,6972,0.0181
10,8908,0.0181
10,8944,0.0180
10,7148,0.0179
10,8715,0.0179
10,7157,0.0178
10,8151,0.0178
10,8616,0.0178
10,7814,0.0177
10,6940,0.0175
10,9596,0.0175
10,5061,0.0174
10,7434,0.0174
10,7501,0.0174
10,8717,0.0174
10,9700,0.0174
10,6878,0.0173
10,8405,0.0173
10,5926,0.0172
10,9425,0.0172
10,7483,0.0172
10,8505,0.0171
10,8408,0.0170
10,9754,0.0170
10,7302,0.0169
10,6383,0.0169
10,5968,0.0169
10,8337,0.0169
10,8615,0.0169
10,8651,0.0169
10,6985,0.0169
10,8427,0.0168
10,6887,0.0168
10,7989,0.0167
10,5125,0.0166
10,9481,0.0166
10,6754,0.0166
10,8210,0.0166
10,7481,0.0165
10,8679,0.0165
10,5657,0.0164
10,8021,0.0164
10,7764,0.0163
10,5934,0.0163
10,7046,0.0162
10,6114,0.0162
10,8256,0.0161
10,8303,0.0160
10,5373,0.0159
10,7454,0.0159
10,5700,0.0158
10,6529,0.0158
10,5248,0.0157
10,9663,0.0157
10,6824,0.0156
10,8525,0.0156
10,8438,0.0156
10,6508,0.0156
10,7670,0.0156
10,6012,0.0155
10,8807,0.0155
10,9026,0.0154
10,9253,0.0154
10,6608,0.0153
10,6271,0.0153
10,6638,0.0153
10,6650,0.0153
10,9566,0.0153
10,9789,0.0153
10,5762,0.0152
10,7317,0.0152
10,5401,0.0152
10,9013,0.0152
10,9877,0.0152
10,6273,0.0150
10,7946,0.0150
10,6239,0.0149
10,6779,0.0149
10,6804,0.0149
10,6963,0.0149
10,7550,0.0149
10,5558,0.0149
10,9890,0.0148
10,6070,0.0147
10,8137,0.0147
10,8262,0.0146
10,9090,0.0146
10,8513,0.0146
10,6950,0.0144
10,7578,0.0144
10,5245,0.0144
10,9252,0.0144
10,6325,0.0143
10,7128,0.0143
10,5718,0.0142
10,9277,0.0142
10,9892,0.0141
10,5317,0.0141
10,7304,0.0140
10,7553,0.0140
10,6926,0.0139
10,5522,0.0139
10,8467,0.0139
10,6460,0.0138
10,7652,0.0138
10,8769,0.0138
10,9096,0.0138
10,5055,0.0137
10,5512,0.0137
10,7771,0.0137
10,8228,0.0137
10,9424,0.0137
10,9874,0.0137
10,5360,0.0136
10,8339,0.0136
10,8519,0.0135
10,8666,0.0134
10,5601,0.0134
10,6752,0.0134
10,5588,0.0133
10,9939,0.0133
10,9073,0.0132
10,5626,0.0132
10,6634,0.0132
10,8090,0.0132
10,8080,0.0131
10,8138,0.0131
10,9139,0.0131
10,9328,0.0131
10,6641,0.0129
10,5786,0.0129
10,7490,0.0129
10,8761,0.0129
10,7680,0.0129
10,6718,0.0128
10,9157,0.0128
10,7173,0.0127
10,6671,0.0127
10,6536,0.0126
10,8475,0.0126
10,9879,0.0125
10,6334,0.0125
10,8682,0.0125
10,7009,0.0125
10,6410,0.0125
10,5813,0.0124
10,7051,0.0124
10,6884,0.0123
10,6574,0.0122
10,7215,0.0122
10,8486,0.0122
10,5167,0.0121
10,9908,0.0121
10,5187,0.0120
10,5246,0.0120
10,6404,0.0120
10,9815,0.0120
10,8306,0.0119
10,5584,0.0119
10,8230,0.0119
10,8406,0.0119
10,9868,0.0119
10,5940,0.0118
10,7925,0.0118
10,9583,0.0118
10,9977,0.0118
10,8025,0.0117
10,7209,0.0117
10,7910,0.0117
10,9170,0.0117
10,6869,0.0116
10,7451,0.0116
10,9003,0.0116
10,8488,0.0115
10,7566,0.0115
10,5032,0.0115
10,8248,0.0114
10,7744,0.0114
10,5014,0.0114
10,5729,0.0114
10,9533,0.0114
10,8910,0.0113
10,9712,0.0113
10,6602,0.0113
10,7063,0.0113
10,7789,0.0113
10,8382,0.0113
10,6166,0.0112
10,7047,0.0112
10,8018,0.0111
10,5031,0.0111
10,9437,0.0111
10,7609,0.0111
10,6896,0.0111
10,7408,0.0110
10,6045,0.0110
10,7053,0.0110
10,8835,0.0110
10,6988,0.0110
10,6361,0.0109
10,8247,0.0109
10,8375,0.0109
10,8390,0.0108
10,8914,0.0108
10,9057,0.0108
10,5238,0.0108
10,5825,0.0108
10,7779,0.0108
10,8606,0.0108
10,7663,0.0107
10,7780,0.0107
10,5491,0.0107
10,7416,0.0107
10,9439,0.0107
10,10026,0.0107
10,5489,0.0107
10,6266,0.0107
10,7305,0.0107
10,7377,0.0107
10,8794,0.0106
10,7356,0.0106
10,7290,0.0106
10,8886,0.0105
10,9683,0.0105
10,5478,0.0105
10,5146,0.0105
10,7539,0.0105
10,6600,0.0105
10,8522,0.0105
10,6209,0.0104
10,5493,0.0104
10,5428,0.0104
10,9515,0.0104
10,8605,0.0104
10,5525,0.0103
10,6098,0.0103
10,7535,0.0103
10,6842,0.0103
10,7374,0.0103
10,9714,0.0103
10,5445,0.0102
10,5685,0.0102
10,6458,0.0102
10,7161,0.0102
10,9677,0.0101
10,5166,0.0100
10,5432,0.0100
10,5696,0.0100
10,7031,0.0100
10,9469,0.0100
10,9682,0.0100
10,5941,0.0100
10,6947,0.0099
10,7390,0.0099
10,7494,0.0099
10,9285,0.0099
10,5528,0.0099
10,6635,0.0099
10,7517,0.0099
10,6920,0.0098
10,6117,0.0098
10,7763,0.0098
10,9048,0.0097
10,6346,0.0096
10,6302,0.0096
10,6405,0.0096
10,5648,0.0095
10,7878,0.0095
10,9587,0.0095
10,7154,0.0094
10,5457,0.0094
10,7081,0.0094
10,7164,0.0094
10,9716,0.0094
10,7352,0.0093
10,9393,0.0093
10,9477,0.0093
10,6592,0.0092
10,9896,0.0092
10,8410,0.0092
10,9729,0.0092
10,6918,0.0091
10,5814,0.0091
10,9678,0.0091
10,9928,0.0091
10,8314,0.0091
10,9858,0.0090
10,6029,0.0090
10,7080,0.0090
10,7633,0.0090
10,7853,0.0090
10,6500,0.0089
10,6770,0.0089
10,8553,0.0089
10,8326,0.0089
10,5153,0.0088
10,9664,0.0088
10,5397,0.0088
10,8554,0.0088
10,5950,0.0087
10,5917,0.0087
10,6603,0.0087
10,8986,0.0087
10,9713,0.0087
10,9863,0.0086
10,5460,0.0086
10,9616,0.0086
10,5771,0.0086
10,7295,0.0086
10,8977,0.0086
10,9741,0.0086
10,7186,0.0085
10,8556,0.0085
10,8626,0.0085
10,6167,0.0085
10,8990,0.0085
10,7462,0.0085
10,8380,0.0084
10,6912,0.0084
10,5492,0.0084
10,9179,0.0084
10,5332,0.0084
10,9636,0.0083
10,6559,0.0083
10,7050,0.0083
10,6468,0.0082
10,6832,0.0082
10,5975,0.0082
10,5087,0.0082
10,7166,0.0082
10,5243,0.0081
10,7929,0.0081
10,9869,0.0081
10,7665,0.0081
10,6470,0.0081
10,7395,0.0081
10,8974,0.0080
10,9404,0.0080
10,6591,0.0080
10,6805,0.0080
10,6428,0.0079
10,6429,0.0079
10,6134,0.0079
10,7905,0.0079
10,7900,0.0079
10,9206,0.0079
10,7459,0.0078
10,5890,0.0078
10,6932,0.0078
10,6263,0.0078
10,8499,0.0078
10,9017,0.0078
10,5109,0.0077
10,6893,0.0077
10,6863,0.0077
10,8361,0.0077
10,8523,0.0077
10,6217,0.0077
10,7110,0.0076
10,8663,0.0076
10,5998,0.0076
10,6149,0.0076
10,8970,0.0076
10,6569,0.0076
10,5394,0.0075
10,5319,0.0075
10,7282,0.0075
10,6854,0.0074
10,5776,0.0074
10,7343,0.0074
10,8751,0.0074
10,8778,0.0073
10,7508,0.0073
10,7525,0.0073
10,6094,0.0072
10,8732,0.0072
10,5168,0.0072
10,7595,0.0071
10,9733,0.0071
10,9124,0.0071
10,9721,0.0071
10,8696,0.0070
10,7709,0.0070
10,7226,0.0069
10,8449,0.0069
10,8805,0.0069
10,9500,0.0069
10,8658,0.0068
10,7357,0.0068
10,8465,0.0068
10,8972,0.0068
10,6264,0.0068
10,8817,0.0068
10,9530,0.0067
10,5600,0.0067
10,5732,0.0067
10,6566,0.0067
10,9660,0.0067
10,6037,0.0067
10,6272,0.0067
10,9638,0.0067
10,5096,0.0066
10,6142,0.0066
10,6906,0.0066
10,7733,0.0066
10,9436,0.0066
10,8317,0.0066
10,8804,0.0065
10,9060,0.0065
10,8315,0.0065
10,8939,0.0065
10,7907,0.0065
10,7727,0.0065
10,8366,0.0065
10,6925,0.0065
10,9390,0.0065
10,5296,0.0064
10,9080,0.0064
10,8592,0.0064
10,9738,0.0064
10,5521,0.0063
10,9947,0.0063
10,5954,0.0062
10,8276,0.0062
10,9655,0.0062
10,7848,0.0062
10,6675,0.0062
10,9251,0.0062
10,9435,0.0061
10,6459,0.0061
10,7328,0.0060
10,7527,0.0060
10,9788,0.0060
10,7679,0.0060
10,8186,0.0060
10,6599,0.0060
10,5221,0.0059
10,8045,0.0059
10,8394,0.0059
10,6285,0.0059
10,9693,0.0059
10,7695,0.0058
10,6052,0.0058
10,9881,0.0058
10,6467,0.0058
10,7634,0.0058
10,8847,0.0058
10,8856,0.0057
10,5291,0.0057
10,6301,0.0057
10,9686,0.0057
10,9780,0.0057
10,6640,0.0057
10,8857,0.0056
10,9475,0.0055
10,5887,0.0055
10,5101,0.0054
10,5485,0.0054
10,6282,0.0054
10,5119,0.0053
10,8116,0.0053
10,7014,0.0052
10,7338,0.0052
10,5099,0.0052
10,9342,0.0052
10,9529,0.0052
10,8443,0.0052
10,7717,0.0052
10,7712,0.0051
10,5179,0.0050
10,7150,0.0050
10,5461,0.0050
10,5752,0.0050
10,6431,0.0050
10,5472,0.0050
10,6916,0.0050
10,8648,0.0050
10,5289,0.0050
10,7415,0.0049
10,7689,0.0049
10,9035,0.0049
10,8310,0.0049
10,5254,0.0049
10,5310,0.0049
10,8524,0.0048
10,7273,0.0048
10,8437,0.0048
10,6838,0.0047
10,9438,0.0047
10,7353,0.0047
10,8618,0.0047
10,8440,0.0047
10,9912,0.0047
10,8020,0.0046
10,8305,0.0046
10,8960,0.0046
10,7319,0.0046
10,9985,0.0046
10,7666,0.0046
10,7049,0.0046
10,5219,0.0046
10,5400,0.0045
10,6525,0.0045
10,6662,0.0045
10,9547,0.0045
10,8649,0.0045
10,9781,0.0045
10,9180,0.0045
10,5770,0.0044
10,5112,0.0044
10,9058,0.0044
10,5777,0.0044
10,6494,0.0044
10,7291,0.0044
10,6586,0.0043
10,7745,0.0043
10,5652,0.0043
10,6607,0.0043
10,7115,0.0043
10,9545,0.0042
10,6872,0.0042
10,7748,0.0042
10,9927,0.0042
10,9076,0.0042
10,6664,0.0041
10,7495,0.0041
10,9093,0.0041
10,5118,0.0041
10,7530,0.0041
10,7170,0.0041
10,9831,0.0040
10,5880,0.0040
10,5114,0.0040
10,8871,0.0040
10,7232,0.0040
10,9541,0.0040
10,5328,0.0039
10,7928,0.0039
10,8585,0.0039
10,5937,0.0039
10,5305,0.0039
10,6886,0.0039
10,5646,0.0038
10,8325,0.0038
10,5816,0.0038
10,9116,0.0038
10,8324,0.0038
10,8338,0.0038
10,9240,0.0038
10,8059,0.0038
10,9065,0.0038
10,10018,0.0038
10,5483,0.0038
10,7854,0.0038
10,5299,0.0037
10,7224,0.0037
10,6290,0.0037
10,8158,0.0037
10,5597,0.0037
10,7121,0.0037
10,7869,0.0037
10,8964,0.0037
10,8173,0.0037
10,8918,0.0036
10,9540,0.0036
10,6455,0.0036
10,8961,0.0036
10,8883,0.0036
10,8741,0.0036
10,6751,0.0036
10,7791,0.0036
10,8665,0.0036
10,7851,0.0036
10,5255,0.0035
10,8302,0.0035
10,8641,0.0035
10,6902,0.0035
10,6605,0.0034
10,7219,0.0034
10,7231,0.0034
10,5211,0.0034
10,10024,0.0034
10,8377,0.0034
10,8820,0.0034
10,7687,0.0033
10,9745,0.0033
10,7054,0.0033
10,8115,0.0033
10,6430,0.0033
10,7816,0.0032
10,9534,0.0032
10,7175,0.0032
10,6381,0.0032
10,5759,0.0032
10,5883,0.0031
10,9633,0.0031
10,9525,0.0030
10,7223,0.0030
10,7691,0.0030
10,8117,0.0030
10,5036,0.0030
10,5294,0.0030
10,5008,0.0030
10,8528,0.0030
10,9405,0.0030
10,8307,0.0030
10,5805,0.0029
10,7183,0.0029
10,7705,0.0029
10,8376,0.0029
10,5495,0.0028
10,6473,0.0028
10,8870,0.0028
10,5449,0.0027
10,7419,0.0026
10,7847,0.0026
10,7686,0.0026
10,7598,0.0024
10,7482,0.0024
10,7788,0.0022
10,7694,0.0022
10,8019,0.0022
10,8374,0.0022
10,5884,0.0021
10,6245,0.0021
10,5561,0.0021
10,9684,0.0021
10,5515,0.0021
10,5826,0.0020
10,9261,0.0019
10,6485,0.0019
10,8790,0.0018
10,7713,0.0018
10,8572,0.0017
10,9661,0.0017
10,7580,0.0012
