1,7211,0.1556
1,8419,0.1112
1,5608,0.0987
1,8564,0.0910
1,7314,0.0795
1,7449,0.0776
1,6578,0.0679
1,8547,0.0642
1,7380,0.0634
1,6342,0.0612
1,9805,0.0605
1,7820,0.0605
1,6567,0.0594
1,7146,0.0587
1,8370,0.0578
1,8860,0.0566
1,7155,0.0565
1,9281,0.0543
1,7367,0.0528
1,7892,0.0525
1,9671,0.0507
1,7821,0.0502
1,5486,0.0501
1,7909,0.0498
1,8170,0.0493
1,5579,0.0479
1,7413,0.0474
1,7433,0.0472
1,6187,0.0469
1,5184,0.0464
1,8041,0.0460
1,7883,0.0458
1,5798,0.0456
1,7369,0.0454
1,8270,0.0453
1,5014,0.0452
1,7890,0.0450
1,6850,0.0447
1,8709,0.0447
1,6122,0.0443
1,6335,0.0436
1,7980,0.0435
1,5424,0.0432
1,9192,0.0431
1,9069,0.0429
1,7021,0.0428
1,7822,0.0423
1,8015,0.0420
1,7023,0.0418
1,8358,0.0416
1,10004,0.0410
1,6008,0.0404
1,6817,0.0403
1,7723,0.0400
1,7559,0.0399
1,9455,0.0394
1,8418,0.0392
1,7434,0.0392
1,5316,0.0385
1,7079,0.0384
1,9574,0.0383
1,8050,0.0381
1,8490,0.0377
1,6262,0.0376
1,8264,0.0375
1,9086,0.0369
1,6461,0.0367
1,8243,0.0359
1,7771,0.0359
1,7298,0.0359
1,5799,0.0351
1,6309,0.0349
1,7811,0.0346
1,6126,0.0344
1,5807,0.0343
1,7022,0.0341
1,7130,0.0340
1,5657,0.0339
1,5578,0.0337
1,5848,0.0337
1,9963,0.0337
1,6693,0.0333
1,7385,0.0331
1,7581,0.0329
1,5266,0.0329
1,7965,0.0327
1,5695,0.0325
1,7025,0.0325
1,9897,0.0321
1,8399,0.0319
1,7106,0.0316
1,5676,0.0315
1,7142,0.0315
1,7575,0.0315
1,6579,0.0311
1,6686,0.0310
1,5953,0.0308
1,7545,0.0308
1,6025,0.0308
1,6032,0.0306
1,7733,0.0305
1,5570,0.0304
1,6808,0.0301
1,7542,0.0299
1,5660,0.0297
1,8183,0.0297
1,7078,0.0292
1,5803,0.0291
1,7953,0.0289
1,8708,0.0288
1,6904,0.0286
1,6158,0.0286
1,9652,0.0285
1,5905,0.0283
1,7213,0.0281
1,9499,0.0281
1,6470,0.0281
1,9490,0.0279
1,6811,0.0278
1,7165,0.0278
1,7573,0.0278
1,6537,0.0277
1,7216,0.0277
1,5804,0.0277
1,9784,0.0276
1,5494,0.0275
1,8702,0.0274
1,9478,0.0274
1,7144,0.0273
1,5690,0.0272
1,6471,0.0272
1,9402,0.0272
1,5708,0.0272
1,7499,0.0272
1,6611,0.0271
1,6766,0.0270
1,8203,0.0269
1,7990,0.0268
1,5834,0.0267
1,5347,0.0265
1,6027,0.0264
1,5174,0.0263
1,6696,0.0262
1,6125,0.0262
1,8701,0.0262
1,6119,0.0261
1,6116,0.0261
1,8294,0.0261
1,9241,0.0260
1,9422,0.0259
1,5385,0.0259
1,6147,0.0259
1,6513,0.0258
1,5957,0.0258
1,7992,0.0258
1,9110,0.0258
1,5930,0.0257
1,7089,0.0256
1,8588,0.0256
1,5680,0.0254
1,7139,0.0254
1,8957,0.0254
1,5540,0.0253
1,6524,0.0251
1,8345,0.0250
1,9859,0.0249
1,7879,0.0248
1,6285,0.0247
1,5801,0.0247
1,9876,0.0247
1,9198,0.0246
1,9414,0.0245
1,6462,0.0245
1,5577,0.0244
1,8013,0.0244
1,9303,0.0244
1,9327,0.0243
1,5386,0.0242
1,8100,0.0241
1,9616,0.0240
1,6813,0.0240
1,9407,0.0240
1,7996,0.0240
1,7160,0.0239
1,6311,0.0238
1,7906,0.0237
1,6143,0.0234
1,9300,0.0234
1,5390,0.0234
1,8710,0.0234
1,9384,0.0232
1,8704,0.0231
1,6304,0.0230
1,8407,0.0229
1,6627,0.0228
1,5387,0.0228
1,8684,0.0227
1,8529,0.0227
1,5658,0.0225
1,6375,0.0225
1,9288,0.0225
1,5921,0.0224
1,5043,0.0222
1,5728,0.0221
1,7300,0.0220
1,5535,0.0220
1,5384,0.0219
1,8874,0.0219
1,7732,0.0219
1,5360,0.0218
1,7428,0.0218
1,5825,0.0217
1,5675,0.0217
1,6020,0.0217
1,6354,0.0215
1,8854,0.0215
1,6006,0.0214
1,5681,0.0214
1,9624,0.0213
1,8192,0.0213
1,5952,0.0212
1,7968,0.0212
1,8576,0.0212
1,9595,0.0212
1,7036,0.0210
1,8362,0.0210
1,6710,0.0210
1,9427,0.0210
1,9565,0.0208
1,6512,0.0206
1,8095,0.0206
1,9134,0.0206
1,7140,0.0205
1,9306,0.0204
1,6957,0.0204
1,7964,0.0204
1,7988,0.0204
1,9212,0.0203
1,6936,0.0202
1,5907,0.0201
1,8479,0.0199
1,9584,0.0199
1,6851,0.0199
1,9386,0.0198
1,7138,0.0198
1,5141,0.0198
1,6577,0.0197
1,6791,0.0197
1,6800,0.0197
1,5192,0.0197
1,8223,0.0196
1,8713,0.0195
1,7386,0.0195
1,6030,0.0194
1,7872,0.0194
1,5743,0.0193
1,5373,0.0193
1,9577,0.0193
1,7623,0.0192
1,6515,0.0191
1,6509,0.0191
1,7600,0.0189
1,8005,0.0189
1,5925,0.0189
1,7277,0.0189
1,5191,0.0189
1,7853,0.0187
1,6519,0.0187
1,8478,0.0187
1,6643,0.0187
1,7198,0.0187
1,9785,0.0187
1,8581,0.0187
1,9383,0.0186
1,6503,0.0185
1,6511,0.0185
1,9853,0.0184
1,5641,0.0184
1,5435,0.0183
1,5682,0.0183
1,7593,0.0182
1,9678,0.0182
1,5152,0.0182
1,6129,0.0181
1,7911,0.0181
1,8464,0.0181
1,6581,0.0181
1,7027,0.0181
1,5915,0.0181
1,9296,0.0181
1,8190,0.0179
1,9795,0.0179
1,8530,0.0179
1,9591,0.0178
1,5151,0.0177
1,9410,0.0177
1,8579,0.0176
1,8502,0.0176
1,6848,0.0176
1,7918,0.0175
1,7485,0.0175
1,7578,0.0174
1,8435,0.0174
1,6983,0.0174
1,6819,0.0174
1,5391,0.0174
1,6029,0.0174
1,5149,0.0172
1,7810,0.0172
1,7844,0.0172
1,8871,0.0172
1,9807,0.0171
1,7157,0.0171
1,8187,0.0171
1,8644,0.0171
1,6521,0.0171
1,9965,0.0170
1,8214,0.0170
1,5833,0.0170
1,8364,0.0170
1,5664,0.0170
1,6955,0.0170
1,5693,0.0169
1,6130,0.0169
1,6233,0.0168
1,7860,0.0168
1,7394,0.0168
1,5870,0.0167
1,9401,0.0167
1,9572,0.0167
1,5488,0.0166
1,9128,0.0166
1,7169,0.0166
1,7987,0.0166
1,7744,0.0165
1,6719,0.0165
1,8698,0.0164
1,9537,0.0164
1,6818,0.0164
1,6022,0.0164
1,5363,0.0163
1,6962,0.0162
1,5388,0.0162
1,7985,0.0162
1,8689,0.0162
1,6522,0.0162
1,9406,0.0162
1,5331,0.0161
1,5841,0.0161
1,7143,0.0161
1,9588,0.0161
1,6019,0.0161
1,7029,0.0161
1,9779,0.0161
1,8466,0.0161
1,6933,0.0160
1,6951,0.0160
1,7614,0.0160
1,9600,0.0159
1,6974,0.0159
1,5614,0.0159
1,6310,0.0158
1,9232,0.0158
1,6973,0.0158
1,9556,0.0157
1,8856,0.0157
1,8217,0.0157
1,5403,0.0156
1,8232,0.0156
1,9951,0.0155
1,7546,0.0155
1,5662,0.0155
1,5929,0.0155
1,8467,0.0155
1,5586,0.0154
1,7999,0.0154
1,6815,0.0154
1,6007,0.0153
1,5568,0.0153
1,8003,0.0153
1,5569,0.0151
1,9589,0.0150
1,8103,0.0150
1,6018,0.0150
1,7991,0.0149
1,6182,0.0148
1,9187,0.0148
1,6266,0.0148
1,7436,0.0147
1,8829,0.0147
1,7768,0.0147
1,8322,0.0147
1,8276,0.0146
1,6961,0.0146
1,9305,0.0146
1,7368,0.0146
1,5919,0.0146
1,9664,0.0146
1,9684,0.0145
1,6514,0.0145
1,5835,0.0145
1,5585,0.0145
1,8741,0.0144
1,6934,0.0144
1,7028,0.0144
1,8360,0.0143
1,8932,0.0143
1,9615,0.0143
1,9279,0.0143
1,8290,0.0143
1,5674,0.0143
1,7955,0.0142
1,7951,0.0142
1,7354,0.0142
1,6583,0.0141
1,6937,0.0141
1,8475,0.0141
1,6510,0.0141
1,9804,0.0141
1,6630,0.0141
1,7396,0.0141
1,7925,0.0141
1,7371,0.0141
1,8124,0.0140
1,6504,0.0140
1,5007,0.0139
1,9630,0.0139
1,9800,0.0139
1,8838,0.0139
1,5906,0.0139
1,6573,0.0138
1,6516,0.0138
1,5506,0.0138
1,6093,0.0138
1,9197,0.0138
1,5099,0.0138
1,7389,0.0137
1,6190,0.0137
1,6964,0.0137
1,5698,0.0136
1,6474,0.0136
1,6263,0.0136
1,9394,0.0136
1,6715,0.0136
1,9317,0.0136
1,6731,0.0135
1,7392,0.0135
1,5672,0.0134
1,6938,0.0134
1,7590,0.0134
1,8719,0.0133
1,5705,0.0133
1,7950,0.0133
1,9418,0.0133
1,6580,0.0133
1,6672,0.0133
1,5821,0.0133
1,6075,0.0133
1,7500,0.0132
1,6821,0.0132
1,5392,0.0132
1,9411,0.0132
1,5679,0.0132
1,7532,0.0132
1,8729,0.0131
1,7156,0.0131
1,6336,0.0131
1,5081,0.0131
1,6967,0.0130
1,7736,0.0130
1,8375,0.0130
1,7192,0.0129
1,5170,0.0129
1,5160,0.0129
1,9094,0.0129
1,7800,0.0129
1,9665,0.0129
1,7735,0.0129
1,7475,0.0128
1,7981,0.0128
1,8350,0.0127
1,8474,0.0127
1,5131,0.0127
1,5687,0.0126
1,7959,0.0126
1,9582,0.0126
1,8389,0.0125
1,6773,0.0125
1,8923,0.0124
1,7577,0.0124
1,8089,0.0124
1,5677,0.0124
1,9078,0.0124
1,8180,0.0124
1,7489,0.0124
1,5150,0.0124
1,5495,0.0123
1,9666,0.0122
1,7197,0.0122
1,5112,0.0122
1,9326,0.0122
1,7405,0.0122
1,5325,0.0122
1,6028,0.0121
1,6754,0.0121
1,6589,0.0121
1,5185,0.0121
1,6796,0.0120
1,7734,0.0120
1,5145,0.0120
1,8046,0.0119
1,9821,0.0119
1,7151,0.0119
1,5169,0.0119
1,5902,0.0118
1,5332,0.0118
1,8537,0.0118
1,8506,0.0118
1,9213,0.0118
1,9803,0.0117
1,5323,0.0117
1,8028,0.0117
1,9105,0.0117
1,6909,0.0117
1,5688,0.0117
1,8827,0.0116
1,9156,0.0116
1,9592,0.0115
1,8201,0.0115
1,6806,0.0115
1,8410,0.0115
1,8930,0.0115
1,5651,0.0115
1,8718,0.0115
1,8497,0.0114
1,8495,0.0114
1,6953,0.0114
1,9663,0.0114
1,5229,0.0114
1,5776,0.0113
1,6798,0.0113
1,8166,0.0113
1,7279,0.0113
1,7777,0.0113
1,9360,0.0113
1,6958,0.0112
1,6588,0.0112
1,6679,0.0112
1,7838,0.0112
1,7540,0.0112
1,8242,0.0112
1,5583,0.0112
1,7748,0.0112
1,5558,0.0111
1,8496,0.0111
1,8720,0.0110
1,5348,0.0110
1,9225,0.0110
1,9698,0.0110
1,6935,0.0110
1,6894,0.0109
1,5235,0.0109
1,9322,0.0109
1,7387,0.0109
1,5389,0.0109
1,6585,0.0109
1,5313,0.0109
1,9484,0.0108
1,6919,0.0108
1,5663,0.0108
1,7548,0.0108
1,6360,0.0108
1,9959,0.0108
1,9694,0.0108
1,7408,0.0108
1,7783,0.0107
1,9797,0.0107
1,9319,0.0107
1,8094,0.0107
1,9316,0.0107
1,6939,0.0107
1,7864,0.0107
1,5101,0.0107
1,5916,0.0107
1,8008,0.0106
1,9415,0.0106
1,7409,0.0106
1,6380,0.0106
1,5072,0.0106
1,8218,0.0106
1,5154,0.0106
1,8047,0.0105
1,8499,0.0105
1,7776,0.0104
1,8408,0.0104
1,6884,0.0104
1,5738,0.0103
1,5911,0.0103
1,8791,0.0103
1,7731,0.0103
1,6154,0.0103
1,7995,0.0103
1,8231,0.0102
1,5029,0.0102
1,7182,0.0102
1,7008,0.0102
1,6867,0.0101
1,7335,0.0101
1,5912,0.0101
1,6317,0.0101
1,8804,0.0101
1,9307,0.0100
1,5867,0.0100
1,6965,0.0100
1,6023,0.0100
1,8413,0.0100
1,6235,0.0100
1,5923,0.0100
1,8589,0.0100
1,6050,0.0100
1,8284,0.0099
1,9314,0.0099
1,9961,0.0099
1,6104,0.0099
1,7553,0.0099
1,5076,0.0098
1,5175,0.0098
1,9514,0.0098
1,5940,0.0098
1,7390,0.0098
1,5063,0.0097
1,6944,0.0097
1,8785,0.0097
1,9113,0.0097
1,7062,0.0097
1,8455,0.0096
1,8980,0.0096
1,6523,0.0096
1,9320,0.0096
1,6714,0.0096
1,9587,0.0096
1,8199,0.0096
1,8148,0.0096
1,8987,0.0095
1,5815,0.0095
1,7852,0.0095
1,8753,0.0095
1,8438,0.0095
1,8139,0.0095
1,9777,0.0094
1,9802,0.0094
1,5521,0.0094
1,6849,0.0094
1,7455,0.0094
1,7090,0.0094
1,6549,0.0094
1,9832,0.0093
1,6775,0.0093
1,9531,0.0093
1,9295,0.0093
1,6712,0.0093
1,7764,0.0093
1,6178,0.0093
1,7975,0.0093
1,8235,0.0093
1,8349,0.0093
1,5138,0.0093
1,5917,0.0093
1,8409,0.0092
1,9345,0.0092
1,9247,0.0092
1,5158,0.0092
1,7115,0.0092
1,9079,0.0091
1,9732,0.0091
1,10007,0.0091
1,9304,0.0091
1,9570,0.0091
1,8016,0.0090
1,7785,0.0090
1,9840,0.0090
1,6149,0.0090
1,7206,0.0090
1,8188,0.0090
1,8604,0.0090
1,7117,0.0090
1,6915,0.0090
1,7280,0.0090
1,9157,0.0089
1,9982,0.0089
1,8425,0.0089
1,9613,0.0089
1,8918,0.0088
1,6297,0.0088
1,8678,0.0088
1,9793,0.0088
1,10016,0.0088
1,7183,0.0088
1,7779,0.0088
1,5022,0.0088
1,9967,0.0088
1,6966,0.0088
1,7989,0.0088
1,8982,0.0088
1,9904,0.0087
1,9806,0.0087
1,8175,0.0087
1,9891,0.0087
1,5047,0.0087
1,7958,0.0087
1,7162,0.0087
1,6558,0.0087
1,9460,0.0086
1,8227,0.0086
1,9946,0.0086
1,7168,0.0086
1,5926,0.0086
1,9519,0.0086
1,9082,0.0086
1,5055,0.0086
1,9090,0.0086
1,7839,0.0086
1,7397,0.0086
1,9696,0.0086
1,5671,0.0085
1,9766,0.0085
1,5566,0.0085
1,6875,0.0085
1,7120,0.0085
1,8647,0.0085
1,6707,0.0085
1,8515,0.0085
1,9483,0.0085
1,8914,0.0084
1,7940,0.0084
1,10033,0.0084
1,8919,0.0084
1,9267,0.0084
1,5157,0.0083
1,6802,0.0083
1,9214,0.0083
1,9210,0.0083
1,8297,0.0083
1,9757,0.0083
1,8727,0.0082
1,9672,0.0082
1,9315,0.0082
1,8580,0.0082
1,6071,0.0081
1,7336,0.0081
1,5034,0.0081
1,9547,0.0081
1,9954,0.0081
1,7349,0.0081
1,7322,0.0081
1,8314,0.0081
1,7887,0.0081
1,7580,0.0080
1,7513,0.0080
1,5653,0.0080
1,7163,0.0080
1,5701,0.0080
1,9116,0.0079
1,5159,0.0079
1,9789,0.0079
1,6943,0.0079
1,5546,0.0079
1,7134,0.0079
1,7974,0.0079
1,7670,0.0079
1,6988,0.0079
1,9310,0.0078
1,8113,0.0078
1,5936,0.0078
1,5412,0.0077
1,8743,0.0077
1,6348,0.0077
1,8731,0.0077
1,5832,0.0077
1,8881,0.0077
1,7843,0.0077
1,7942,0.0077
1,7608,0.0077
1,9172,0.0077
1,7082,0.0077
1,8195,0.0076
1,8162,0.0076
1,5522,0.0076
1,8001,0.0076
1,8560,0.0076
1,8878,0.0076
1,7809,0.0076
1,9544,0.0076
1,8107,0.0076
1,7954,0.0075
1,9161,0.0075
1,5997,0.0075
1,5747,0.0075
1,6614,0.0075
1,5322,0.0075
1,6870,0.0075
1,6044,0.0074
1,6299,0.0074
1,7393,0.0074
1,9981,0.0074
1,6598,0.0074
1,6704,0.0074
1,5865,0.0074
1,5309,0.0074
1,8106,0.0074
1,6844,0.0074
1,8132,0.0073
1,9107,0.0073
1,5493,0.0073
1,8716,0.0073
1,6171,0.0073
1,7129,0.0073
1,7652,0.0073
1,5039,0.0073
1,5123,0.0073
1,7065,0.0073
1,8159,0.0072
1,5830,0.0072
1,9251,0.0072
1,9435,0.0072
1,5805,0.0072
1,8976,0.0072
1,9579,0.0072
1,5525,0.0072
1,6151,0.0072
1,7907,0.0072
1,6675,0.0072
1,8233,0.0072
1,7884,0.0072
1,5265,0.0071
1,8136,0.0071
1,8886,0.0071
1,5686,0.0071
1,6681,0.0071
1,9308,0.0070
1,7017,0.0070
1,6978,0.0070
1,9188,0.0070
1,8481,0.0070
1,9371,0.0070
1,9140,0.0070
1,5012,0.0070
1,6840,0.0070
1,9647,0.0069
1,6353,0.0069
1,7479,0.0069
1,9404,0.0069
1,9701,0.0069
1,8272,0.0069
1,7411,0.0069
1,7970,0.0069
1,9456,0.0069
1,8555,0.0069
1,8760,0.0069
1,5269,0.0069
1,6349,0.0069
1,9530,0.0069
1,6321,0.0069
1,8675,0.0068
1,6395,0.0068
1,7454,0.0068
1,8299,0.0068
1,6922,0.0068
1,5534,0.0068
1,9836,0.0068
1,8379,0.0068
1,8777,0.0068
1,7966,0.0068
1,6620,0.0068
1,9813,0.0067
1,7407,0.0067
1,6996,0.0067
1,5529,0.0067
1,9206,0.0067
1,5933,0.0067
1,7035,0.0067
1,7484,0.0067
1,9284,0.0066
1,7362,0.0066
1,8504,0.0066
1,6181,0.0066
1,5856,0.0066
1,7488,0.0066
1,9545,0.0066
1,6927,0.0066
1,6559,0.0066
1,7184,0.0066
1,5023,0.0066
1,6308,0.0065
1,8596,0.0065
1,9938,0.0065
1,7185,0.0065
1,7400,0.0065
1,7215,0.0065
1,9487,0.0065
1,9586,0.0065
1,7019,0.0064
1,7353,0.0064
1,7952,0.0064
1,5173,0.0064
1,6004,0.0064
1,6246,0.0064
1,8514,0.0064
1,5731,0.0064
1,5625,0.0064
1,6518,0.0063
1,6797,0.0063
1,6517,0.0063
1,8575,0.0063
1,6781,0.0063
1,7533,0.0063
1,5338,0.0063
1,9152,0.0063
1,9940,0.0063
1,9420,0.0063
1,5928,0.0063
1,5015,0.0063
1,5368,0.0062
1,8643,0.0062
1,8434,0.0062
1,7070,0.0062
1,7840,0.0062
1,6995,0.0062
1,7727,0.0062
1,5606,0.0061
1,8694,0.0061
1,7746,0.0061
1,6687,0.0061
1,8556,0.0061
1,7167,0.0061
1,7460,0.0061
1,8786,0.0061
1,5571,0.0061
1,5156,0.0061
1,9972,0.0061
1,8230,0.0061
1,5489,0.0061
1,9648,0.0060
1,8034,0.0060
1,8326,0.0060
1,6491,0.0060
1,8221,0.0060
1,9012,0.0060
1,9872,0.0060
1,8485,0.0060
1,9309,0.0060
1,9321,0.0060
1,5205,0.0060
1,5116,0.0059
1,6378,0.0059
1,9660,0.0059
1,6952,0.0059
1,7453,0.0059
1,5073,0.0059
1,6320,0.0059
1,8480,0.0059
1,8835,0.0059
1,6323,0.0059
1,9390,0.0059
1,9149,0.0059
1,6536,0.0059
1,7772,0.0059
1,6972,0.0059
1,8080,0.0059
1,7554,0.0058
1,5350,0.0058
1,9423,0.0058
1,9778,0.0058
1,6133,0.0058
1,5113,0.0058
1,9270,0.0058
1,6094,0.0058
1,8211,0.0058
1,8224,0.0058
1,8732,0.0057
1,6469,0.0057
1,5809,0.0057
1,5292,0.0057
1,8193,0.0057
1,6475,0.0057
1,8220,0.0057
1,5045,0.0057
1,7551,0.0057
1,6688,0.0057
1,8962,0.0057
1,9590,0.0057
1,9993,0.0057
1,6720,0.0056
1,7173,0.0056
1,6925,0.0056
1,5749,0.0056
1,8700,0.0056
1,7350,0.0056
1,6555,0.0056
1,6193,0.0056
1,6410,0.0056
1,7148,0.0056
1,7305,0.0056
1,6137,0.0056
1,7069,0.0056
1,9673,0.0056
1,7131,0.0055
1,9642,0.0055
1,9593,0.0055
1,8359,0.0055
1,8652,0.0055
1,7365,0.0054
1,6368,0.0054
1,9071,0.0054
1,8206,0.0054
1,7159,0.0054
1,7857,0.0053
1,6641,0.0053
1,5924,0.0053
1,6520,0.0053
1,8578,0.0053
1,6473,0.0053
1,9831,0.0053
1,6913,0.0053
1,6862,0.0053
1,6820,0.0053
1,6633,0.0053
1,5527,0.0052
1,5853,0.0052
1,6770,0.0052
1,7789,0.0052
1,5881,0.0052
1,5095,0.0052
1,9714,0.0052
1,9936,0.0052
1,7046,0.0052
1,9050,0.0052
1,6793,0.0052
1,8325,0.0052
1,6632,0.0051
1,5263,0.0051
1,6602,0.0051
1,7052,0.0051
1,8562,0.0051
1,8891,0.0051
1,8593,0.0051
1,7949,0.0051
1,8102,0.0051
1,7773,0.0051
1,6593,0.0051
1,9947,0.0051
1,6780,0.0050
1,5397,0.0050
1,6761,0.0050
1,5704,0.0050
1,7199,0.0050
1,9089,0.0050
1,9943,0.0050
1,5359,0.0050
1,5400,0.0050
1,9443,0.0050
1,7674,0.0050
1,6012,0.0050
1,6300,0.0049
1,5153,0.0049
1,6713,0.0049
1,9945,0.0049
1,8234,0.0049
1,8577,0.0049
1,6150,0.0049
1,9881,0.0049
1,10021,0.0049
1,7166,0.0049
1,5771,0.0048
1,5280,0.0048
1,6238,0.0048
1,9323,0.0048
1,9501,0.0048
1,9392,0.0048
1,6838,0.0048
1,6197,0.0048
1,9903,0.0048
1,9679,0.0048
1,6931,0.0048
1,7847,0.0048
1,5826,0.0047
1,8431,0.0047
1,9175,0.0047
1,8222,0.0047
1,6910,0.0047
1,7158,0.0047
1,9596,0.0047
1,6387,0.0047
1,6823,0.0047
1,8313,0.0047
1,9758,0.0046
1,7399,0.0046
1,8357,0.0046
1,8679,0.0046
1,6971,0.0046
1,8567,0.0046
1,6825,0.0046
1,9439,0.0046
1,7229,0.0046
1,6324,0.0046
1,5973,0.0046
1,9421,0.0046
1,7589,0.0046
1,5901,0.0046
1,9729,0.0046
1,5299,0.0046
1,6716,0.0046
1,8184,0.0046
1,8000,0.0045
1,6106,0.0045
1,9189,0.0045
1,7230,0.0045
1,5732,0.0045
1,8446,0.0045
1,6959,0.0045
1,6140,0.0045
1,10018,0.0045
1,7448,0.0045
1,6214,0.0044
1,8025,0.0044
1,5697,0.0044
1,5114,0.0044
1,7747,0.0044
1,8219,0.0044
1,5883,0.0044
1,7931,0.0044
1,9697,0.0044
1,7855,0.0044
1,7462,0.0044
1,7227,0.0044
1,6705,0.0044
1,5763,0.0044
1,7101,0.0044
1,6575,0.0044
1,8977,0.0043
1,9025,0.0043
1,5762,0.0043
1,5730,0.0043
1,8552,0.0043
1,7824,0.0043
1,6468,0.0043
1,8943,0.0043
1,8875,0.0043
1,5165,0.0043
1,5066,0.0043
1,5396,0.0042
1,7710,0.0042
1,9739,0.0042
1,5088,0.0042
1,9654,0.0042
1,8910,0.0042
1,5148,0.0042
1,8035,0.0042
1,8021,0.0042
1,8784,0.0042
1,6483,0.0042
1,9968,0.0042
1,5774,0.0042
1,6429,0.0042
1,8002,0.0042
1,9341,0.0042
1,7605,0.0041
1,7290,0.0041
1,6640,0.0041
1,8079,0.0041
1,5118,0.0041
1,6293,0.0041
1,7873,0.0041
1,9625,0.0041
1,7922,0.0040
1,9075,0.0040
1,8911,0.0040
1,6708,0.0040
1,5999,0.0040
1,6650,0.0040
1,9780,0.0040
1,6805,0.0040
1,5588,0.0040
1,5998,0.0039
1,9260,0.0039
1,8954,0.0039
1,9533,0.0039
1,5966,0.0039
1,6209,0.0039
1,8179,0.0039
1,10025,0.0039
1,9133,0.0039
1,6985,0.0038
1,8300,0.0038
1,7788,0.0038
1,8378,0.0038
1,6244,0.0038
1,5019,0.0038
1,6114,0.0038
1,8545,0.0038
1,9153,0.0038
1,8722,0.0038
1,5831,0.0038
1,7745,0.0038
1,5129,0.0037
1,7984,0.0037
1,5941,0.0037
1,9176,0.0037
1,6484,0.0037
1,8262,0.0037
1,8628,0.0037
1,7691,0.0037
1,6902,0.0037
1,9446,0.0037
1,9553,0.0037
1,9542,0.0037
1,7823,0.0036
1,6259,0.0036
1,5093,0.0036
1,7876,0.0036
1,8758,0.0036
1,6212,0.0036
1,8225,0.0036
1,7842,0.0035
1,9091,0.0035
1,9599,0.0035
1,6216,0.0035
1,6872,0.0035
1,9181,0.0035
1,8638,0.0035
1,6272,0.0035
1,5212,0.0035
1,9518,0.0034
1,7715,0.0034
1,5437,0.0034
1,7181,0.0034
1,6419,0.0034
1,7611,0.0034
1,6460,0.0034
1,8336,0.0034
1,9643,0.0034
1,8320,0.0033
1,8681,0.0033
1,5310,0.0033
1,6930,0.0033
1,7529,0.0033
1,6296,0.0033
1,5768,0.0033
1,5443,0.0033
1,8433,0.0033
1,9263,0.0033
1,6907,0.0032
1,8340,0.0032
1,8173,0.0032
1,8308,0.0032
1,6108,0.0032
1,9934,0.0032
1,8662,0.0032
1,9860,0.0032
1,5937,0.0031
1,8018,0.0031
1,7366,0.0031
1,5947,0.0031
1,8137,0.0031
1,9389,0.0031
1,7832,0.0031
1,5304,0.0031
1,9925,0.0030
1,8558,0.0030
1,6871,0.0030
1,9100,0.0030
1,7620,0.0030
1,5375,0.0029
1,6856,0.0029
1,8436,0.0029
1,7729,0.0029
1,5068,0.0029
1,8414,0.0029
1,6183,0.0029
1,5505,0.0029
1,5946,0.0029
1,5752,0.0029
1,7757,0.0028
1,7226,0.0028
1,9822,0.0028
1,5813,0.0028
1,9511,0.0028
1,7330,0.0028
1,6587,0.0028
1,9942,0.0027
1,5879,0.0027
1,6142,0.0027
1,6459,0.0027
1,8963,0.0027
1,8870,0.0027
1,6167,0.0027
1,9939,0.0027
1,5268,0.0026
1,5187,0.0026
1,5652,0.0026
1,5238,0.0026
1,6261,0.0026
1,10034,0.0026
1,6742,0.0026
1,7755,0.0026
1,8925,0.0026
1,8609,0.0026
1,8452,0.0026
1,9527,0.0026
1,8245,0.0026
1,5464,0.0026
1,7414,0.0026
1,8344,0.0026
1,9713,0.0026
1,9781,0.0026
1,6659,0.0026
1,7093,0.0026
1,7634,0.0026
1,7528,0.0026
1,8133,0.0026
1,9264,0.0025
1,7468,0.0025
1,9557,0.0025
1,6586,0.0025
1,5877,0.0025
1,5030,0.0025
1,8606,0.0025
1,8737,0.0025
1,9062,0.0025
1,8570,0.0025
1,9367,0.0025
1,5377,0.0025
1,8605,0.0025
1,6916,0.0025
1,7680,0.0024
1,5306,0.0024
1,7232,0.0024
1,6601,0.0024
1,7495,0.0024
1,8085,0.0024
1,5889,0.0024
1,9772,0.0024
1,8057,0.0023
1,9470,0.0023
1,8319,0.0023
1,8316,0.0023
1,7928,0.0023
1,9710,0.0023
1,6258,0.0023
1,5492,0.0023
1,6608,0.0023
1,5876,0.0023
1,6327,0.0023
1,5300,0.0023
1,5597,0.0022
1,7939,0.0022
1,5943,0.0022
1,6970,0.0022
1,7154,0.0022
1,7231,0.0022
1,9969,0.0022
1,9064,0.0022
1,7419,0.0022
1,7829,0.0022
1,9532,0.0022
1,5144,0.0022
1,9180,0.0022
1,8020,0.0022
1,5240,0.0022
1,6667,0.0021
1,6385,0.0021
1,9677,0.0021
1,5295,0.0021
1,6249,0.0021
1,9092,0.0021
1,8740,0.0021
1,9438,0.0021
1,7791,0.0021
1,10020,0.0021
1,8303,0.0021
1,6556,0.0021
1,8304,0.0021
1,5179,0.0021
1,9675,0.0021
1,5102,0.0021
1,6155,0.0021
1,9294,0.0021
1,7503,0.0020
1,7738,0.0020
1,9209,0.0020
1,9549,0.0020
1,6286,0.0020
1,6525,0.0020
1,9869,0.0020
1,8374,0.0020
1,5303,0.0020
1,9124,0.0020
1,8788,0.0020
1,5564,0.0020
1,7225,0.0020
1,9523,0.0020
1,10010,0.0020
1,5245,0.0020
1,10024,0.0020
1,5716,0.0019
1,5115,0.0019
1,7051,0.0019
1,5297,0.0019
1,9076,0.0018
1,8585,0.0018
1,6219,0.0018
1,8376,0.0018
1,5783,0.0018
1,5483,0.0018
1,5507,0.0018
1,8302,0.0018
1,6077,0.0018
1,9535,0.0018
1,6211,0.0017
1,5893,0.0017
1,7730,0.0017
1,5100,0.0017
1,9833,0.0017
1,6987,0.0017
1,8966,0.0017
1,5108,0.0016
1,5291,0.0016
1,6566,0.0016
1,8592,0.0016
1,7511,0.0016
1,8988,0.0016
1,6738,0.0016
1,7469,0.0015
1,5713,0.0015
1,5515,0.0015
1,8065,0.0015
1,9405,0.0015
1,6879,0.0015
1,6294,0.0015
1,9788,0.0014
1,8416,0.0014
1,5954,0.0014
1,7175,0.0014
1,9048,0.0013
1,6381,0.0013
1,8445,0.0013
1,5393,0.0013
1,5561,0.0013
1,7424,0.0012
1,5294,0.0012
1,8443,0.0012
1,8058,0.0011
1,5829,0.0011
1,7598,0.0011
1,8019,0.0011
1,6382,0.0011
1,9436,0.0010
1,8922,0.0009
1,6485,0.0009
2,6552,0.2854
2,6279,0.2233
2,6538,0.2033
2,6220,0.1956
2,6658,0.1953
2,7947,0.1411
2,6080,0.1311
2,5514,0.1265
2,8413,0.1263
2,7833,0.1251
2,7941,0.1141
2,9273,0.1118
2,8408,0.1053
2,5124,0.1040
2,5070,0.1020
2,6651,0.0996
2,6277,0.0980
2,9576,0.0890
2,9556,0.0871
2,6492,0.0868
2,7323,0.0817
2,6586,0.0799
2,9559,0.0779
2,5503,0.0770
2,9098,0.0738
2,9750,0.0738
2,9265,0.0738
2,8555,0.0733
2,8661,0.0732
2,6105,0.0719
2,8457,0.0719
2,9941,0.0719
2,7754,0.0719
2,8087,0.0707
2,6673,0.0701
2,7755,0.0692
2,6921,0.0676
2,5860,0.0668
2,7116,0.0668
2,5888,0.0664
2,9937,0.0655
2,5771,0.0653
2,5130,0.0639
2,8480,0.0638
2,8461,0.0637
2,8174,0.0634
2,7452,0.0632
2,7348,0.0623
2,7743,0.0613
2,9759,0.0609
2,7119,0.0605
2,10022,0.0603
2,9489,0.0597
2,7446,0.0593
2,6109,0.0593
2,9099,0.0571
2,5871,0.0566
2,6097,0.0566
2,5092,0.0566
2,5816,0.0562
2,6417,0.0561
2,8426,0.0561
2,7342,0.0561
2,7661,0.0561
2,5439,0.0561
2,7930,0.0561
2,8659,0.0561
2,8337,0.0560
2,9024,0.0555
2,5630,0.0555
2,6895,0.0555
2,9250,0.0555
2,8164,0.0555
2,7111,0.0555
2,6648,0.0550
2,8692,0.0546
2,6748,0.0545
2,5653,0.0530
2,10026,0.0528
2,5122,0.0506
2,9659,0.0505
2,8455,0.0502
2,7956,0.0502
2,9113,0.0498
2,7937,0.0496
2,9081,0.0496
2,7010,0.0493
2,8843,0.0466
2,7949,0.0461
2,6085,0.0452
2,8339,0.0450
2,5120,0.0437
2,5756,0.0437
2,9554,0.0435
2,5817,0.0435
2,5517,0.0424
2,6237,0.0423
2,9102,0.0423
2,7948,0.0421
2,7208,0.0421
2,7761,0.0420
2,8151,0.0419
2,9871,0.0416
2,9109,0.0412
2,6084,0.0409
2,6676,0.0408
2,6877,0.0405
2,5569,0.0400
2,6970,0.0399
2,9288,0.0398
2,6474,0.0397
2,9148,0.0395
2,8470,0.0394
2,7824,0.0389
2,7639,0.0384
2,8940,0.0383
2,9391,0.0378
2,9864,0.0377
2,6668,0.0377
2,7760,0.0376
2,8660,0.0374
2,9516,0.0373
2,7967,0.0371
2,7350,0.0370
2,7332,0.0365
2,5009,0.0365
2,6102,0.0362
2,9763,0.0361
2,8754,0.0359
2,5183,0.0359
2,8081,0.0358
2,9561,0.0357
2,7589,0.0356
2,7916,0.0355
2,6558,0.0351
2,7321,0.0350
2,8184,0.0348
2,9940,0.0348
2,10023,0.0346
2,5378,0.0345
2,7854,0.0341
2,9159,0.0341
2,5011,0.0341
2,5499,0.0338
2,7995,0.0338
2,6378,0.0337
2,6906,0.0337
2,7089,0.0336
2,6641,0.0335
2,5000,0.0333
2,7451,0.0332
2,7758,0.0332
2,7114,0.0332
2,5639,0.0332
2,5638,0.0331
2,6794,0.0330
2,9408,0.0329
2,5560,0.0329
2,9103,0.0328
2,7360,0.0328
2,8888,0.0328
2,7016,0.0327
2,9749,0.0327
2,8554,0.0324
2,6310,0.0324
2,5497,0.0320
2,9092,0.0318
2,6497,0.0317
2,7425,0.0316
2,7117,0.0316
2,8310,0.0313
2,7951,0.0313
2,9091,0.0312
2,9920,0.0312
2,6924,0.0312
2,7362,0.0310
2,9943,0.0309
2,10019,0.0309
2,8475,0.0308
2,9455,0.0306
2,10016,0.0305
2,6536,0.0303
2,7523,0.0303
2,7423,0.0303
2,6681,0.0302
2,5566,0.0301
2,10017,0.0301
2,8726,0.0300
2,10024,0.0300
2,5010,0.0300
2,9462,0.0296
2,9747,0.0294
2,8662,0.0294
2,9788,0.0294
2,8229,0.0294
2,5792,0.0292
2,5410,0.0292
2,6838,0.0292
2,8561,0.0291
2,8342,0.0291
2,6495,0.0290
2,6778,0.0288
2,7118,0.0286
2,5562,0.0286
2,9949,0.0286
2,5809,0.0285
2,6496,0.0284
2,5885,0.0279
2,8571,0.0279
2,6919,0.0278
2,6486,0.0277
2,6400,0.0273
2,6333,0.0272
2,8874,0.0272
2,8671,0.0269
2,10025,0.0269
2,6670,0.0268
2,9104,0.0268
2,6635,0.0267
2,7427,0.0267
2,9865,0.0266
2,9519,0.0265
2,9280,0.0265
2,7500,0.0264
2,9106,0.0264
2,6491,0.0264
2,7786,0.0264
2,6555,0.0264
2,8083,0.0264
2,9271,0.0263
2,7599,0.0261
2,9764,0.0260
2,8340,0.0258
2,7610,0.0257
2,7984,0.0256
2,5512,0.0256
2,6302,0.0256
2,5518,0.0256
2,7746,0.0255
2,7954,0.0255
2,9660,0.0254
2,7011,0.0254
2,8613,0.0254
2,9262,0.0254
2,9946,0.0253
2,8332,0.0252
2,5043,0.0252
2,9397,0.0252
2,6780,0.0252
2,7751,0.0252
2,7277,0.0251
2,6005,0.0251
2,5123,0.0251
2,5377,0.0250
2,5026,0.0250
2,6693,0.0250
2,5069,0.0250
2,7013,0.0250
2,7973,0.0249
2,9149,0.0248
2,9721,0.0247
2,7390,0.0247
2,9997,0.0247
2,6006,0.0246
2,9008,0.0245
2,7965,0.0244
2,5322,0.0244
2,7748,0.0243
2,9951,0.0243
2,5559,0.0242
2,5994,0.0242
2,8177,0.0242
2,5891,0.0241
2,5657,0.0241
2,9276,0.0240
2,6689,0.0240
2,8181,0.0239
2,7771,0.0239
2,6785,0.0239
2,9771,0.0237
2,7946,0.0236
2,5128,0.0236
2,6782,0.0236
2,5894,0.0236
2,9393,0.0236
2,6304,0.0236
2,6138,0.0235
2,5673,0.0235
2,9604,0.0234
2,8350,0.0234
2,7603,0.0234
2,6779,0.0234
2,7741,0.0233
2,5644,0.0232
2,7763,0.0232
2,9390,0.0232
2,9547,0.0232
2,7940,0.0232
2,9566,0.0232
2,5320,0.0231
2,8088,0.0231
2,9082,0.0231
2,5797,0.0231
2,7534,0.0231
2,8672,0.0230
2,6469,0.0230
2,9088,0.0230
2,7198,0.0229
2,8010,0.0229
2,5649,0.0228
2,5140,0.0226
2,6571,0.0226
2,6295,0.0225
2,9762,0.0225
2,5889,0.0225
2,5228,0.0224
2,6104,0.0224
2,7988,0.0224
2,7372,0.0224
2,5887,0.0224
2,8574,0.0223
2,9623,0.0223
2,9286,0.0222
2,5602,0.0222
2,8573,0.0222
2,9791,0.0221
2,7738,0.0221
2,7134,0.0220
2,6318,0.0220
2,7950,0.0220
2,6023,0.0220
2,6296,0.0219
2,8876,0.0219
2,5052,0.0218
2,9558,0.0218
2,8971,0.0217
2,6459,0.0216
2,6305,0.0216
2,5662,0.0215
2,9719,0.0215
2,6702,0.0214
2,9223,0.0214
2,8080,0.0214
2,5313,0.0214
2,6563,0.0214
2,5601,0.0213
2,5376,0.0213
2,9169,0.0213
2,7125,0.0212
2,8201,0.0212
2,5328,0.0212
2,6106,0.0210
2,8027,0.0210
2,5796,0.0210
2,9768,0.0209
2,5356,0.0209
2,6578,0.0208
2,6460,0.0208
2,9783,0.0208
2,7942,0.0207
2,5025,0.0207
2,7943,0.0207
2,6298,0.0207
2,8728,0.0207
2,7352,0.0207
2,5409,0.0206
2,5158,0.0206
2,9263,0.0205
2,9201,0.0205
2,10011,0.0204
2,7810,0.0204
2,8464,0.0203
2,8202,0.0203
2,6923,0.0203
2,9665,0.0202
2,9112,0.0202
2,5793,0.0202
2,5337,0.0202
2,6327,0.0202
2,5567,0.0201
2,8765,0.0201
2,9677,0.0201
2,8175,0.0201
2,5417,0.0200
2,9365,0.0200
2,7978,0.0199
2,6117,0.0199
2,7549,0.0199
2,5832,0.0198
2,6468,0.0198
2,9664,0.0198
2,8939,0.0198
2,5003,0.0197
2,6217,0.0197
2,7144,0.0196
2,6824,0.0196
2,5397,0.0195
2,7437,0.0195
2,6747,0.0194
2,7939,0.0194
2,7467,0.0193
2,5573,0.0193
2,9542,0.0193
2,6691,0.0193
2,7426,0.0193
2,8115,0.0192
2,8627,0.0192
2,5505,0.0192
2,5333,0.0191
2,6807,0.0191
2,6918,0.0191
2,6284,0.0191
2,6798,0.0191
2,9555,0.0191
2,7532,0.0190
2,9565,0.0190
2,6257,0.0190
2,5546,0.0189
2,7096,0.0189
2,7825,0.0189
2,7590,0.0188
2,5931,0.0188
2,9956,0.0188
2,8176,0.0188
2,6454,0.0187
2,6682,0.0187
2,7957,0.0186
2,9219,0.0186
2,8664,0.0186
2,5490,0.0186
2,5299,0.0186
2,9100,0.0185
2,9942,0.0185
2,5884,0.0185
2,7145,0.0184
2,8495,0.0184
2,9097,0.0184
2,5375,0.0184
2,9395,0.0184
2,7448,0.0183
2,6962,0.0183
2,9324,0.0183
2,5125,0.0182
2,5129,0.0182
2,5650,0.0182
2,5121,0.0182
2,8454,0.0181
2,5318,0.0181
2,6212,0.0180
2,9573,0.0180
2,5685,0.0180
2,6079,0.0179
2,9155,0.0179
2,6131,0.0179
2,5651,0.0178
2,5997,0.0178
2,9569,0.0178
2,9662,0.0178
2,9798,0.0178
2,6797,0.0177
2,5261,0.0177
2,5701,0.0177
2,8879,0.0176
2,8347,0.0176
2,5400,0.0176
2,5558,0.0176
2,7843,0.0176
2,7622,0.0175
2,6560,0.0175
2,5655,0.0175
2,8693,0.0175
2,8195,0.0175
2,5500,0.0175
2,8024,0.0174
2,6873,0.0174
2,9969,0.0174
2,6489,0.0174
2,8346,0.0174
2,9398,0.0173
2,9713,0.0173
2,9279,0.0173
2,9089,0.0173
2,7757,0.0172
2,9302,0.0172
2,8792,0.0172
2,9868,0.0172
2,9492,0.0172
2,8190,0.0172
2,5266,0.0171
2,5249,0.0171
2,9077,0.0171
2,7837,0.0170
2,7853,0.0170
2,8873,0.0170
2,6067,0.0169
2,9150,0.0169
2,9975,0.0169
2,8587,0.0169
2,7529,0.0169
2,5323,0.0168
2,5762,0.0168
2,5637,0.0168
2,9967,0.0168
2,7123,0.0168
2,7361,0.0168
2,9154,0.0168
2,8877,0.0167
2,9872,0.0167
2,7084,0.0167
2,7317,0.0167
2,5540,0.0166
2,9811,0.0166
2,7553,0.0165
2,6645,0.0165
2,5327,0.0165
2,7907,0.0165
2,6932,0.0164
2,6494,0.0164
2,6719,0.0164
2,6875,0.0164
2,5133,0.0164
2,6943,0.0163
2,5715,0.0163
2,7551,0.0163
2,5670,0.0163
2,5898,0.0162
2,5863,0.0162
2,7226,0.0162
2,7009,0.0161
2,6920,0.0161
2,6557,0.0161
2,9875,0.0161
2,6992,0.0161
2,5312,0.0161
2,6297,0.0160
2,5513,0.0160
2,6506,0.0160
2,8307,0.0160
2,5641,0.0160
2,9545,0.0160
2,5766,0.0160
2,5725,0.0159
2,6311,0.0159
2,7766,0.0159
2,5645,0.0159
2,7349,0.0159
2,8468,0.0158
2,7689,0.0158
2,5946,0.0158
2,5896,0.0158
2,8319,0.0157
2,6148,0.0157
2,9443,0.0157
2,9261,0.0156
2,9295,0.0156
2,6570,0.0156
2,6181,0.0156
2,9570,0.0156
2,9140,0.0156
2,5234,0.0155
2,7132,0.0155
2,6917,0.0155
2,7077,0.0155
2,8673,0.0155
2,8474,0.0155
2,5516,0.0155
2,7370,0.0154
2,8569,0.0154
2,9171,0.0154
2,6114,0.0154
2,6074,0.0153
2,6505,0.0153
2,6860,0.0153
2,5002,0.0153
2,8678,0.0153
2,5211,0.0153
2,6058,0.0153
2,6998,0.0152
2,5077,0.0152
2,7992,0.0152
2,8990,0.0151
2,5571,0.0151
2,6561,0.0151
2,5672,0.0150
2,7174,0.0150
2,9567,0.0150
2,7128,0.0150
2,6672,0.0150
2,7739,0.0149
2,7014,0.0149
2,6949,0.0149
2,5635,0.0148
2,8209,0.0148
2,8185,0.0148
2,8972,0.0148
2,8572,0.0148
2,6111,0.0148
2,5746,0.0148
2,5034,0.0148
2,8628,0.0148
2,7530,0.0148
2,5315,0.0147
2,8011,0.0147
2,7129,0.0147
2,5017,0.0147
2,9748,0.0147
2,5436,0.0147
2,5742,0.0146
2,8670,0.0146
2,9264,0.0146
2,9095,0.0146
2,9269,0.0146
2,9096,0.0146
2,7163,0.0145
2,6593,0.0145
2,6057,0.0145
2,7126,0.0145
2,8847,0.0144
2,9958,0.0144
2,8976,0.0144
2,6365,0.0144
2,8433,0.0144
2,7728,0.0144
2,9073,0.0143
2,8854,0.0143
2,9796,0.0143
2,6008,0.0143
2,6337,0.0143
2,5161,0.0143
2,6303,0.0143
2,9167,0.0142
2,6146,0.0142
2,9746,0.0142
2,8348,0.0141
2,6521,0.0141
2,8073,0.0141
2,8458,0.0141
2,6707,0.0140
2,9203,0.0140
2,6125,0.0140
2,6684,0.0140
2,8331,0.0140
2,6881,0.0140
2,7405,0.0140
2,7130,0.0140
2,8641,0.0139
2,8512,0.0139
2,6678,0.0139
2,5647,0.0139
2,9525,0.0139
2,5656,0.0138
2,9087,0.0138
2,6784,0.0138
2,6498,0.0138
2,5820,0.0137
2,7088,0.0137
2,8085,0.0137
2,5310,0.0137
2,5622,0.0136
2,7762,0.0136
2,7823,0.0136
2,6781,0.0136
2,5074,0.0136
2,5150,0.0136
2,5910,0.0135
2,6525,0.0135
2,6964,0.0135
2,9533,0.0135
2,9563,0.0135
2,8150,0.0135
2,6189,0.0135
2,5037,0.0134
2,6325,0.0134
2,9151,0.0134
2,9769,0.0134
2,7924,0.0134
2,6504,0.0134
2,9947,0.0134
2,8043,0.0134
2,6692,0.0134
2,7826,0.0133
2,6466,0.0133
2,9553,0.0133
2,5698,0.0133
2,6478,0.0133
2,7756,0.0133
2,8510,0.0132
2,6930,0.0132
2,5311,0.0132
2,6490,0.0132
2,8667,0.0131
2,8681,0.0131
2,9738,0.0131
2,5769,0.0131
2,7759,0.0131
2,5666,0.0131
2,7955,0.0131
2,6192,0.0131
2,7326,0.0130
2,9291,0.0130
2,8467,0.0130
2,9557,0.0130
2,9593,0.0130
2,6430,0.0130
2,8652,0.0130
2,6931,0.0130
2,5001,0.0129
2,6500,0.0129
2,6793,0.0129
2,8577,0.0129
2,6003,0.0129
2,9568,0.0129
2,7131,0.0128
2,6978,0.0128
2,6556,0.0128
2,8679,0.0128
2,5496,0.0128
2,6384,0.0127
2,9084,0.0127
2,8987,0.0127
2,5794,0.0127
2,6738,0.0127
2,5973,0.0127
2,6193,0.0127
2,9221,0.0126
2,7832,0.0126
2,5072,0.0126
2,6934,0.0125
2,7319,0.0125
2,8207,0.0125
2,8082,0.0125
2,8731,0.0125
2,5977,0.0124
2,5703,0.0124
2,7863,0.0124
2,5930,0.0124
2,8003,0.0124
2,6671,0.0124
2,8715,0.0124
2,9612,0.0124
2,8124,0.0124
2,9277,0.0123
2,8690,0.0122
2,5911,0.0122
2,8008,0.0122
2,8986,0.0122
2,5859,0.0122
2,5192,0.0122
2,9813,0.0121
2,5886,0.0121
2,6925,0.0121
2,8361,0.0121
2,5620,0.0121
2,6213,0.0121
2,6103,0.0121
2,5995,0.0120
2,5492,0.0120
2,5993,0.0120
2,8901,0.0120
2,9714,0.0120
2,9085,0.0120
2,8363,0.0120
2,5583,0.0119
2,9775,0.0119
2,6755,0.0119
2,7919,0.0119
2,9327,0.0119
2,9282,0.0119
2,8771,0.0119
2,5648,0.0119
2,5168,0.0119
2,8009,0.0119
2,5507,0.0119
2,5609,0.0118
2,5131,0.0118
2,9917,0.0118
2,9361,0.0118
2,8729,0.0118
2,6307,0.0118
2,6134,0.0118
2,9377,0.0118
2,5135,0.0118
2,7363,0.0118
2,6133,0.0117
2,10035,0.0117
2,10020,0.0117
2,8989,0.0117
2,7882,0.0117
2,7960,0.0117
2,6820,0.0117
2,5515,0.0117
2,6149,0.0117
2,8362,0.0117
2,7407,0.0117
2,6853,0.0116
2,6487,0.0116
2,5504,0.0116
2,5384,0.0116
2,6955,0.0116
2,6994,0.0116
2,7533,0.0116
2,7403,0.0116
2,6646,0.0115
2,6001,0.0115
2,5808,0.0115
2,6256,0.0115
2,8338,0.0114
2,9802,0.0114
2,6803,0.0114
2,5830,0.0114
2,7653,0.0114
2,9389,0.0114
2,7127,0.0114
2,5581,0.0114
2,8575,0.0114
2,9732,0.0114
2,7938,0.0114
2,9755,0.0114
2,7747,0.0113
2,6000,0.0113
2,8099,0.0113
2,7862,0.0113
2,6481,0.0113
2,9910,0.0113
2,7691,0.0113
2,7745,0.0112
2,7470,0.0112
2,9992,0.0111
2,9392,0.0111
2,5498,0.0111
2,6483,0.0111
2,5222,0.0111
2,8776,0.0111
2,5986,0.0111
2,7001,0.0111
2,5640,0.0110
2,7124,0.0110
2,6588,0.0110
2,8677,0.0110
2,6396,0.0110
2,6606,0.0110
2,9634,0.0110
2,5127,0.0110
2,8994,0.0110
2,8425,0.0110
2,7069,0.0110
2,5663,0.0110
2,6677,0.0109
2,6240,0.0109
2,6942,0.0109
2,9086,0.0108
2,7373,0.0108
2,5810,0.0108
2,7347,0.0108
2,5694,0.0108
2,9628,0.0108
2,7142,0.0108
2,5561,0.0108
2,7686,0.0108
2,9308,0.0108
2,8889,0.0108
2,6266,0.0108
2,7396,0.0107
2,9646,0.0107
2,7732,0.0107
2,7377,0.0107
2,6145,0.0107
2,8415,0.0107
2,9108,0.0106
2,5178,0.0106
2,8278,0.0106
2,5915,0.0106
2,5380,0.0106
2,7382,0.0106
2,6002,0.0106
2,8612,0.0106
2,8973,0.0106
2,7288,0.0106
2,8279,0.0105
2,9795,0.0105
2,8103,0.0105
2,6977,0.0105
2,5695,0.0105
2,8957,0.0105
2,8236,0.0104
2,8884,0.0104
2,5578,0.0104
2,9904,0.0104
2,5716,0.0104
2,7497,0.0104
2,7436,0.0104
2,5923,0.0104
2,8225,0.0104
2,8238,0.0104
2,7136,0.0104
2,9315,0.0103
2,7742,0.0103
2,8743,0.0103
2,7133,0.0103
2,7839,0.0103
2,9546,0.0103
2,5595,0.0103
2,5876,0.0103
2,5932,0.0103
2,8456,0.0103
2,9950,0.0103
2,9661,0.0103
2,7359,0.0103
2,7357,0.0102
2,6493,0.0102
2,8076,0.0102
2,8044,0.0102
2,5023,0.0102
2,10021,0.0102
2,7315,0.0102
2,8546,0.0102
2,6543,0.0102
2,8390,0.0101
2,10015,0.0101
2,7090,0.0101
2,6831,0.0101
2,5197,0.0101
2,8352,0.0101
2,6966,0.0101
2,8982,0.0101
2,8807,0.0100
2,8188,0.0100
2,8192,0.0100
2,8484,0.0100
2,8578,0.0100
2,8096,0.0100
2,5509,0.0100
2,7985,0.0100
2,7456,0.0100
2,9220,0.0100
2,5826,0.0100
2,5579,0.0100
2,9976,0.0100
2,8315,0.0100
2,6120,0.0100
2,8666,0.0100
2,5665,0.0099
2,7834,0.0099
2,7780,0.0099
2,6565,0.0099
2,8200,0.0099
2,9292,0.0099
2,8685,0.0098
2,6128,0.0098
2,5652,0.0098
2,6385,0.0098
2,6770,0.0098
2,7388,0.0098
2,9214,0.0098
2,5727,0.0098
2,6499,0.0098
2,8751,0.0098
2,9083,0.0098
2,6862,0.0098
2,8591,0.0098
2,5165,0.0098
2,6745,0.0097
2,6559,0.0097
2,9105,0.0097
2,9101,0.0097
2,6796,0.0097
2,8344,0.0097
2,6326,0.0097
2,6070,0.0097
2,9591,0.0097
2,9487,0.0096
2,7740,0.0096
2,8193,0.0096
2,6854,0.0096
2,6501,0.0096
2,6967,0.0096
2,7230,0.0095
2,8442,0.0095
2,5705,0.0095
2,7847,0.0095
2,6574,0.0095
2,8625,0.0095
2,5603,0.0094
2,6141,0.0094
2,7855,0.0094
2,5947,0.0094
2,5963,0.0094
2,6377,0.0094
2,5928,0.0094
2,8328,0.0093
2,7618,0.0093
2,9472,0.0093
2,9152,0.0093
2,6909,0.0093
2,5597,0.0093
2,6156,0.0093
2,10009,0.0093
2,5018,0.0093
2,7608,0.0092
2,9328,0.0092
2,7021,0.0092
2,9948,0.0092
2,9787,0.0092
2,6802,0.0092
2,8769,0.0092
2,9416,0.0091
2,8514,0.0091
2,6714,0.0091
2,9703,0.0091
2,7150,0.0091
2,9694,0.0091
2,7962,0.0091
2,5022,0.0091
2,8232,0.0091
2,9161,0.0091
2,8579,0.0091
2,8312,0.0091
2,6662,0.0090
2,5134,0.0090
2,6308,0.0090
2,9743,0.0090
2,5841,0.0090
2,6324,0.0090
2,9751,0.0090
2,7154,0.0090
2,6033,0.0089
2,7158,0.0089
2,9834,0.0089
2,7351,0.0089
2,8323,0.0089
2,5878,0.0089
2,8133,0.0089
2,8663,0.0089
2,6393,0.0089
2,8491,0.0089
2,7592,0.0089
2,8875,0.0089
2,6376,0.0089
2,8805,0.0089
2,6944,0.0089
2,9275,0.0088
2,5142,0.0088
2,7477,0.0088
2,8377,0.0088
2,8329,0.0088
2,9931,0.0088
2,6382,0.0088
2,5489,0.0087
2,9119,0.0087
2,6154,0.0087
2,6150,0.0087
2,6675,0.0087
2,8878,0.0087
2,5697,0.0087
2,6696,0.0087
2,6210,0.0087
2,9029,0.0087
2,6364,0.0087
2,9667,0.0087
2,7831,0.0087
2,7398,0.0087
2,6874,0.0087
2,5132,0.0087
2,9349,0.0087
2,6321,0.0086
2,7389,0.0086
2,6913,0.0086
2,7654,0.0086
2,6037,0.0086
2,6861,0.0085
2,6331,0.0085
2,5209,0.0085
2,8576,0.0085
2,5813,0.0085
2,9396,0.0085
2,7531,0.0085
2,8762,0.0085
2,7399,0.0084
2,6306,0.0084
2,5173,0.0084
2,6933,0.0084
2,5308,0.0084
2,8983,0.0084
2,8687,0.0084
2,5172,0.0084
2,5674,0.0084
2,7652,0.0084
2,8388,0.0084
2,9603,0.0084
2,5506,0.0084
2,9289,0.0084
2,6030,0.0084
2,8469,0.0083
2,7121,0.0083
2,5362,0.0083
2,5300,0.0083
2,5868,0.0083
2,6583,0.0083
2,7147,0.0083
2,6661,0.0083
2,7146,0.0083
2,5223,0.0083
2,6467,0.0083
2,7675,0.0083
2,6683,0.0082
2,8965,0.0082
2,8169,0.0082
2,7952,0.0082
2,8234,0.0082
2,8700,0.0082
2,5901,0.0082
2,8364,0.0082
2,5226,0.0082
2,8483,0.0082
2,5298,0.0082
2,9110,0.0082
2,9851,0.0082
2,8959,0.0082
2,6936,0.0082
2,5319,0.0082
2,9027,0.0082
2,5929,0.0081
2,8954,0.0081
2,6299,0.0081
2,7278,0.0081
2,8198,0.0081
2,5031,0.0081
2,9765,0.0081
2,7538,0.0081
2,6488,0.0081
2,9672,0.0081
2,9164,0.0081
2,5877,0.0081
2,9605,0.0080
2,5765,0.0080
2,8173,0.0080
2,5482,0.0080
2,6116,0.0080
2,5533,0.0080
2,7901,0.0080
2,9005,0.0080
2,7394,0.0080
2,8247,0.0080
2,8500,0.0080
2,9206,0.0079
2,6734,0.0079
2,7392,0.0079
2,8504,0.0079
2,7185,0.0079
2,7228,0.0079
2,6118,0.0079
2,7736,0.0079
2,9080,0.0079
2,8308,0.0079
2,5856,0.0079
2,8970,0.0078
2,5438,0.0078
2,7646,0.0078
2,7735,0.0078
2,8520,0.0078
2,9778,0.0078
2,9444,0.0078
2,8086,0.0078
2,9418,0.0078
2,5916,0.0078
2,5331,0.0078
2,8592,0.0078
2,5745,0.0078
2,8883,0.0078
2,7328,0.0077
2,8196,0.0077
2,5814,0.0077
2,6516,0.0077
2,6751,0.0077
2,8538,0.0077
2,9351,0.0077
2,8697,0.0077
2,6590,0.0077
2,9668,0.0077
2,8674,0.0077
2,6034,0.0077
2,6929,0.0076
2,6199,0.0076
2,9075,0.0076
2,7980,0.0076
2,8499,0.0076
2,5999,0.0076
2,5434,0.0076
2,7555,0.0076
2,8680,0.0076
2,7598,0.0076
2,9674,0.0076
2,6960,0.0076
2,9314,0.0075
2,6083,0.0075
2,7232,0.0075
2,5897,0.0075
2,8406,0.0075
2,8951,0.0075
2,8341,0.0075
2,9028,0.0075
2,8092,0.0075
2,7193,0.0075
2,6709,0.0075
2,9266,0.0075
2,7644,0.0075
2,6452,0.0075
2,5502,0.0074
2,8287,0.0074
2,6099,0.0074
2,7012,0.0074
2,9404,0.0074
2,9821,0.0074
2,9578,0.0074
2,7918,0.0074
2,6591,0.0074
2,9369,0.0074
2,9014,0.0074
2,7167,0.0074
2,6012,0.0074
2,7115,0.0074
2,8859,0.0073
2,9807,0.0073
2,9878,0.0073
2,6927,0.0073
2,5654,0.0073
2,6947,0.0073
2,9614,0.0073
2,6301,0.0073
2,9753,0.0073
2,5824,0.0073
2,5949,0.0073
2,5501,0.0073
2,8506,0.0073
2,8147,0.0073
2,9346,0.0072
2,5167,0.0072
2,9170,0.0072
2,8380,0.0072
2,7419,0.0072
2,9745,0.0072
2,8505,0.0072
2,5529,0.0072
2,9523,0.0072
2,7008,0.0072
2,8187,0.0072
2,9216,0.0072
2,5007,0.0072
2,9287,0.0072
2,7135,0.0071
2,5373,0.0071
2,7137,0.0071
2,6044,0.0071
2,8218,0.0071
2,7777,0.0071
2,5948,0.0071
2,6757,0.0071
2,8984,0.0071
2,5831,0.0071
2,5767,0.0071
2,8402,0.0071
2,6115,0.0071
2,5774,0.0071
2,6731,0.0071
2,5865,0.0071
2,7704,0.0071
2,8497,0.0070
2,7415,0.0070
2,5564,0.0070
2,9475,0.0070
2,7221,0.0070
2,5535,0.0070
2,5900,0.0070
2,6968,0.0070
2,7484,0.0070
2,8603,0.0070
2,7173,0.0070
2,7899,0.0069
2,6732,0.0069
2,6517,0.0069
2,6121,0.0069
2,6939,0.0069
2,8260,0.0069
2,7752,0.0069
2,9284,0.0069
2,9810,0.0068
2,7172,0.0068
2,6285,0.0068
2,5541,0.0068
2,8222,0.0068
2,9504,0.0068
2,5861,0.0068
2,8720,0.0068
2,5882,0.0068
2,5411,0.0068
2,5448,0.0068
2,9831,0.0068
2,8129,0.0068
2,7537,0.0068
2,5903,0.0068
2,9673,0.0068
2,6795,0.0068
2,5933,0.0068
2,9436,0.0067
2,7800,0.0067
2,7726,0.0067
2,5485,0.0067
2,8303,0.0067
2,9625,0.0067
2,7840,0.0067
2,5733,0.0067
2,8736,0.0067
2,8651,0.0067
2,6439,0.0067
2,6375,0.0067
2,5114,0.0067
2,7033,0.0067
2,8817,0.0066
2,8465,0.0066
2,6475,0.0066
2,6601,0.0066
2,9983,0.0066
2,9156,0.0066
2,6360,0.0066
2,9540,0.0066
2,6855,0.0066
2,6291,0.0066
2,7341,0.0066
2,8116,0.0066
2,5032,0.0065
2,6068,0.0065
2,7166,0.0065
2,6856,0.0065
2,6848,0.0065
2,7375,0.0065
2,7709,0.0065
2,7070,0.0065
2,7842,0.0065
2,7615,0.0065
2,5194,0.0065
2,5193,0.0065
2,8676,0.0064
2,9025,0.0064
2,5952,0.0064
2,8318,0.0064
2,7387,0.0064
2,9499,0.0064
2,8000,0.0064
2,5899,0.0064
2,7199,0.0064
2,9515,0.0064
2,9639,0.0064
2,9362,0.0064
2,7866,0.0064
2,9162,0.0064
2,5708,0.0064
2,9120,0.0064
2,5303,0.0063
2,9902,0.0063
2,7474,0.0063
2,9174,0.0063
2,6720,0.0063
2,9176,0.0063
2,9959,0.0063
2,6248,0.0063
2,6972,0.0063
2,7386,0.0063
2,9347,0.0063
2,7878,0.0063
2,9934,0.0063
2,7275,0.0063
2,9548,0.0063
2,7655,0.0063
2,9551,0.0063
2,9285,0.0062
2,6395,0.0062
2,9599,0.0062
2,9589,0.0062
2,9236,0.0062
2,9571,0.0062
2,5711,0.0062
2,6351,0.0062
2,5759,0.0062
2,6703,0.0061
2,9912,0.0061
2,8840,0.0061
2,7605,0.0061
2,5902,0.0061
2,5917,0.0061
2,7164,0.0061
2,9678,0.0061
2,7710,0.0061
2,8892,0.0061
2,8004,0.0061
2,8570,0.0061
2,5704,0.0061
2,8320,0.0060
2,7355,0.0060
2,6107,0.0060
2,9274,0.0060
2,7886,0.0060
2,5668,0.0060
2,7109,0.0060
2,7179,0.0060
2,5881,0.0060
2,8065,0.0060
2,5807,0.0060
2,5776,0.0060
2,8944,0.0060
2,6886,0.0060
2,6688,0.0060
2,6575,0.0060
2,9944,0.0060
2,6188,0.0060
2,7148,0.0060
2,5314,0.0060
2,7730,0.0060
2,9521,0.0060
2,6004,0.0060
2,9830,0.0060
2,7169,0.0060
2,6503,0.0059
2,9809,0.0059
2,5324,0.0059
2,9543,0.0059
2,9049,0.0059
2,6219,0.0059
2,9592,0.0059
2,5148,0.0059
2,5014,0.0059
2,5821,0.0059
2,5854,0.0059
2,7224,0.0059
2,8114,0.0059
2,6515,0.0059
2,6031,0.0059
2,5275,0.0059
2,8375,0.0059
2,6876,0.0059
2,7778,0.0058
2,9840,0.0058
2,6973,0.0058
2,6073,0.0058
2,8451,0.0058
2,6618,0.0058
2,9386,0.0058
2,9698,0.0058
2,5067,0.0058
2,5926,0.0058
2,7225,0.0058
2,10032,0.0058
2,5117,0.0058
2,5791,0.0058
2,5795,0.0058
2,7367,0.0058
2,5768,0.0058
2,5381,0.0058
2,9596,0.0058
2,8686,0.0057
2,7769,0.0057
2,9893,0.0057
2,8351,0.0057
2,7998,0.0057
2,7528,0.0057
2,7293,0.0057
2,7309,0.0056
2,8291,0.0056
2,8800,0.0056
2,5012,0.0056
2,8482,0.0056
2,5054,0.0056
2,9861,0.0056
2,6649,0.0056
2,10018,0.0056
2,9172,0.0056
2,6984,0.0056
2,7424,0.0056
2,8084,0.0056
2,7187,0.0056
2,9544,0.0056
2,9128,0.0056
2,7563,0.0056
2,6294,0.0056
2,7616,0.0056
2,7280,0.0055
2,7971,0.0055
2,6440,0.0055
2,6995,0.0055
2,7149,0.0055
2,7690,0.0055
2,9294,0.0055
2,9564,0.0055
2,5958,0.0055
2,9960,0.0055
2,9179,0.0055
2,6261,0.0054
2,7974,0.0054
2,9526,0.0054
2,7671,0.0054
2,5464,0.0054
2,5157,0.0054
2,5753,0.0054
2,9812,0.0054
2,5089,0.0054
2,6903,0.0054
2,8963,0.0053
2,8611,0.0053
2,9053,0.0053
2,9136,0.0053
2,8605,0.0053
2,8062,0.0053
2,8235,0.0053
2,6184,0.0053
2,7574,0.0053
2,6717,0.0053
2,5141,0.0053
2,7764,0.0053
2,8299,0.0053
2,5104,0.0053
2,9684,0.0053
2,5113,0.0053
2,7873,0.0053
2,8938,0.0053
2,8891,0.0053
2,9278,0.0052
2,9066,0.0052
2,9530,0.0052
2,5743,0.0052
2,9602,0.0052
2,6704,0.0052
2,5283,0.0052
2,8787,0.0052
2,5118,0.0052
2,6263,0.0052
2,6258,0.0052
2,6094,0.0052
2,9908,0.0052
2,5731,0.0052
2,9283,0.0052
2,9235,0.0052
2,7482,0.0052
2,5433,0.0052
2,8716,0.0052
2,5784,0.0052
2,8452,0.0052
2,8880,0.0051
2,10033,0.0051
2,7279,0.0051
2,9290,0.0051
2,9663,0.0051
2,5967,0.0051
2,5866,0.0051
2,9648,0.0051
2,6178,0.0051
2,8446,0.0051
2,7481,0.0051
2,9535,0.0051
2,9524,0.0051
2,6112,0.0051
2,6151,0.0051
2,7217,0.0051
2,5216,0.0051
2,8224,0.0051
2,8608,0.0051
2,9955,0.0050
2,7827,0.0050
2,6851,0.0050
2,8881,0.0050
2,5748,0.0050
2,7066,0.0050
2,9954,0.0050
2,5068,0.0050
2,6871,0.0050
2,8223,0.0050
2,7585,0.0050
2,7964,0.0050
2,5950,0.0050
2,9131,0.0050
2,6339,0.0050
2,6821,0.0050
2,7366,0.0050
2,7927,0.0049
2,5351,0.0049
2,7457,0.0049
2,7005,0.0049
2,5220,0.0049
2,5175,0.0049
2,5951,0.0049
2,5306,0.0049
2,5063,0.0049
2,6423,0.0049
2,8019,0.0049
2,9562,0.0049
2,7744,0.0049
2,8885,0.0049
2,9326,0.0049
2,5144,0.0049
2,8585,0.0049
2,5835,0.0049
2,7578,0.0049
2,7830,0.0049
2,9896,0.0049
2,8012,0.0049
2,7152,0.0049
2,8804,0.0048
2,6419,0.0048
2,9744,0.0048
2,8230,0.0048
2,8448,0.0048
2,5684,0.0048
2,8056,0.0048
2,7838,0.0048
2,9803,0.0048
2,6238,0.0048
2,6135,0.0048
2,9474,0.0048
2,6733,0.0048
2,5521,0.0048
2,8955,0.0048
2,9957,0.0048
2,6991,0.0048
2,9549,0.0048
2,8410,0.0048
2,5126,0.0047
2,9560,0.0047
2,5522,0.0047
2,8485,0.0047
2,6667,0.0047
2,8259,0.0047
2,9267,0.0047
2,8255,0.0047
2,7087,0.0047
2,8297,0.0047
2,5111,0.0047
2,7364,0.0047
2,6722,0.0047
2,5740,0.0047
2,9972,0.0047
2,5348,0.0046
2,5483,0.0046
2,8026,0.0046
2,7819,0.0046
2,6223,0.0046
2,9137,0.0046
2,5557,0.0046
2,7184,0.0046
2,8005,0.0046
2,9222,0.0046
2,9974,0.0046
2,9532,0.0046
2,6910,0.0046
2,7857,0.0046
2,5763,0.0046
2,5783,0.0046
2,5229,0.0046
2,8533,0.0046
2,6098,0.0046
2,5304,0.0046
2,8920,0.0045
2,9448,0.0045
2,8684,0.0045
2,6660,0.0045
2,9094,0.0045
2,8127,0.0045
2,6050,0.0045
2,8453,0.0045
2,5443,0.0045
2,6089,0.0045
2,7934,0.0045
2,8558,0.0045
2,7931,0.0045
2,7702,0.0045
2,7558,0.0045
2,6035,0.0045
2,6553,0.0045
2,6885,0.0045
2,7818,0.0045
2,9590,0.0045
2,7550,0.0045
2,6427,0.0045
2,8414,0.0044
2,6126,0.0044
2,9869,0.0044
2,9741,0.0044
2,6269,0.0044
2,5371,0.0044
2,5236,0.0044
2,6383,0.0044
2,8311,0.0044
2,7872,0.0044
2,8472,0.0044
2,7966,0.0044
2,5904,0.0044
2,5686,0.0044
2,6259,0.0044
2,8803,0.0044
2,8794,0.0044
2,6457,0.0044
2,7227,0.0043
2,5549,0.0043
2,6413,0.0043
2,7519,0.0043
2,9772,0.0043
2,5422,0.0043
2,7176,0.0043
2,9734,0.0043
2,9688,0.0043
2,6652,0.0043
2,5309,0.0043
2,8590,0.0043
2,6959,0.0043
2,10030,0.0043
2,5691,0.0043
2,5764,0.0043
2,9204,0.0043
2,5402,0.0043
2,6659,0.0043
2,7354,0.0043
2,5108,0.0043
2,9837,0.0043
2,8112,0.0043
2,7611,0.0043
2,5614,0.0043
2,7514,0.0042
2,7435,0.0042
2,5799,0.0042
2,7107,0.0042
2,5446,0.0042
2,7086,0.0042
2,5166,0.0042
2,8822,0.0042
2,5962,0.0042
2,6282,0.0042
2,9323,0.0042
2,6415,0.0042
2,5761,0.0042
2,8858,0.0042
2,5432,0.0042
2,8105,0.0042
2,7868,0.0042
2,7273,0.0042
2,7513,0.0042
2,8148,0.0042
2,8355,0.0042
2,9435,0.0042
2,7490,0.0042
2,6640,0.0042
2,5696,0.0042
2,7648,0.0042
2,7471,0.0042
2,6443,0.0041
2,8122,0.0041
2,8486,0.0041
2,6273,0.0041
2,9060,0.0041
2,9531,0.0041
2,7281,0.0041
2,6036,0.0041
2,7159,0.0041
2,9312,0.0041
2,8258,0.0041
2,7093,0.0041
2,6721,0.0041
2,5992,0.0041
2,9259,0.0041
2,5307,0.0041
2,6805,0.0041
2,8838,0.0041
2,5049,0.0040
2,9925,0.0040
2,6753,0.0040
2,6622,0.0040
2,8912,0.0040
2,8055,0.0040
2,9761,0.0040
2,9405,0.0040
2,5406,0.0040
2,6215,0.0040
2,8756,0.0040
2,8744,0.0040
2,5936,0.0039
2,7408,0.0039
2,7579,0.0039
2,5335,0.0039
2,9582,0.0039
2,9697,0.0039
2,8869,0.0039
2,8991,0.0039
2,9004,0.0039
2,9212,0.0039
2,7634,0.0039
2,9421,0.0039
2,6898,0.0039
2,6268,0.0039
2,6171,0.0039
2,8449,0.0039
2,8890,0.0039
2,8960,0.0039
2,7749,0.0039
2,8732,0.0039
2,6054,0.0039
2,7773,0.0039
2,8724,0.0039
2,6209,0.0039
2,6773,0.0038
2,9403,0.0038
2,5570,0.0038
2,8956,0.0038
2,7779,0.0038
2,6404,0.0038
2,8808,0.0038
2,8796,0.0038
2,9465,0.0038
2,8301,0.0038
2,8966,0.0038
2,7552,0.0038
2,7068,0.0038
2,8832,0.0038
2,6699,0.0038
2,8691,0.0038
2,8459,0.0038
2,6371,0.0038
2,5872,0.0038
2,5245,0.0038
2,7517,0.0038
2,9192,0.0038
2,5176,0.0038
2,6194,0.0038
2,9072,0.0038
2,5016,0.0038
2,7344,0.0038
2,5924,0.0037
2,5242,0.0037
2,7556,0.0037
2,5428,0.0037
2,9356,0.0037
2,8496,0.0037
2,5918,0.0037
2,7455,0.0037
2,7851,0.0037
2,6518,0.0037
2,7220,0.0037
2,5221,0.0037
2,7083,0.0037
2,6705,0.0037
2,7345,0.0037
2,6656,0.0037
2,6416,0.0037
2,6711,0.0037
2,5269,0.0037
2,6589,0.0037
2,5532,0.0037
2,9880,0.0037
2,8604,0.0037
2,6621,0.0037
2,6280,0.0037
2,5634,0.0037
2,8918,0.0037
2,9246,0.0037
2,7081,0.0037
2,6608,0.0037
2,9945,0.0036
2,7492,0.0036
2,7660,0.0036
2,8865,0.0036
2,7520,0.0036
2,5555,0.0036
2,6545,0.0036
2,7521,0.0036
2,8219,0.0036
2,5066,0.0036
2,5879,0.0036
2,5969,0.0036
2,5953,0.0036
2,5463,0.0036
2,5940,0.0036
2,5613,0.0036
2,8239,0.0036
2,5112,0.0036
2,7310,0.0036
2,5470,0.0036
2,9906,0.0036
2,8183,0.0036
2,7698,0.0036
2,7696,0.0036
2,8007,0.0036
2,6961,0.0036
2,5862,0.0036
2,5890,0.0036
2,7844,0.0036
2,7113,0.0036
2,7808,0.0036
2,9598,0.0036
2,9892,0.0035
2,9679,0.0035
2,8134,0.0035
2,9009,0.0035
2,5527,0.0035
2,5020,0.0035
2,7920,0.0035
2,6971,0.0035
2,8518,0.0035
2,9587,0.0035
2,9241,0.0035
2,6428,0.0035
2,7981,0.0035
2,8767,0.0035
2,8079,0.0035
2,5790,0.0035
2,8077,0.0035
2,7659,0.0035
2,7807,0.0035
2,5990,0.0035
2,8376,0.0035
2,5472,0.0035
2,5326,0.0035
2,5260,0.0035
2,6197,0.0035
2,7428,0.0035
2,8857,0.0035
2,8305,0.0035
2,7334,0.0035
2,7223,0.0035
2,8245,0.0034
2,5833,0.0034
2,6011,0.0034
2,5604,0.0034
2,7085,0.0034
2,7157,0.0034
2,5379,0.0034
2,9163,0.0034
2,7480,0.0034
2,7402,0.0034
2,6602,0.0034
2,9322,0.0034
2,8205,0.0034
2,5085,0.0034
2,8298,0.0034
2,9979,0.0034
2,5407,0.0034
2,7806,0.0034
2,5836,0.0034
2,8961,0.0034
2,5982,0.0034
2,8675,0.0034
2,8842,0.0034
2,6537,0.0033
2,9805,0.0033
2,6157,0.0033
2,8826,0.0033
2,8586,0.0033
2,9229,0.0033
2,8211,0.0033
2,7668,0.0033
2,6437,0.0033
2,5996,0.0033
2,7495,0.0033
2,7936,0.0033
2,5286,0.0033
2,8562,0.0033
2,7787,0.0033
2,9823,0.0033
2,8170,0.0033
2,6836,0.0033
2,5106,0.0033
2,6180,0.0033
2,9044,0.0033
2,8816,0.0033
2,10014,0.0033
2,5937,0.0033
2,5241,0.0033
2,5563,0.0033
2,9188,0.0033
2,8532,0.0033
2,9125,0.0032
2,7395,0.0032
2,8262,0.0032
2,8508,0.0032
2,7151,0.0032
2,5019,0.0032
2,9180,0.0032
2,8427,0.0032
2,5289,0.0032
2,8799,0.0032
2,6539,0.0032
2,9310,0.0032
2,9541,0.0032
2,5970,0.0032
2,8441,0.0032
2,5179,0.0032
2,8893,0.0032
2,8035,0.0032
2,5717,0.0032
2,9968,0.0032
2,6863,0.0032
2,6550,0.0032
2,5991,0.0032
2,8863,0.0032
2,5217,0.0032
2,7791,0.0032
2,6823,0.0031
2,7353,0.0031
2,6542,0.0031
2,7729,0.0031
2,5143,0.0031
2,9067,0.0031
2,9190,0.0031
2,7062,0.0031
2,9985,0.0031
2,7583,0.0031
2,7204,0.0031
2,6564,0.0031
2,6009,0.0031
2,5153,0.0031
2,5359,0.0031
2,9729,0.0031
2,7032,0.0031
2,9539,0.0031
2,6915,0.0031
2,5870,0.0031
2,9022,0.0031
2,8296,0.0031
2,5469,0.0031
2,5047,0.0031
2,9090,0.0031
2,6887,0.0031
2,8740,0.0030
2,8781,0.0030
2,6985,0.0030
2,9124,0.0030
2,6086,0.0030
2,6014,0.0030
2,9616,0.0030
2,9239,0.0030
2,5279,0.0030
2,5423,0.0030
2,6100,0.0030
2,8806,0.0030
2,5297,0.0030
2,8703,0.0030
2,9256,0.0030
2,6654,0.0030
2,7459,0.0030
2,5538,0.0030
2,9686,0.0030
2,7789,0.0030
2,6249,0.0030
2,9739,0.0030
2,6077,0.0029
2,6444,0.0029
2,5941,0.0029
2,6403,0.0029
2,7645,0.0029
2,6541,0.0029
2,8438,0.0029
2,8360,0.0029
2,7968,0.0029
2,9996,0.0029
2,7162,0.0029
2,5210,0.0029
2,8654,0.0029
2,9850,0.0029
2,6870,0.0029
2,8780,0.0029
2,5631,0.0029
2,6267,0.0029
2,5091,0.0029
2,9522,0.0029
2,5551,0.0029
2,5360,0.0029
2,6953,0.0029
2,5737,0.0029
2,7687,0.0029
2,9844,0.0029
2,5116,0.0029
2,8825,0.0029
2,9357,0.0029
2,6381,0.0029
2,7797,0.0028
2,8541,0.0028
2,8327,0.0028
2,8203,0.0028
2,5288,0.0028
2,9503,0.0028
2,5629,0.0028
2,8862,0.0028
2,7657,0.0028
2,5873,0.0028
2,9862,0.0028
2,6225,0.0028
2,9320,0.0028
2,9550,0.0028
2,8098,0.0028
2,5258,0.0028
2,7850,0.0028
2,6776,0.0028
2,9038,0.0028
2,5449,0.0028
2,5474,0.0028
2,8974,0.0028
2,5454,0.0028
2,9454,0.0028
2,9633,0.0028
2,5600,0.0028
2,5332,0.0028
2,7871,0.0028
2,6144,0.0028
2,5292,0.0028
2,9183,0.0028
2,6627,0.0027
2,7595,0.0027
2,7688,0.0027
2,8783,0.0027
2,6657,0.0027
2,8656,0.0027
2,8714,0.0027
2,9373,0.0027
2,5442,0.0027
2,6999,0.0027
2,6774,0.0027
2,9742,0.0027
2,8818,0.0027
2,6566,0.0027
2,9799,0.0027
2,8293,0.0027
2,8445,0.0027
2,7502,0.0027
2,6336,0.0027
2,7794,0.0027
2,7201,0.0027
2,6124,0.0027
2,5812,0.0027
2,9860,0.0027
2,5959,0.0027
2,6749,0.0027
2,9461,0.0027
2,9437,0.0027
2,8443,0.0027
2,7625,0.0027
2,9581,0.0027
2,5646,0.0026
2,5101,0.0026
2,9643,0.0026
2,6316,0.0026
2,7606,0.0026
2,5530,0.0026
2,7306,0.0026
2,6647,0.0026
2,9717,0.0026
2,7454,0.0026
2,5688,0.0026
2,9710,0.0026
2,5547,0.0026
2,5100,0.0026
2,9638,0.0026
2,7192,0.0026
2,7803,0.0026
2,7465,0.0026
2,6899,0.0026
2,8334,0.0026
2,9021,0.0026
2,8191,0.0026
2,9537,0.0026
2,8317,0.0026
2,9626,0.0026
2,7460,0.0026
2,6092,0.0026
2,7733,0.0026
2,8823,0.0026
2,5321,0.0026
2,6841,0.0026
2,6810,0.0026
2,9336,0.0026
2,5965,0.0026
2,8855,0.0026
2,8439,0.0026
2,9410,0.0026
2,6872,0.0026
2,9779,0.0026
2,7959,0.0026
2,5811,0.0025
2,7932,0.0025
2,7431,0.0025
2,9181,0.0025
2,8788,0.0025
2,9318,0.0025
2,5954,0.0025
2,8020,0.0025
2,8089,0.0025
2,5008,0.0025
2,5922,0.0025
2,6819,0.0025
2,6904,0.0025
2,5429,0.0025
2,7670,0.0025
2,9141,0.0025
2,7175,0.0025
2,5642,0.0025
2,5081,0.0025
2,5633,0.0025
2,7522,0.0025
2,6653,0.0025
2,6088,0.0025
2,6888,0.0025
2,7488,0.0025
2,9854,0.0025
2,7466,0.0025
2,8812,0.0025
2,8489,0.0024
2,8160,0.0024
2,6850,0.0024
2,7433,0.0024
2,9655,0.0024
2,7961,0.0024
2,5372,0.0024
2,6532,0.0024
2,7461,0.0024
2,7699,0.0024
2,5713,0.0024
2,9059,0.0024
2,6826,0.0024
2,7715,0.0024
2,8772,0.0024
2,6289,0.0024
2,8336,0.0024
2,5385,0.0024
2,5041,0.0024
2,5295,0.0024
2,8735,0.0024
2,9114,0.0024
2,9859,0.0024
2,7170,0.0024
2,5757,0.0024
2,7073,0.0024
2,5556,0.0024
2,6062,0.0024
2,6096,0.0024
2,9449,0.0024
2,9536,0.0024
2,6246,0.0023
2,7765,0.0023
2,9000,0.0023
2,8636,0.0023
2,6082,0.0023
2,6625,0.0023
2,6465,0.0023
2,9770,0.0023
2,9583,0.0023
2,8343,0.0023
2,9615,0.0023
2,7289,0.0023
2,8530,0.0023
2,8254,0.0023
2,6182,0.0023
2,8391,0.0023
2,5971,0.0023
2,8810,0.0023
2,5760,0.0023
2,8962,0.0023
2,8440,0.0023
2,7511,0.0023
2,6300,0.0023
2,5342,0.0023
2,7933,0.0023
2,5798,0.0023
2,9707,0.0023
2,7805,0.0023
2,7547,0.0023
2,10002,0.0023
2,7434,0.0023
2,8437,0.0023
2,6993,0.0023
2,5461,0.0023
2,9056,0.0023
2,6914,0.0023
2,5780,0.0023
2,5679,0.0023
2,6015,0.0023
2,7095,0.0023
2,8139,0.0023
2,9776,0.0023
2,5805,0.0023
2,5338,0.0023
2,9924,0.0023
2,9580,0.0023
2,8237,0.0023
2,8051,0.0023
2,9453,0.0023
2,7623,0.0023
2,5204,0.0023
2,7958,0.0023
2,6312,0.0023
2,8428,0.0023
2,6368,0.0023
2,5146,0.0022
2,5238,0.0022
2,7401,0.0022
2,9647,0.0022
2,5883,0.0022
2,7788,0.0022
2,6599,0.0022
2,7453,0.0022
2,6916,0.0022
2,6309,0.0022
2,7725,0.0022
2,8925,0.0022
2,8588,0.0022
2,7231,0.0022
2,6007,0.0022
2,6891,0.0022
2,8302,0.0022
2,8186,0.0022
2,6451,0.0022
2,6278,0.0022
2,8130,0.0022
2,6956,0.0022
2,5906,0.0022
2,6897,0.0022
2,10007,0.0022
2,6896,0.0022
2,9675,0.0022
2,8326,0.0022
2,7809,0.0022
2,8548,0.0022
2,6476,0.0022
2,9158,0.0022
2,7214,0.0022
2,7887,0.0022
2,7191,0.0022
2,6857,0.0022
2,6018,0.0022
2,8094,0.0022
2,6839,0.0022
2,6438,0.0022
2,8269,0.0022
2,6390,0.0022
2,6852,0.0022
2,6737,0.0022
2,8581,0.0022
2,9191,0.0022
2,8292,0.0021
2,7982,0.0021
2,8758,0.0021
2,7673,0.0021
2,8295,0.0021
2,6064,0.0021
2,5983,0.0021
2,9046,0.0021
2,8819,0.0021
2,5082,0.0021
2,7846,0.0021
2,5612,0.0021
2,5943,0.0021
2,5171,0.0021
2,6254,0.0021
2,8416,0.0021
2,8719,0.0021
2,6907,0.0021
2,8914,0.0021
2,6900,0.0021
2,6411,0.0021
2,7211,0.0021
2,8779,0.0021
2,9511,0.0021
2,8161,0.0021
2,8404,0.0021
2,6894,0.0021
2,10031,0.0021
2,6912,0.0021
2,7027,0.0021
2,6090,0.0021
2,8766,0.0021
2,7963,0.0021
2,5188,0.0021
2,8975,0.0021
2,7140,0.0021
2,6485,0.0021
2,6756,0.0021
2,5421,0.0021
2,9195,0.0021
2,6281,0.0021
2,7024,0.0021
2,6414,0.0021
2,8540,0.0021
2,5040,0.0021
2,5956,0.0021
2,5358,0.0021
2,5243,0.0021
2,5205,0.0021
2,7314,0.0021
2,5435,0.0021
2,8046,0.0021
2,10036,0.0020
2,7604,0.0020
2,8557,0.0020
2,5005,0.0020
2,5099,0.0020
2,8774,0.0020
2,9076,0.0020
2,8379,0.0020
2,6027,0.0020
2,9371,0.0020
2,5061,0.0020
2,7218,0.0020
2,9254,0.0020
2,9379,0.0020
2,9146,0.0020
2,7300,0.0020
2,8824,0.0020
2,7414,0.0020
2,8535,0.0020
2,9441,0.0020
2,9687,0.0020
2,6245,0.0020
2,8479,0.0020
2,8204,0.0020
2,7945,0.0020
2,9518,0.0020
2,9270,0.0020
2,8567,0.0020
2,7524,0.0020
2,5350,0.0020
2,8600,0.0020
2,8704,0.0020
2,8964,0.0020
2,8431,0.0020
2,7369,0.0020
2,6727,0.0020
2,9247,0.0020
2,6600,0.0020
2,5424,0.0020
2,7059,0.0020
2,9116,0.0020
2,5599,0.0020
2,7928,0.0020
2,6531,0.0020
2,7972,0.0020
2,9801,0.0020
2,6091,0.0020
2,9446,0.0020
2,5972,0.0020
2,9317,0.0020
2,9486,0.0020
2,5580,0.0020
2,8622,0.0020
2,9143,0.0020
2,9670,0.0020
2,9882,0.0020
2,5848,0.0019
2,7383,0.0019
2,5616,0.0019
2,7817,0.0019
2,9935,0.0019
2,6130,0.0019
2,9991,0.0019
2,9144,0.0019
2,8325,0.0019
2,8798,0.0019
2,8797,0.0019
2,6694,0.0019
2,5180,0.0019
2,7975,0.0019
2,8153,0.0019
2,5543,0.0019
2,9725,0.0019
2,7527,0.0019
2,8552,0.0019
2,8566,0.0019
2,7987,0.0019
2,7331,0.0019
2,8631,0.0019
2,9107,0.0019
2,5231,0.0019
2,5065,0.0019
2,9456,0.0019
2,8993,0.0019
2,8750,0.0019
2,9952,0.0019
2,9093,0.0019
2,5491,0.0019
2,5747,0.0019
2,8814,0.0019
2,6093,0.0019
2,5212,0.0019
2,9253,0.0019
2,8556,0.0019
2,7316,0.0019
2,6818,0.0019
2,9704,0.0019
2,9705,0.0019
2,9973,0.0019
2,7061,0.0019
2,9627,0.0019
2,6948,0.0019
2,6674,0.0019
2,8356,0.0019
2,7908,0.0019
2,5403,0.0019
2,6195,0.0019
2,5607,0.0019
2,6024,0.0019
2,9233,0.0019
2,7790,0.0019
2,9527,0.0019
2,6878,0.0019
2,6822,0.0019
2,5119,0.0019
2,6508,0.0019
2,6507,0.0019
2,5852,0.0019
2,9588,0.0019
2,7155,0.0019
2,9897,0.0019
2,7836,0.0019
2,8040,0.0019
2,6520,0.0018
2,5568,0.0018
2,5195,0.0018
2,8304,0.0018
2,8182,0.0018
2,8882,0.0018
2,5838,0.0018
2,6789,0.0018
2,9451,0.0018
2,9301,0.0018
2,8528,0.0018
2,6937,0.0018
2,5736,0.0018
2,6314,0.0018
2,8424,0.0018
2,5625,0.0018
2,8790,0.0018
2,6911,0.0018
2,6328,0.0018
2,5347,0.0018
2,6169,0.0018
2,9399,0.0018
2,8268,0.0018
2,5908,0.0018
2,5692,0.0018
2,5329,0.0018
2,5985,0.0018
2,6129,0.0018
2,8770,0.0018
2,5479,0.0018
2,6071,0.0018
2,6127,0.0018
2,7708,0.0018
2,7600,0.0018
2,7356,0.0018
2,8365,0.0018
2,6236,0.0018
2,7203,0.0018
2,8154,0.0018
2,9470,0.0018
2,7044,0.0018
2,7515,0.0018
2,7432,0.0018
2,8463,0.0018
2,9013,0.0018
2,9501,0.0018
2,6908,0.0018
2,5779,0.0018
2,8737,0.0018
2,6059,0.0018
2,5843,0.0018
2,5785,0.0018
2,8197,0.0018
2,5268,0.0018
2,6332,0.0018
2,8091,0.0018
2,7792,0.0018
2,6456,0.0018
2,8447,0.0018
2,8922,0.0018
2,5815,0.0018
2,7811,0.0018
2,8031,0.0018
2,8747,0.0018
2,6147,0.0018
2,5734,0.0018
2,5398,0.0018
2,6319,0.0018
2,6458,0.0018
2,9145,0.0018
2,5199,0.0018
2,6191,0.0018
2,7896,0.0018
2,8759,0.0018
2,6815,0.0018
2,5939,0.0018
2,5893,0.0018
2,9419,0.0018
2,5035,0.0018
2,9696,0.0018
2,7384,0.0018
2,6988,0.0018
2,8162,0.0018
2,5913,0.0018
2,7376,0.0017
2,9986,0.0017
2,9735,0.0017
2,5213,0.0017
2,6340,0.0017
2,8038,0.0017
2,9491,0.0017
2,8429,0.0017
2,6224,0.0017
2,9023,0.0017
2,9847,0.0017
2,6551,0.0017
2,5465,0.0017
2,5875,0.0017
2,7911,0.0017
2,5486,0.0017
2,7141,0.0017
2,8852,0.0017
2,7865,0.0017
2,9781,0.0017
2,7397,0.0017
2,8526,0.0017
2,7849,0.0017
2,5628,0.0017
2,6162,0.0017
2,7324,0.0017
2,8316,0.0017
2,8706,0.0017
2,6081,0.0017
2,6643,0.0017
2,6222,0.0017
2,9792,0.0017
2,7576,0.0017
2,6567,0.0017
2,9757,0.0017
2,5475,0.0017
2,5664,0.0017
2,8647,0.0017
2,5777,0.0017
2,7512,0.0017
2,9469,0.0017
2,7222,0.0017
2,9995,0.0017
2,9185,0.0017
2,8357,0.0017
2,5981,0.0017
2,7219,0.0017
2,5914,0.0017
2,9608,0.0017
2,9330,0.0017
2,6697,0.0017
2,6926,0.0017
2,9737,0.0017
2,9218,0.0017
2,9030,0.0017
2,8131,0.0017
2,7006,0.0017
2,9666,0.0017
2,9724,0.0017
2,7105,0.0017
2,6554,0.0017
2,9669,0.0017
2,6636,0.0017
2,7210,0.0017
2,6445,0.0017
2,8021,0.0017
2,8583,0.0017
2,5353,0.0017
2,9618,0.0017
2,6343,0.0017
2,6061,0.0017
2,9919,0.0017
2,9438,0.0017
2,9574,0.0017
2,5164,0.0017
2,8523,0.0017
2,7953,0.0017
2,6754,0.0017
2,6426,0.0017
2,7869,0.0017
2,9923,0.0017
2,8653,0.0017
2,8539,0.0017
2,9366,0.0017
2,6889,0.0017
2,5955,0.0017
2,9016,0.0017
2,5253,0.0017
2,9173,0.0017
2,7139,0.0017
2,5227,0.0017
2,5525,0.0017
2,5273,0.0017
2,9447,0.0016
2,9459,0.0016
2,8644,0.0016
2,8937,0.0016
2,7716,0.0016
2,5456,0.0016
2,5079,0.0016
2,8231,0.0016
2,8689,0.0016
2,8544,0.0016
2,5980,0.0016
2,5240,0.0016
2,8215,0.0016
2,8886,0.0016
2,7906,0.0016
2,9258,0.0016
2,5415,0.0016
2,8037,0.0016
2,9281,0.0016
2,5431,0.0016
2,8688,0.0016
2,8860,0.0016
2,6431,0.0016
2,7043,0.0016
2,7601,0.0016
2,5565,0.0016
2,6087,0.0016
2,9653,0.0016
2,8924,0.0016
2,7535,0.0016
2,6235,0.0016
2,9730,0.0016
2,5278,0.0016
2,7542,0.0016
2,6811,0.0016
2,5365,0.0016
2,5847,0.0016
2,6137,0.0016
2,5366,0.0016
2,5316,0.0016
2,8618,0.0016
2,6051,0.0016
2,7282,0.0016
2,6698,0.0016
2,7171,0.0016
2,5246,0.0016
2,7178,0.0016
2,8755,0.0016
2,5487,0.0016
2,8894,0.0016
2,9458,0.0016
2,7064,0.0016
2,9384,0.0016
2,8599,0.0016
2,8694,0.0016
2,8274,0.0016
2,8665,0.0016
2,6631,0.0016
2,7658,0.0016
2,6792,0.0016
2,5895,0.0016
2,8655,0.0016
2,9845,0.0016
2,8695,0.0016
2,8152,0.0016
2,9621,0.0016
2,7774,0.0016
2,5550,0.0016
2,9520,0.0016
2,8782,0.0016
2,8384,0.0016
2,5078,0.0016
2,5015,0.0016
2,5416,0.0016
2,8968,0.0016
2,9930,0.0016
2,9079,0.0016
2,7138,0.0016
2,6945,0.0016
2,5471,0.0016
2,8488,0.0016
2,9962,0.0016
2,9189,0.0016
2,8777,0.0016
2,6626,0.0016
2,6611,0.0016
2,6408,0.0016
2,7412,0.0016
2,5277,0.0016
2,8848,0.0016
2,8620,0.0016
2,8049,0.0016
2,7584,0.0016
2,6548,0.0016
2,6270,0.0016
2,8243,0.0016
2,6723,0.0016
2,9425,0.0016
2,5520,0.0016
2,9321,0.0016
2,7297,0.0016
2,7669,0.0015
2,5075,0.0015
2,7420,0.0015
2,6233,0.0015
2,5660,0.0015
2,9797,0.0015
2,6450,0.0015
2,8242,0.0015
2,9043,0.0015
2,6165,0.0015
2,5988,0.0015
2,8387,0.0015
2,6759,0.0015
2,7438,0.0015
2,5623,0.0015
2,6410,0.0015
2,6322,0.0015
2,8430,0.0015
2,8568,0.0015
2,8333,0.0015
2,6313,0.0015
2,6596,0.0015
2,8052,0.0015
2,9790,0.0015
2,8241,0.0015
2,7525,0.0015
2,8059,0.0015
2,6250,0.0015
2,6453,0.0015
2,9070,0.0015
2,9632,0.0015
2,9858,0.0015
2,8958,0.0015
2,8106,0.0015
2,8831,0.0015
2,8935,0.0015
2,9722,0.0015
2,5676,0.0015
2,6398,0.0015
2,6741,0.0015
2,5036,0.0015
2,6535,0.0015
2,9905,0.0015
2,6315,0.0015
2,9652,0.0015
2,7156,0.0015
2,6283,0.0015
2,6526,0.0015
2,7976,0.0015
2,7374,0.0015
2,9011,0.0015
2,7804,0.0015
2,6605,0.0015
2,7207,0.0015
2,9879,0.0015
2,5440,0.0015
2,7058,0.0015
2,9784,0.0015
2,5203,0.0015
2,5957,0.0015
2,5741,0.0015
2,6271,0.0015
2,5285,0.0015
2,9767,0.0015
2,7122,0.0015
2,8864,0.0015
2,8267,0.0015
2,9111,0.0015
2,5272,0.0015
2,7371,0.0015
2,5619,0.0015
2,8090,0.0015
2,6167,0.0015
2,5349,0.0015
2,5341,0.0015
2,6730,0.0015
2,8646,0.0015
2,9478,0.0015
2,7493,0.0015
2,9965,0.0015
2,7022,0.0015
2,9885,0.0015
2,9911,0.0015
2,7586,0.0015
2,8136,0.0015
2,7065,0.0015
2,5274,0.0015
2,5719,0.0015
2,8400,0.0015
2,6113,0.0015
2,7685,0.0015
2,9752,0.0015
2,9344,0.0015
2,9842,0.0015
2,7635,0.0015
2,5276,0.0015
2,5510,0.0015
2,9883,0.0015
2,6211,0.0015
2,7674,0.0015
2,7292,0.0015
2,5267,0.0015
2,8039,0.0015
2,9015,0.0015
2,8845,0.0015
2,6372,0.0014
2,8078,0.0014
2,7067,0.0014
2,8509,0.0014
2,7036,0.0014
2,6612,0.0014
2,9217,0.0014
2,8233,0.0014
2,5710,0.0014
2,5907,0.0014
2,5090,0.0014
2,7913,0.0014
2,8967,0.0014
2,8167,0.0014
2,7926,0.0014
2,9012,0.0014
2,6665,0.0014
2,6901,0.0014
2,8478,0.0014
2,5626,0.0014
2,9400,0.0014
2,5975,0.0014
2,5689,0.0014
2,9157,0.0014
2,9572,0.0014
2,9381,0.0014
2,8522,0.0014
2,8165,0.0014
2,8903,0.0014
2,5801,0.0014
2,7430,0.0014
2,5057,0.0014
2,8068,0.0014
2,8093,0.0014
2,8503,0.0014
2,6029,0.0014
2,9903,0.0014
2,5751,0.0014
2,8761,0.0014
2,7017,0.0014
2,9881,0.0014
2,5264,0.0014
2,7536,0.0014
2,6547,0.0014
2,7845,0.0014
2,8764,0.0014
2,8813,0.0014
2,7463,0.0014
2,8386,0.0014
2,5280,0.0014
2,6761,0.0014
2,5255,0.0014
2,6713,0.0014
2,9822,0.0014
2,8895,0.0014
2,6462,0.0014
2,8256,0.0014
2,9042,0.0014
2,7640,0.0014
2,5755,0.0014
2,5632,0.0014
2,5388,0.0014
2,8815,0.0014
2,8157,0.0014
2,7903,0.0014
2,5202,0.0014
2,6412,0.0014
2,8013,0.0014
2,8477,0.0014
2,5788,0.0014
2,5325,0.0014
2,7510,0.0014
2,9353,0.0014
2,5537,0.0014
2,5215,0.0014
2,5033,0.0014
2,7662,0.0014
2,5744,0.0014
2,5542,0.0014
2,6617,0.0014
2,8158,0.0014
2,5156,0.0014
2,6028,0.0014
2,6108,0.0014
2,7798,0.0014
2,7879,0.0014
2,7496,0.0014
2,9311,0.0014
2,6019,0.0014
2,7346,0.0014
2,7404,0.0014
2,8283,0.0014
2,8802,0.0014
2,8915,0.0014
2,8189,0.0014
2,8547,0.0014
2,9316,0.0014
2,6275,0.0014
2,7612,0.0014
2,9886,0.0014
2,8240,0.0014
2,5714,0.0014
2,9407,0.0014
2,9208,0.0014
2,8385,0.0014
2,8246,0.0014
2,6288,0.0014
2,6218,0.0014
2,6951,0.0014
2,7912,0.0014
2,5055,0.0014
2,7160,0.0014
2,8752,0.0014
2,6422,0.0014
2,8276,0.0014
2,8371,0.0014
2,7440,0.0014
2,8417,0.0014
2,5284,0.0014
2,8168,0.0014
2,6017,0.0014
2,8227,0.0014
2,7413,0.0014
2,8300,0.0014
2,6049,0.0014
2,5364,0.0014
2,7168,0.0014
2,9074,0.0014
2,8515,0.0014
2,8617,0.0014
2,9484,0.0014
2,7572,0.0014
2,9483,0.0014
2,8793,0.0014
2,7977,0.0014
2,8629,0.0014
2,10003,0.0014
2,8420,0.0014
2,7498,0.0014
2,6076,0.0014
2,8564,0.0014
2,5840,0.0014
2,7591,0.0014
2,7665,0.0014
2,5536,0.0014
2,9375,0.0014
2,5094,0.0014
2,5451,0.0014
2,7443,0.0014
2,7000,0.0014
2,5781,0.0014
2,6764,0.0014
2,9782,0.0014
2,9160,0.0014
2,7638,0.0014
2,8132,0.0014
2,6290,0.0014
2,8741,0.0013
2,8435,0.0013
2,9534,0.0013
2,8028,0.0013
2,6712,0.0013
2,6576,0.0013
2,5493,0.0013
2,8607,0.0013
2,7784,0.0013
2,9383,0.0013
2,6989,0.0013
2,7206,0.0013
2,5370,0.0013
2,6633,0.0013
2,8054,0.0013
2,9364,0.0013
2,10013,0.0013
2,5466,0.0013
2,9849,0.0013
2,5775,0.0013
2,8419,0.0013
2,7813,0.0013
2,5064,0.0013
2,9211,0.0013
2,8023,0.0013
2,5586,0.0013
2,7700,0.0013
2,9054,0.0013
2,7473,0.0013
2,9394,0.0013
2,9226,0.0013
2,6366,0.0013
2,5237,0.0013
2,5103,0.0013
2,5720,0.0013
2,8596,0.0013
2,8252,0.0013
2,7734,0.0013
2,7631,0.0013
2,9651,0.0013
2,7587,0.0013
2,9494,0.0013
2,8911,0.0013
2,6292,0.0013
2,9715,0.0013
2,7329,0.0013
2,6272,0.0013
2,9036,0.0013
2,8830,0.0013
2,10012,0.0013
2,9342,0.0013
2,9296,0.0013
2,8682,0.0013
2,6743,0.0013
2,9142,0.0013
2,7101,0.0013
2,6402,0.0013
2,5658,0.0013
2,9168,0.0013
2,5925,0.0013
2,9057,0.0013
2,9147,0.0013
2,5287,0.0013
2,8949,0.0013
2,8623,0.0013
2,9428,0.0013
2,8950,0.0013
2,8071,0.0013
2,9926,0.0013
2,6783,0.0013
2,9482,0.0013
2,8941,0.0013
2,7714,0.0013
2,9166,0.0013
2,5414,0.0013
2,6260,0.0013
2,5339,0.0013
2,6946,0.0013
2,9343,0.0013
2,9726,0.0013
2,9773,0.0013
2,6140,0.0013
2,7291,0.0013
2,5961,0.0013
2,7393,0.0013
2,7205,0.0013
2,9832,0.0013
2,8102,0.0013
2,7229,0.0013
2,6685,0.0013
2,9827,0.0013
2,8135,0.0013
2,9048,0.0013
2,7505,0.0013
2,6529,0.0013
2,5758,0.0013
2,9228,0.0013
2,9498,0.0013
2,8953,0.0013
2,6801,0.0013
2,6010,0.0013
2,9631,0.0013
2,6568,0.0013
2,5844,0.0013
2,7080,0.0013
2,6922,0.0013
2,6840,0.0013
2,8833,0.0013
2,6434,0.0013
2,6205,0.0013
2,5935,0.0013
2,8524,0.0013
2,5880,0.0013
2,8778,0.0013
2,6353,0.0013
2,6833,0.0013
2,6572,0.0013
2,9268,0.0013
2,5828,0.0013
2,9064,0.0013
2,9793,0.0013
2,5942,0.0013
2,6530,0.0013
2,7713,0.0013
2,6052,0.0013
2,7970,0.0013
2,5606,0.0013
2,6418,0.0013
2,9240,0.0013
2,5396,0.0013
2,9922,0.0013
2,8834,0.0013
2,7650,0.0013
2,9068,0.0013
2,8929,0.0013
2,9313,0.0013
2,6935,0.0013
2,7915,0.0013
2,9242,0.0013
2,9123,0.0013
2,9062,0.0013
2,8527,0.0013
2,8594,0.0013
2,7905,0.0013
2,8374,0.0013
2,8471,0.0013
2,9681,0.0013
2,8717,0.0013
2,6846,0.0013
2,5389,0.0013
2,6884,0.0013
2,8423,0.0013
2,9774,0.0013
2,7338,0.0013
2,7003,0.0013
2,6514,0.0013
2,6880,0.0013
2,7664,0.0013
2,8434,0.0013
2,7092,0.0013
2,7051,0.0013
2,8763,0.0013
2,7979,0.0013
2,9836,0.0013
2,6746,0.0013
2,6752,0.0012
2,5752,0.0012
2,6265,0.0012
2,5462,0.0012
2,9597,0.0012
2,10037,0.0012
2,9231,0.0012
2,8917,0.0012
2,5667,0.0012
2,6354,0.0012
2,5778,0.0012
2,8916,0.0012
2,5139,0.0012
2,5671,0.0012
2,6883,0.0012
2,9134,0.0012
2,9529,0.0012
2,6644,0.0012
2,7298,0.0012
2,9693,0.0012
2,8285,0.0012
2,8683,0.0012
2,5441,0.0012
2,5846,0.0012
2,6021,0.0012
2,7852,0.0012
2,6768,0.0012
2,8601,0.0012
2,6726,0.0012
2,8432,0.0012
2,5519,0.0012
2,6042,0.0012
2,7509,0.0012
2,7195,0.0012
2,9998,0.0012
2,9019,0.0012
2,8289,0.0012
2,5730,0.0012
2,7274,0.0012
2,9331,0.0012
2,5369,0.0012
2,5453,0.0012
2,9476,0.0012
2,8042,0.0012
2,8936,0.0012
2,8156,0.0012
2,6510,0.0012
2,8061,0.0012
2,6664,0.0012
2,9708,0.0012
2,7468,0.0012
2,5073,0.0012
2,6320,0.0012
2,6380,0.0012
2,5281,0.0012
2,9970,0.0012
2,6356,0.0012
2,9874,0.0012
2,7161,0.0012
2,9127,0.0012
2,8899,0.0012
2,6806,0.0012
2,8551,0.0012
2,9644,0.0012
2,8946,0.0012
2,7325,0.0012
2,6592,0.0012
2,9348,0.0012
2,5700,0.0012
2,8015,0.0012
2,5508,0.0012
2,7049,0.0012
2,9051,0.0012
2,6234,0.0012
2,6865,0.0012
2,9994,0.0012
2,9736,0.0012
2,9806,0.0012
2,9921,0.0012
2,6287,0.0012
2,8898,0.0012
2,6202,0.0012
2,9891,0.0012
2,6950,0.0012
2,9870,0.0012
2,9630,0.0012
2,5248,0.0012
2,5182,0.0012
2,7216,0.0012
2,9199,0.0012
2,5593,0.0012
2,7885,0.0012
2,6573,0.0012
2,5480,0.0012
2,9900,0.0012
2,7046,0.0012
2,5987,0.0012
2,8330,0.0012
2,5857,0.0012
2,6512,0.0012
2,7103,0.0012
2,6740,0.0012
2,8095,0.0012
2,8288,0.0012
2,8582,0.0012
2,9936,0.0012
2,5419,0.0012
2,7923,0.0012
2,8746,0.0012
2,9460,0.0012
2,7856,0.0012
2,5354,0.0012
2,5038,0.0012
2,6716,0.0012
2,8025,0.0012
2,8322,0.0012
2,7772,0.0012
2,9894,0.0012
2,5724,0.0012
2,7034,0.0012
2,8128,0.0012
2,7647,0.0012
2,5302,0.0012
2,5301,0.0012
2,10034,0.0012
2,9723,0.0012
2,6546,0.0012
2,9129,0.0012
2,8140,0.0012
2,9370,0.0012
2,8580,0.0012
2,5590,0.0012
2,7294,0.0012
2,5976,0.0012
2,5029,0.0012
2,7182,0.0012
2,9337,0.0012
2,8194,0.0012
2,6174,0.0012
2,7335,0.0012
2,5594,0.0012
2,8273,0.0012
2,7922,0.0012
2,9843,0.0012
2,8931,0.0012
2,6829,0.0012
2,7630,0.0012
2,8473,0.0012
2,9360,0.0012
2,7566,0.0012
2,8501,0.0012
2,5587,0.0012
2,9824,0.0012
2,7990,0.0012
2,6264,0.0012
2,5105,0.0012
2,8658,0.0012
2,9307,0.0012
2,9471,0.0012
2,6965,0.0012
2,5934,0.0012
2,7723,0.0012
2,9047,0.0012
2,9445,0.0012
2,7796,0.0012
2,8559,0.0012
2,6629,0.0012
2,6739,0.0012
2,8997,0.0012
2,8345,0.0012
2,6669,0.0012
2,5426,0.0012
2,8643,0.0011
2,6072,0.0011
2,6449,0.0011
2,8589,0.0011
2,5013,0.0011
2,6405,0.0011
2,6435,0.0011
2,5374,0.0011
2,6482,0.0011
2,6725,0.0011
2,7330,0.0011
2,5721,0.0011
2,6424,0.0011
2,5611,0.0011
2,8309,0.0011
2,9001,0.0011
2,6800,0.0011
2,8180,0.0011
2,10029,0.0011
2,5728,0.0011
2,7782,0.0011
2,6569,0.0011
2,8820,0.0011
2,5207,0.0011
2,5071,0.0011
2,9733,0.0011
2,7183,0.0011
2,6604,0.0011
2,5966,0.0011
2,7526,0.0011
2,7209,0.0011
2,6221,0.0011
2,6226,0.0011
2,7571,0.0011
2,6016,0.0011
2,8851,0.0011
2,8829,0.0011
2,7197,0.0011
2,6687,0.0011
2,6228,0.0011
2,5367,0.0011
2,6394,0.0011
2,9682,0.0011
2,7449,0.0011
2,7063,0.0011
2,5219,0.0011
2,6433,0.0011
2,6879,0.0011
2,8519,0.0011
2,7561,0.0011
2,5170,0.0011
2,7416,0.0011
2,9512,0.0011
2,7479,0.0011
2,8045,0.0011
2,7679,0.0011
2,9898,0.0011
2,5531,0.0011
2,5097,0.0011
2,9577,0.0011
2,5468,0.0011
2,6893,0.0011
2,7695,0.0011
2,9701,0.0011
2,8137,0.0011
2,7007,0.0011
2,7102,0.0011
2,9352,0.0011
2,8943,0.0011
2,8053,0.0011
2,5669,0.0011
2,5974,0.0011
2,5336,0.0011
2,5591,0.0011
2,9928,0.0011
2,7212,0.0011
2,5680,0.0011
2,6471,0.0011
2,6509,0.0011
2,7472,0.0011
2,6078,0.0011
2,9585,0.0011
2,9479,0.0011
2,9424,0.0011
2,7835,0.0011
2,8753,0.0011
2,8927,0.0011
2,8409,0.0011
2,7106,0.0011
2,5787,0.0011
2,7717,0.0011
2,7507,0.0011
2,7642,0.0011
2,7881,0.0011
2,6609,0.0011
2,8738,0.0011
2,5136,0.0011
2,9187,0.0011
2,6724,0.0011
2,9513,0.0011
2,6436,0.0011
2,8490,0.0011
2,7718,0.0011
2,5827,0.0011
2,7406,0.0011
2,10028,0.0011
2,8047,0.0011
2,9006,0.0011
2,6700,0.0011
2,8163,0.0011
2,5004,0.0011
2,8952,0.0011
2,6928,0.0011
2,5296,0.0011
2,6519,0.0011
2,9251,0.0011
2,5467,0.0011
2,9718,0.0011
2,6996,0.0011
2,7048,0.0011
2,8841,0.0011
2,9785,0.0011
2,7712,0.0011
2,7626,0.0011
2,9130,0.0011
2,6187,0.0011
2,6200,0.0011
2,7895,0.0011
2,9575,0.0011
2,6637,0.0011
2,7829,0.0011
2,7302,0.0011
2,7597,0.0011
2,6159,0.0011
2,8723,0.0011
2,8733,0.0011
2,5138,0.0011
2,8248,0.0011
2,8775,0.0011
2,5230,0.0011
2,8063,0.0011
2,7483,0.0011
2,6198,0.0011
2,6511,0.0011
2,8048,0.0011
2,7986,0.0011
2,5804,0.0011
2,8789,0.0011
2,5088,0.0011
2,6242,0.0011
2,9340,0.0011
2,7573,0.0011
2,5352,0.0011
2,6274,0.0011
2,5444,0.0011
2,5137,0.0011
2,6461,0.0011
2,6255,0.0011
2,8286,0.0011
2,7666,0.0011
2,9866,0.0011
2,9611,0.0011
2,6982,0.0011
2,9863,0.0011
2,8060,0.0011
2,7035,0.0011
2,8422,0.0011
2,8108,0.0011
2,7112,0.0011
2,6976,0.0011
2,8637,0.0011
2,5789,0.0011
2,9464,0.0011
2,8930,0.0011
2,9065,0.0011
2,8981,0.0011
2,6477,0.0011
2,6361,0.0011
2,7607,0.0011
2,9058,0.0011
2,9304,0.0010
2,5615,0.0010
2,5404,0.0010
2,5045,0.0010
2,7180,0.0010
2,10004,0.0010
2,8249,0.0010
2,6905,0.0010
2,8383,0.0010
2,9595,0.0010
2,6401,0.0010
2,7858,0.0010
2,5344,0.0010
2,6581,0.0010
2,7891,0.0010
2,8698,0.0010
2,5293,0.0010
2,6470,0.0010
2,7876,0.0010
2,8107,0.0010
2,6347,0.0010
2,6101,0.0010
2,8992,0.0010
2,8545,0.0010
2,9035,0.0010
2,9033,0.0010
2,6231,0.0010
2,8381,0.0010
2,8251,0.0010
2,9579,0.0010
2,9953,0.0010
2,6954,0.0010
2,5145,0.0010
2,8117,0.0010
2,9731,0.0010
2,10039,0.0010
2,8324,0.0010
2,5823,0.0010
2,7307,0.0010
2,5208,0.0010
2,8210,0.0010
2,8074,0.0010
2,5056,0.0010
2,9061,0.0010
2,8921,0.0010
2,9846,0.0010
2,7935,0.0010
2,9224,0.0010
2,7802,0.0010
2,5800,0.0010
2,8870,0.0010
2,7861,0.0010
2,5576,0.0010
2,6389,0.0010
2,7050,0.0010
2,6203,0.0010
2,7110,0.0010
2,8543,0.0010
2,5460,0.0010
2,8290,0.0010
2,5265,0.0010
2,7719,0.0010
2,9971,0.0010
2,9045,0.0010
2,5920,0.0010
2,6952,0.0010
2,8985,0.0010
2,7921,0.0010
2,5998,0.0010
2,5610,0.0010
2,5198,0.0010
2,5151,0.0010
2,8602,0.0010
2,8072,0.0010
2,5905,0.0010
2,5892,0.0010
2,9689,0.0010
2,5257,0.0010
2,6334,0.0010
2,9213,0.0010
2,6772,0.0010
2,6718,0.0010
2,9907,0.0010
2,6638,0.0010
2,8313,0.0010
2,5750,0.0010
2,8668,0.0010
2,9115,0.0010
2,6370,0.0010
2,8353,0.0010
2,5214,0.0010
2,5294,0.0010
2,6207,0.0010
2,8097,0.0010
2,7418,0.0010
2,6642,0.0010
2,7570,0.0010
2,6047,0.0010
2,6276,0.0010
2,8178,0.0010
2,8872,0.0010
2,8868,0.0010
2,9502,0.0010
2,8250,0.0010
2,8271,0.0010
2,9420,0.0010
2,6858,0.0010
2,6214,0.0010
2,8450,0.0010
2,8649,0.0010
2,6787,0.0010
2,6522,0.0010
2,8785,0.0010
2,5391,0.0010
2,5553,0.0010
2,9528,0.0010
2,8018,0.0010
2,8827,0.0010
2,9786,0.0010
2,5572,0.0010
2,5839,0.0010
2,6420,0.0010
2,5659,0.0010
2,9728,0.0010
2,8760,0.0010
2,9825,0.0010
2,6825,0.0010
2,5149,0.0010
2,7299,0.0010
2,8999,0.0010
2,7100,0.0010
2,5552,0.0010
2,8718,0.0010
2,8412,0.0010
2,8366,0.0010
2,7019,0.0010
2,5819,0.0010
2,6185,0.0010
2,6158,0.0010
2,9234,0.0010
2,9069,0.0010
2,10001,0.0010
2,7030,0.0010
2,8542,0.0010
2,7564,0.0010
2,6827,0.0010
2,8932,0.0010
2,5357,0.0010
2,5080,0.0010
2,7004,0.0010
2,9485,0.0010
2,6663,0.0010
2,5851,0.0010
2,6528,0.0010
2,6562,0.0010
2,9685,0.0010
2,6407,0.0010
2,8809,0.0010
2,8536,0.0010
2,7900,0.0010
2,8801,0.0010
2,8850,0.0010
2,8969,0.0010
2,9838,0.0010
2,9039,0.0010
2,5484,0.0010
2,6847,0.0010
2,8553,0.0010
2,7722,0.0010
2,9657,0.0010
2,5709,0.0010
2,5413,0.0010
2,9804,0.0010
2,5858,0.0010
2,5191,0.0010
2,8104,0.0010
2,7541,0.0010
2,9963,0.0010
2,5864,0.0010
2,7682,0.0010
2,8525,0.0010
2,6834,0.0010
2,8849,0.0010
2,6549,0.0010
2,8418,0.0010
2,8378,0.0010
2,6406,0.0010
2,7694,0.0010
2,8624,0.0010
2,7518,0.0010
2,6442,0.0010
2,9186,0.0010
2,5084,0.0010
2,8481,0.0010
2,6679,0.0010
2,6938,0.0010
2,9913,0.0010
2,5163,0.0010
2,8397,0.0010
2,7667,0.0010
2,9401,0.0010
2,9427,0.0010
2,6397,0.0010
2,5526,0.0010
2,8948,0.0010
2,9341,0.0010
2,9252,0.0010
2,8436,0.0010
2,5418,0.0010
2,8630,0.0010
2,6844,0.0010
2,6809,0.0010
2,5574,0.0010
2,7385,0.0010
2,7894,0.0010
2,7469,0.0010
2,8786,0.0010
2,8272,0.0010
2,5006,0.0010
2,9876,0.0010
2,6252,0.0009
2,6587,0.0009
2,9197,0.0009
2,9480,0.0009
2,9538,0.0009
2,5770,0.0009
2,9989,0.0009
2,7301,0.0009
2,5162,0.0009
2,5225,0.0009
2,9645,0.0009
2,7720,0.0009
2,8837,0.0009
2,5445,0.0009
2,8727,0.0009
2,8403,0.0009
2,8275,0.0009
2,7015,0.0009
2,6335,0.0009
2,6585,0.0009
2,7365,0.0009
2,6190,0.0009
2,5473,0.0009
2,8228,0.0009
2,9248,0.0009
2,5224,0.0009
2,5735,0.0009
2,5189,0.0009
2,9610,0.0009
2,7548,0.0009
2,6540,0.0009
2,9237,0.0009
2,9402,0.0009
2,7025,0.0009
2,8633,0.0009
2,8749,0.0009
2,5177,0.0009
2,6142,0.0009
2,5394,0.0009
2,10038,0.0009
2,9691,0.0009
2,7781,0.0009
2,6447,0.0009
2,5181,0.0009
2,8933,0.0009
2,9431,0.0009
2,7889,0.0009
2,7494,0.0009
2,8584,0.0009
2,8537,0.0009
2,5291,0.0009
2,8610,0.0009
2,7322,0.0009
2,9052,0.0009
2,7880,0.0009
2,8407,0.0009
2,5511,0.0009
2,7290,0.0009
2,8650,0.0009
2,9037,0.0009
2,5478,0.0009
2,8928,0.0009
2,9132,0.0009
2,5834,0.0009
2,9415,0.0009
2,5233,0.0009
2,5455,0.0009
2,9466,0.0009
2,8212,0.0009
2,6201,0.0009
2,6624,0.0009
2,8306,0.0009
2,7060,0.0009
2,7681,0.0009
2,6448,0.0009
2,7450,0.0009
2,5739,0.0009
2,9712,0.0009
2,9205,0.0009
2,6432,0.0009
2,8784,0.0009
2,6043,0.0009
2,8244,0.0009
2,5201,0.0009
2,5154,0.0009
2,9987,0.0009
2,7701,0.0009
2,9184,0.0009
2,9153,0.0009
2,7569,0.0009
2,6186,0.0009
2,5707,0.0009
2,9993,0.0009
2,8125,0.0009
2,5250,0.0009
2,6244,0.0009
2,5853,0.0009
2,5749,0.0009
2,5190,0.0009
2,6262,0.0009
2,9916,0.0009
2,6391,0.0009
2,9230,0.0009
2,5825,0.0009
2,8839,0.0009
2,9010,0.0009
2,7076,0.0009
2,8208,0.0009
2,7711,0.0009
2,9676,0.0009
2,8126,0.0009
2,9826,0.0009
2,7508,0.0009
2,10027,0.0009
2,5102,0.0009
2,7181,0.0009
2,5608,0.0009
2,7276,0.0009
2,8263,0.0009
2,5596,0.0009
2,5585,0.0009
2,5087,0.0009
2,5115,0.0009
2,8742,0.0009
2,7546,0.0009
2,7072,0.0009
2,7417,0.0009
2,6122,0.0009
2,9200,0.0009
2,9050,0.0009
2,6902,0.0009
2,6534,0.0009
2,9939,0.0009
2,5539,0.0009
2,9833,0.0009
2,8498,0.0009
2,7458,0.0009
2,5096,0.0009
2,7545,0.0009
2,5412,0.0009
2,7793,0.0009
2,7999,0.0009
2,9927,0.0009
2,7002,0.0009
2,6025,0.0009
2,6348,0.0009
2,7582,0.0009
2,6680,0.0009
2,7637,0.0009
2,7503,0.0009
2,5393,0.0009
2,9245,0.0009
2,7052,0.0009
2,6786,0.0009
2,8867,0.0009
2,7296,0.0009
2,7464,0.0009
2,8638,0.0009
2,6957,0.0009
2,6695,0.0009
2,8266,0.0009
2,8614,0.0009
2,6032,0.0009
2,8253,0.0009
2,7042,0.0009
2,6715,0.0009
2,8199,0.0009
2,5627,0.0009
2,6729,0.0009
2,8058,0.0009
2,5044,0.0009
2,7097,0.0009
2,5256,0.0009
2,9339,0.0009
2,8773,0.0009
2,9978,0.0009
2,5185,0.0009
2,8811,0.0009
2,7098,0.0009
2,7692,0.0009
2,7544,0.0009
2,5909,0.0009
2,8354,0.0009
2,7651,0.0009
2,7104,0.0009
2,8606,0.0009
2,7312,0.0009
2,5395,0.0009
2,8179,0.0009
2,8791,0.0009
2,6123,0.0009
2,8066,0.0009
2,6163,0.0009
2,8034,0.0009
2,7821,0.0009
2,6386,0.0009
2,9040,0.0009
2,6379,0.0009
2,9601,0.0009
2,7841,0.0009
2,6055,0.0009
2,10006,0.0009
2,8856,0.0009
2,8264,0.0009
2,9055,0.0009
2,5368,0.0009
2,9918,0.0009
2,9980,0.0009
2,9215,0.0009
2,7815,0.0009
2,7153,0.0009
2,7991,0.0009
2,6230,0.0009
2,8284,0.0009
2,7621,0.0009
2,5545,0.0009
2,8550,0.0009
2,8421,0.0009
2,5200,0.0009
2,5086,0.0009
2,8979,0.0009
2,5058,0.0009
2,8349,0.0009
2,9758,0.0009
2,7656,0.0009
2,8887,0.0009
2,9338,0.0009
2,9961,0.0009
2,6598,0.0009
2,6429,0.0009
2,7054,0.0009
2,8109,0.0009
2,9385,0.0009
2,9855,0.0008
2,7875,0.0008
2,5978,0.0008
2,6367,0.0008
2,5495,0.0008
2,7177,0.0008
2,7565,0.0008
2,9500,0.0008
2,9433,0.0008
2,6940,0.0008
2,9305,0.0008
2,6175,0.0008
2,9617,0.0008
2,6069,0.0008
2,6183,0.0008
2,9002,0.0008
2,5187,0.0008
2,7047,0.0008
2,7045,0.0008
2,5803,0.0008
2,5575,0.0008
2,7898,0.0008
2,8155,0.0008
2,8159,0.0008
2,6760,0.0008
2,8996,0.0008
2,8370,0.0008
2,7816,0.0008
2,6345,0.0008
2,6523,0.0008
2,9026,0.0008
2,9440,0.0008
2,8905,0.0008
2,5605,0.0008
2,8615,0.0008
2,6355,0.0008
2,7028,0.0008
2,8708,0.0008
2,5964,0.0008
2,8871,0.0008
2,7439,0.0008
2,6046,0.0008
2,9636,0.0008
2,8321,0.0008
2,5457,0.0008
2,5361,0.0008
2,6842,0.0008
2,9406,0.0008
2,5690,0.0008
2,7884,0.0008
2,7814,0.0008
2,9780,0.0008
2,9333,0.0008
2,6690,0.0008
2,6352,0.0008
2,6247,0.0008
2,5944,0.0008
2,8795,0.0008
2,9887,0.0008
2,8739,0.0008
2,6607,0.0008
2,5477,0.0008
2,8067,0.0008
2,9175,0.0008
2,9477,0.0008
2,6243,0.0008
2,5588,0.0008
2,8626,0.0008
2,5989,0.0008
2,6595,0.0008
2,6628,0.0008
2,5107,0.0008
2,6630,0.0008
2,9889,0.0008
2,9031,0.0008
2,6329,0.0008
2,5938,0.0008
2,5729,0.0008
2,6155,0.0008
2,7304,0.0008
2,9139,0.0008
2,6346,0.0008
2,7543,0.0008
2,9808,0.0008
2,8502,0.0008
2,8853,0.0008
2,5968,0.0008
2,6616,0.0008
2,8861,0.0008
2,8913,0.0008
2,7327,0.0008
2,9457,0.0008
2,7303,0.0008
2,5874,0.0008
2,8896,0.0008
2,6775,0.0008
2,7753,0.0008
2,9800,0.0008
2,9496,0.0008
2,7567,0.0008
2,6544,0.0008
2,9914,0.0008
2,7189,0.0008
2,9350,0.0008
2,8335,0.0008
2,7057,0.0008
2,5244,0.0008
2,7099,0.0008
2,8118,0.0008
2,7447,0.0008
2,9382,0.0008
2,9133,0.0008
2,9367,0.0008
2,8064,0.0008
2,9439,0.0008
2,6229,0.0008
2,7677,0.0008
2,9182,0.0008
2,5450,0.0008
2,7411,0.0008
2,5110,0.0008
2,9409,0.0008
2,8462,0.0008
2,9867,0.0008
2,6161,0.0008
2,8702,0.0008
2,8444,0.0008
2,7848,0.0008
2,5459,0.0008
2,7902,0.0008
2,6136,0.0008
2,5076,0.0008
2,6232,0.0008
2,6890,0.0008
2,8206,0.0008
2,7379,0.0008
2,7785,0.0008
2,9178,0.0008
2,7499,0.0008
2,10008,0.0008
2,5534,0.0008
2,8609,0.0008
2,8722,0.0008
2,7904,0.0008
2,9332,0.0008
2,9358,0.0008
2,8487,0.0008
2,8143,0.0008
2,7683,0.0008
2,9890,0.0008
2,9629,0.0008
2,8405,0.0008
2,7676,0.0008
2,9584,0.0008
2,7680,0.0008
2,6060,0.0008
2,8919,0.0008
2,7641,0.0008
2,7619,0.0008
2,5042,0.0008
2,6153,0.0008
2,6701,0.0008
2,7094,0.0008
2,8712,0.0008
2,9463,0.0008
2,5340,0.0008
2,7870,0.0008
2,9760,0.0008
2,6655,0.0008
2,5345,0.0008
2,6580,0.0008
2,6293,0.0008
2,6835,0.0008
2,7337,0.0008
2,9828,0.0008
2,6399,0.0008
2,6208,0.0008
2,6216,0.0008
2,6849,0.0008
2,7925,0.0008
2,5392,0.0008
2,8075,0.0008
2,9594,0.0008
2,5683,0.0008
2,8904,0.0008
2,7580,0.0008
2,7910,0.0008
2,6706,0.0008
2,6363,0.0008
2,9642,0.0008
2,5169,0.0008
2,5718,0.0008
2,7560,0.0008
2,7581,0.0008
2,7983,0.0008
2,9740,0.0008
2,9695,0.0008
2,9929,0.0008
2,9412,0.0008
2,5330,0.0008
2,7053,0.0008
2,5855,0.0008
2,7705,0.0008
2,8821,0.0008
2,6119,0.0008
2,5802,0.0008
2,8977,0.0008
2,6425,0.0008
2,9619,0.0008
2,8146,0.0008
2,9938,0.0007
2,5290,0.0007
2,5829,0.0007
2,8563,0.0007
2,7400,0.0007
2,6344,0.0007
2,7917,0.0007
2,8261,0.0007
2,6513,0.0007
2,5383,0.0007
2,5160,0.0007
2,9198,0.0007
2,9034,0.0007
2,5382,0.0007
2,8516,0.0007
2,7783,0.0007
2,9700,0.0007
2,10010,0.0007
2,5263,0.0007
2,7684,0.0007
2,8120,0.0007
2,8466,0.0007
2,9635,0.0007
2,7864,0.0007
2,7516,0.0007
2,6056,0.0007
2,8399,0.0007
2,7649,0.0007
2,7614,0.0007
2,6164,0.0007
2,8934,0.0007
2,9680,0.0007
2,5476,0.0007
2,8166,0.0007
2,5305,0.0007
2,7409,0.0007
2,5399,0.0007
2,6139,0.0007
2,9434,0.0007
2,9756,0.0007
2,7120,0.0007
2,7308,0.0007
2,8942,0.0007
2,7775,0.0007
2,9468,0.0007
2,9899,0.0007
2,9654,0.0007
2,9194,0.0007
2,6987,0.0007
2,9387,0.0007
2,5921,0.0007
2,7421,0.0007
2,7055,0.0007
2,7575,0.0007
2,6524,0.0007
2,6812,0.0007
2,9063,0.0007
2,9426,0.0007
2,5732,0.0007
2,5098,0.0007
2,8002,0.0007
2,8908,0.0007
2,5095,0.0007
2,9552,0.0007
2,5677,0.0007
2,7562,0.0007
2,9933,0.0007
2,9078,0.0007
2,9227,0.0007
2,7489,0.0007
2,8707,0.0007
2,5849,0.0007
2,5252,0.0007
2,9209,0.0007
2,8101,0.0007
2,5979,0.0007
2,5155,0.0007
2,9414,0.0007
2,7075,0.0007
2,6963,0.0007
2,9517,0.0007
2,8549,0.0007
2,7074,0.0007
2,5577,0.0007
2,6830,0.0007
2,9303,0.0007
2,7750,0.0007
2,8411,0.0007
2,5186,0.0007
2,7336,0.0007
2,6166,0.0007
2,8909,0.0007
2,7643,0.0007
2,6708,0.0007
2,8001,0.0007
2,6464,0.0007
2,7143,0.0007
2,6484,0.0007
2,8372,0.0007
2,9368,0.0007
2,5452,0.0007
2,5051,0.0007
2,9641,0.0007
2,9977,0.0007
2,7996,0.0007
2,6728,0.0007
2,6041,0.0007
2,6892,0.0007
2,5693,0.0007
2,7703,0.0007
2,8282,0.0007
2,6527,0.0007
2,7568,0.0007
2,9508,0.0007
2,9909,0.0007
2,5159,0.0007
2,5206,0.0007
2,7737,0.0007
2,7801,0.0007
2,7031,0.0007
2,8493,0.0007
2,5618,0.0007
2,6969,0.0007
2,8835,0.0007
2,8113,0.0007
2,6323,0.0007
2,8947,0.0007
2,8149,0.0007
2,7663,0.0007
2,5927,0.0007
2,9378,0.0007
2,5869,0.0007
2,8507,0.0007
2,5584,0.0007
2,6206,0.0007
2,8598,0.0007
2,6614,0.0007
2,5093,0.0007
2,7313,0.0007
2,7706,0.0007
2,5021,0.0007
2,8041,0.0007
2,8866,0.0007
2,6341,0.0007
2,9032,0.0007
2,7883,0.0007
2,8725,0.0007
2,5621,0.0007
2,7286,0.0007
2,6502,0.0007
2,5059,0.0007
2,5837,0.0007
2,7594,0.0007
2,6762,0.0007
2,7091,0.0007
2,8534,0.0007
2,6613,0.0007
2,7693,0.0006
2,6958,0.0006
2,9497,0.0006
2,9709,0.0006
2,5174,0.0006
2,6421,0.0006
2,5232,0.0006
2,6808,0.0006
2,6359,0.0006
2,6048,0.0006
2,8389,0.0006
2,5592,0.0006
2,6168,0.0006
2,8748,0.0006
2,7539,0.0006
2,7378,0.0006
2,9711,0.0006
2,9177,0.0006
2,8257,0.0006
2,5481,0.0006
2,5262,0.0006
2,7305,0.0006
2,9490,0.0006
2,6173,0.0006
2,9376,0.0006
2,8648,0.0006
2,5030,0.0006
2,6039,0.0006
2,9345,0.0006
2,9260,0.0006
2,8945,0.0006
2,5039,0.0006
2,7368,0.0006
2,6362,0.0006
2,6832,0.0006
2,9325,0.0006
2,9207,0.0006
2,10005,0.0006
2,5437,0.0006
2,5675,0.0006
2,6160,0.0006
2,9126,0.0006
2,6241,0.0006
2,6620,0.0006
2,9932,0.0006
2,6639,0.0006
2,9135,0.0006
2,7038,0.0006
2,9319,0.0006
2,8277,0.0006
2,5681,0.0006
2,9624,0.0006
2,9363,0.0006
2,7697,0.0006
2,7620,0.0006
2,7770,0.0006
2,8226,0.0006
2,6075,0.0006
2,8398,0.0006
2,7596,0.0006
2,9622,0.0006
2,6742,0.0006
2,5083,0.0006
2,7892,0.0006
2,7724,0.0006
2,5624,0.0006
2,7023,0.0006
2,7422,0.0006
2,7557,0.0006
2,5027,0.0006
2,7343,0.0006
2,5254,0.0006
2,5458,0.0006
2,9244,0.0006
2,9452,0.0006
2,6172,0.0006
2,8138,0.0006
2,7731,0.0006
2,9841,0.0006
2,8836,0.0006
2,8657,0.0006
2,9329,0.0006
2,6204,0.0006
2,5259,0.0006
2,8513,0.0006
2,9727,0.0006
2,7678,0.0006
2,6763,0.0006
2,9488,0.0006
2,6597,0.0006
2,5420,0.0006
2,6650,0.0006
2,5867,0.0006
2,7914,0.0006
2,7476,0.0006
2,6997,0.0006
2,5636,0.0006
2,8721,0.0006
2,8036,0.0006
2,9690,0.0006
2,9656,0.0006
2,7909,0.0006
2,7559,0.0006
2,9606,0.0006
2,9374,0.0006
2,8923,0.0006
2,8014,0.0006
2,9699,0.0006
2,8696,0.0006
2,6110,0.0006
2,7822,0.0006
2,6577,0.0006
2,8669,0.0006
2,9915,0.0006
2,6814,0.0006
2,6479,0.0006
2,7799,0.0006
2,5334,0.0006
2,9754,0.0006
2,9335,0.0006
2,9442,0.0006
2,6980,0.0006
2,7078,0.0006
2,8069,0.0006
2,9071,0.0006
2,7215,0.0006
2,8521,0.0006
2,8369,0.0006
2,6455,0.0006
2,9586,0.0006
2,5661,0.0006
2,8460,0.0006
2,5554,0.0006
2,6369,0.0006
2,6409,0.0006
2,6472,0.0006
2,5386,0.0006
2,9293,0.0006
2,9509,0.0006
2,9640,0.0006
2,6533,0.0006
2,5528,0.0006
2,9901,0.0006
2,5702,0.0006
2,8281,0.0006
2,9467,0.0006
2,7339,0.0006
2,8900,0.0005
2,5687,0.0005
2,5427,0.0005
2,6765,0.0005
2,6357,0.0005
2,7429,0.0005
2,9777,0.0005
2,7213,0.0005
2,7108,0.0005
2,6338,0.0005
2,8006,0.0005
2,7487,0.0005
2,5617,0.0005
2,8110,0.0005
2,5524,0.0005
2,6387,0.0005
2,8734,0.0005
2,6132,0.0005
2,7727,0.0005
2,8828,0.0005
2,9815,0.0005
2,5184,0.0005
2,5401,0.0005
2,6463,0.0005
2,9507,0.0005
2,9609,0.0005
2,9505,0.0005
2,7018,0.0005
2,7041,0.0005
2,5682,0.0005
2,7082,0.0005
2,9017,0.0005
2,8220,0.0005
2,9481,0.0005
2,8270,0.0005
2,8221,0.0005
2,9297,0.0005
2,9819,0.0005
2,9309,0.0005
2,9506,0.0005
2,7540,0.0005
2,8639,0.0005
2,8050,0.0005
2,5430,0.0005
2,9981,0.0005
2,9117,0.0005
2,9848,0.0005
2,5247,0.0005
2,5786,0.0005
2,9856,0.0005
2,9649,0.0005
2,5754,0.0005
2,9020,0.0005
2,5062,0.0005
2,9514,0.0005
2,7828,0.0005
2,7039,0.0005
2,8359,0.0005
2,8294,0.0005
2,8017,0.0005
2,9884,0.0005
2,5239,0.0005
2,5235,0.0005
2,8640,0.0005
2,8511,0.0005
2,9990,0.0005
2,5589,0.0005
2,7609,0.0005
2,8394,0.0005
2,8595,0.0005
2,9766,0.0005
2,7040,0.0005
2,8214,0.0005
2,6350,0.0005
2,8699,0.0005
2,8476,0.0005
2,6441,0.0005
2,5699,0.0005
2,8392,0.0005
2,6330,0.0005
2,6710,0.0005
2,7632,0.0005
2,6845,0.0005
2,8709,0.0005
2,9473,0.0005
2,5726,0.0005
2,5488,0.0005
2,8619,0.0005
2,5850,0.0005
2,7629,0.0005
2,5494,0.0005
2,7820,0.0005
2,6979,0.0005
2,6750,0.0005
2,6022,0.0005
2,6177,0.0005
2,9495,0.0005
2,6286,0.0005
2,6866,0.0005
2,8314,0.0005
2,6766,0.0005
2,9716,0.0005
2,8846,0.0005
2,9600,0.0005
2,6974,0.0005
2,9658,0.0005
2,5822,0.0005
2,5046,0.0005
2,9683,0.0005
2,9510,0.0005
2,8217,0.0005
2,9165,0.0005
2,8988,0.0005
2,6579,0.0004
2,7859,0.0004
2,5317,0.0004
2,8517,0.0004
2,7929,0.0004
2,7874,0.0004
2,6975,0.0004
2,8621,0.0004
2,7391,0.0004
2,7478,0.0004
2,5355,0.0004
2,9671,0.0004
2,6227,0.0004
2,6045,0.0004
2,5544,0.0004
2,7860,0.0004
2,8216,0.0004
2,5028,0.0004
2,6358,0.0004
2,5945,0.0004
2,8373,0.0004
2,9984,0.0004
2,6666,0.0004
2,9018,0.0004
2,7200,0.0004
2,9430,0.0004
2,6828,0.0004
2,6986,0.0004
2,7672,0.0004
2,6603,0.0004
2,7633,0.0004
2,9982,0.0004
2,6758,0.0004
2,8119,0.0004
2,5109,0.0004
2,9422,0.0004
2,8897,0.0004
2,5842,0.0004
2,7554,0.0004
2,7485,0.0004
2,6615,0.0004
2,5818,0.0004
2,6634,0.0004
2,7318,0.0004
2,9692,0.0004
2,9202,0.0004
2,9839,0.0004
2,7410,0.0004
2,9852,0.0004
2,9210,0.0004
2,9411,0.0004
2,7462,0.0004
2,7969,0.0004
2,7613,0.0004
2,9225,0.0004
2,7190,0.0004
2,9814,0.0004
2,5363,0.0004
2,9853,0.0004
2,8531,0.0004
2,9820,0.0004
2,6771,0.0004
2,8642,0.0004
2,5282,0.0004
2,7721,0.0004
2,8910,0.0004
2,9857,0.0004
2,7593,0.0004
2,8757,0.0003
2,8123,0.0003
2,9817,0.0003
2,9041,0.0003
2,6473,0.0003
2,9873,0.0003
2,6788,0.0003
2,5447,0.0003
2,9895,0.0003
2,7506,0.0003
2,7768,0.0003
2,6143,0.0003
2,8710,0.0003
2,7491,0.0003
2,9829,0.0003
2,9432,0.0003
2,5919,0.0003
2,6170,0.0003
2,6239,0.0003
2,8100,0.0003
2,7284,0.0003
2,8995,0.0003
2,8382,0.0003
2,7707,0.0003
2,5343,0.0003
2,9966,0.0003
2,7186,0.0003
2,8745,0.0003
2,6349,0.0003
2,5806,0.0003
2,6020,0.0003
2,8844,0.0003
2,9720,0.0003
2,6868,0.0003
2,6176,0.0003
2,5738,0.0003
2,8907,0.0003
2,7285,0.0003
2,7079,0.0003
2,6342,0.0003
2,6837,0.0003
2,5984,0.0003
2,6317,0.0003
2,9334,0.0003
2,7577,0.0003
2,9359,0.0003
2,5706,0.0003
2,8980,0.0003
2,7340,0.0003
2,7602,0.0003
2,7888,0.0003
2,6864,0.0003
2,7320,0.0003
2,7588,0.0003
2,6981,0.0003
2,8057,0.0003
2,9607,0.0003
2,9423,0.0003
2,5218,0.0003
2,8632,0.0003
2,8529,0.0003
2,7504,0.0003
2,7295,0.0003
2,6253,0.0003
2,5712,0.0003
2,7989,0.0003
2,8401,0.0002
2,7890,0.0002
2,6990,0.0002
2,8022,0.0002
2,9888,0.0002
2,5053,0.0002
2,8616,0.0002
2,6632,0.0002
2,8593,0.0002
2,8393,0.0002
2,5912,0.0002
2,6804,0.0002
2,6196,0.0002
2,9789,0.0002
2,7812,0.0002
2,6026,0.0002
2,8560,0.0002
2,7617,0.0002
2,7877,0.0002
2,7020,0.0002
2,7196,0.0002
2,7867,0.0002
2,6095,0.0002
2,5782,0.0002
2,6619,0.0002
2,9003,0.0002
2,8280,0.0002
2,7056,0.0002
2,9232,0.0002
2,9988,0.0001
2,9138,0.0000
3,7643,0.0664
3,6673,0.0642
3,6787,0.0637
3,5846,0.0627
3,9336,0.0544
3,9464,0.0535
3,5161,0.0494
3,6531,0.0470
3,7006,0.0428
3,7210,0.0428
3,8149,0.0428
3,7315,0.0425
3,8708,0.0421
3,5847,0.0408
3,9354,0.0389
3,6334,0.0388
3,7203,0.0382
3,8141,0.0367
3,7897,0.0365
3,9349,0.0359
3,9207,0.0359
3,9559,0.0357
3,7827,0.0355
3,5514,0.0347
3,9838,0.0347
3,6764,0.0343
3,9098,0.0338
3,9750,0.0338
3,9265,0.0338
3,8562,0.0337
3,8918,0.0335
3,7435,0.0330
3,6105,0.0329
3,8457,0.0329
3,9941,0.0329
3,8661,0.0329
3,7754,0.0329
3,8639,0.0326
3,7431,0.0321
3,7941,0.0313
3,8244,0.0310
3,6865,0.0306
3,7116,0.0306
3,8619,0.0304
3,8414,0.0300
3,5888,0.0299
3,6492,0.0299
3,6921,0.0299
3,9402,0.0297
3,6675,0.0296
3,6009,0.0294
3,8180,0.0289
3,5249,0.0288
3,8839,0.0287
3,7348,0.0285
3,5124,0.0285
3,8174,0.0285
3,5772,0.0282
3,9710,0.0281
3,5336,0.0280
3,5972,0.0277
3,5251,0.0273
3,7626,0.0273
3,8110,0.0273
3,8257,0.0272
3,7186,0.0272
3,9984,0.0271
3,6289,0.0266
3,6873,0.0266
3,6723,0.0263
3,6092,0.0262
3,6389,0.0262
3,8137,0.0262
3,5214,0.0257
3,7299,0.0252
3,9888,0.0248
3,8919,0.0245
3,9834,0.0243
3,9606,0.0242
3,5850,0.0242
3,7479,0.0242
3,6261,0.0242
3,8356,0.0239
3,6190,0.0239
3,5746,0.0238
3,8749,0.0238
3,8519,0.0236
3,8255,0.0234
3,9908,0.0232
3,6220,0.0229
3,5948,0.0227
3,5865,0.0226
3,7113,0.0225
3,5612,0.0223
3,6575,0.0223
3,8039,0.0221
3,6349,0.0220
3,9563,0.0220
3,8345,0.0219
3,9792,0.0218
3,6800,0.0216
3,9829,0.0213
3,5857,0.0212
3,7322,0.0212
3,7646,0.0211
3,5964,0.0211
3,6645,0.0209
3,5118,0.0209
3,8318,0.0209
3,5883,0.0209
3,5089,0.0209
3,9863,0.0209
3,9444,0.0207
3,6054,0.0206
3,8191,0.0206
3,6874,0.0206
3,9560,0.0205
3,5958,0.0205
3,9742,0.0204
3,5799,0.0202
3,10019,0.0202
3,8138,0.0201
3,6627,0.0199
3,6733,0.0199
3,6755,0.0198
3,6160,0.0198
3,9000,0.0198
3,8636,0.0198
3,7077,0.0197
3,8210,0.0197
3,8867,0.0196
3,9523,0.0195
3,5783,0.0194
3,8844,0.0193
3,8401,0.0190
3,6396,0.0190
3,7046,0.0189
3,7821,0.0189
3,9700,0.0188
3,9334,0.0184
3,6400,0.0183
3,7926,0.0183
3,10006,0.0182
3,8295,0.0181
3,5983,0.0181
3,5269,0.0181
3,6836,0.0179
3,8892,0.0176
3,5934,0.0176
3,5260,0.0176
3,10017,0.0176
3,6055,0.0175
3,9746,0.0175
3,6804,0.0175
3,6392,0.0174
3,7320,0.0173
3,6074,0.0173
3,8927,0.0173
3,7620,0.0173
3,8132,0.0171
3,9215,0.0171
3,5647,0.0171
3,5662,0.0171
3,7414,0.0169
3,7800,0.0169
3,9739,0.0169
3,8427,0.0168
3,6790,0.0167
3,6231,0.0165
3,6209,0.0164
3,8389,0.0164
3,9827,0.0163
3,6530,0.0161
3,10000,0.0161
3,6252,0.0161
3,9246,0.0159
3,5882,0.0159
3,9787,0.0159
3,9126,0.0159
3,7501,0.0157
3,7347,0.0156
3,5908,0.0155
3,6309,0.0154
3,7709,0.0153
3,8827,0.0152
3,5212,0.0152
3,7453,0.0152
3,9876,0.0151
3,9286,0.0149
3,5050,0.0149
3,6936,0.0148
3,7335,0.0148
3,9756,0.0148
3,5186,0.0148
3,9743,0.0147
3,7035,0.0146
3,9707,0.0146
3,5782,0.0146
3,9210,0.0145
3,6405,0.0145
3,6995,0.0144
3,5334,0.0144
3,7670,0.0144
3,6549,0.0144
3,7162,0.0143
3,8947,0.0143
3,7975,0.0142
3,9110,0.0142
3,6523,0.0141
3,5105,0.0140
3,6273,0.0140
3,9278,0.0140
3,7814,0.0140
3,9477,0.0138
3,8038,0.0138
3,6765,0.0138
3,9203,0.0138
3,8688,0.0137
3,8988,0.0137
3,9785,0.0137
3,6187,0.0137
3,5412,0.0135
3,7573,0.0135
3,8436,0.0134
3,7518,0.0134
3,5895,0.0134
3,5044,0.0134
3,8044,0.0134
3,8384,0.0134
3,5156,0.0133
3,5025,0.0132
3,8278,0.0132
3,9366,0.0132
3,9579,0.0132
3,5986,0.0131
3,7316,0.0131
3,5576,0.0131
3,6286,0.0131
3,5117,0.0130
3,9474,0.0130
3,5548,0.0130
3,6253,0.0129
3,9957,0.0129
3,8831,0.0129
3,6288,0.0129
3,7300,0.0128
3,6036,0.0128
3,5268,0.0127
3,8294,0.0127
3,9356,0.0127
3,5771,0.0127
3,5093,0.0127
3,5356,0.0126
3,6237,0.0125
3,8699,0.0125
3,7968,0.0124
3,6130,0.0124
3,6210,0.0123
3,7579,0.0123
3,8397,0.0122
3,6997,0.0122
3,8630,0.0122
3,9686,0.0121
3,7198,0.0121
3,7331,0.0121
3,5162,0.0120
3,7985,0.0119
3,5788,0.0119
3,8308,0.0119
3,9744,0.0119
3,9870,0.0118
3,9954,0.0118
3,8625,0.0118
3,7029,0.0118
3,7564,0.0117
3,6418,0.0117
3,9600,0.0117
3,9205,0.0116
3,7725,0.0115
3,8973,0.0115
3,7374,0.0115
3,5650,0.0115
3,6881,0.0115
3,6336,0.0114
3,5082,0.0114
3,8742,0.0114
3,5317,0.0114
3,5278,0.0113
3,5738,0.0113
3,5734,0.0113
3,8620,0.0113
3,7647,0.0112
3,6837,0.0111
3,9131,0.0111
3,7150,0.0111
3,7728,0.0111
3,7900,0.0110
3,6018,0.0110
3,8847,0.0109
3,5146,0.0109
3,7073,0.0109
3,9532,0.0108
3,8169,0.0108
3,6666,0.0108
3,5101,0.0108
3,7965,0.0108
3,8716,0.0107
3,6175,0.0107
3,6192,0.0107
3,8312,0.0107
3,5879,0.0107
3,8433,0.0106
3,9680,0.0106
3,10005,0.0106
3,7356,0.0106
3,5289,0.0106
3,6355,0.0105
3,7618,0.0105
3,5854,0.0105
3,8820,0.0105
3,7852,0.0104
3,8591,0.0104
3,8042,0.0104
3,8119,0.0104
3,5892,0.0104
3,8222,0.0104
3,6510,0.0104
3,6849,0.0104
3,9874,0.0103
3,7108,0.0103
3,8666,0.0103
3,9139,0.0103
3,7844,0.0103
3,9140,0.0103
3,8315,0.0102
3,9800,0.0102
3,9496,0.0102
3,7517,0.0102
3,6051,0.0102
3,5929,0.0101
3,5104,0.0101
3,6573,0.0101
3,9917,0.0101
3,7229,0.0101
3,8438,0.0101
3,8300,0.0101
3,7275,0.0100
3,8220,0.0100
3,7902,0.0100
3,8416,0.0099
3,6082,0.0099
3,8487,0.0099
3,7939,0.0099
3,7512,0.0098
3,7407,0.0098
3,9099,0.0098
3,6060,0.0098
3,6694,0.0098
3,9718,0.0098
3,8532,0.0098
3,9267,0.0098
3,6701,0.0097
3,9852,0.0097
3,5345,0.0097
3,8306,0.0097
3,9128,0.0097
3,8750,0.0097
3,6482,0.0097
3,5679,0.0097
3,9892,0.0096
3,7131,0.0096
3,9740,0.0096
3,7156,0.0096
3,6823,0.0095
3,7574,0.0095
3,7471,0.0095
3,5878,0.0095
3,8511,0.0095
3,6030,0.0095
3,8794,0.0094
3,5880,0.0094
3,9352,0.0094
3,7324,0.0094
3,9150,0.0093
3,8136,0.0093
3,8343,0.0093
3,5653,0.0093
3,5652,0.0093
3,7959,0.0092
3,5374,0.0092
3,5887,0.0092
3,8209,0.0092
3,8047,0.0092
3,6145,0.0092
3,6287,0.0092
3,5102,0.0091
3,8901,0.0091
3,8089,0.0091
3,8197,0.0091
3,7349,0.0091
3,10018,0.0091
3,6111,0.0091
3,6213,0.0091
3,8093,0.0090
3,8605,0.0090
3,5111,0.0090
3,9958,0.0090
3,7075,0.0090
3,7459,0.0089
3,9944,0.0089
3,5112,0.0089
3,6450,0.0089
3,9322,0.0088
3,8537,0.0088
3,7084,0.0088
3,7222,0.0088
3,9208,0.0088
3,9877,0.0088
3,6714,0.0088
3,5747,0.0088
3,9913,0.0087
3,5223,0.0087
3,6864,0.0087
3,5319,0.0087
3,7538,0.0087
3,6952,0.0087
3,5332,0.0087
3,8800,0.0086
3,9983,0.0086
3,9213,0.0086
3,8668,0.0086
3,7772,0.0086
3,7177,0.0086
3,8303,0.0086
3,9524,0.0086
3,6821,0.0086
3,9596,0.0086
3,8170,0.0085
3,7491,0.0085
3,5068,0.0085
3,5863,0.0085
3,9287,0.0085
3,8305,0.0085
3,6128,0.0085
3,8598,0.0085
3,8129,0.0085
3,7389,0.0084
3,8497,0.0084
3,6716,0.0084
3,7286,0.0083
3,5798,0.0083
3,8270,0.0083
3,5778,0.0083
3,7130,0.0083
3,8139,0.0083
3,9089,0.0083
3,6732,0.0082
3,7277,0.0082
3,7584,0.0082
3,7487,0.0082
3,7334,0.0082
3,9543,0.0082
3,9551,0.0082
3,6785,0.0082
3,7378,0.0082
3,8298,0.0082
3,7193,0.0081
3,7172,0.0081
3,8496,0.0081
3,6947,0.0081
3,6292,0.0081
3,7225,0.0081
3,8957,0.0081
3,7820,0.0081
3,5777,0.0080
3,5641,0.0080
3,6935,0.0080
3,7015,0.0080
3,8379,0.0079
3,7412,0.0079
3,8848,0.0079
3,8824,0.0079
3,5781,0.0079
3,6684,0.0079
3,8805,0.0079
3,9221,0.0079
3,5258,0.0079
3,7214,0.0079
3,7055,0.0079
3,8859,0.0078
3,6838,0.0078
3,6596,0.0078
3,7484,0.0078
3,5201,0.0077
3,5351,0.0077
3,10034,0.0077
3,6489,0.0077
3,5707,0.0077
3,5169,0.0077
3,9341,0.0076
3,6108,0.0076
3,5074,0.0076
3,8095,0.0076
3,5016,0.0075
3,5349,0.0075
3,6385,0.0075
3,5393,0.0075
3,7503,0.0075
3,9677,0.0075
3,5613,0.0075
3,5302,0.0075
3,7586,0.0075
3,9973,0.0075
3,8027,0.0074
3,7791,0.0074
3,5005,0.0074
3,5913,0.0074
3,9745,0.0074
3,6829,0.0074
3,6317,0.0074
3,9643,0.0074
3,9435,0.0074
3,9774,0.0074
3,7107,0.0073
3,7592,0.0073
3,5099,0.0073
3,9386,0.0073
3,6384,0.0073
3,8923,0.0073
3,5370,0.0073
3,6012,0.0072
3,6299,0.0072
3,5116,0.0072
3,9346,0.0072
3,5611,0.0072
3,7536,0.0072
3,9749,0.0072
3,6568,0.0072
3,8291,0.0072
3,5947,0.0072
3,5330,0.0072
3,6638,0.0072
3,6839,0.0072
3,7591,0.0071
3,6961,0.0071
3,6940,0.0071
3,6116,0.0071
3,9893,0.0071
3,8521,0.0071
3,9898,0.0071
3,8370,0.0071
3,5706,0.0071
3,5858,0.0071
3,8510,0.0070
3,7495,0.0070
3,8065,0.0070
3,7319,0.0070
3,5591,0.0070
3,7888,0.0070
3,6031,0.0070
3,7398,0.0070
3,7221,0.0070
3,6165,0.0069
3,6382,0.0069
3,5275,0.0069
3,9802,0.0069
3,5521,0.0069
3,6294,0.0069
3,6955,0.0069
3,6857,0.0069
3,5403,0.0068
3,8452,0.0068
3,8959,0.0068
3,8734,0.0068
3,5810,0.0068
3,8118,0.0068
3,9382,0.0068
3,8871,0.0068
3,8262,0.0068
3,6742,0.0067
3,9247,0.0067
3,5158,0.0067
3,5586,0.0067
3,5498,0.0067
3,7460,0.0067
3,8930,0.0067
3,5571,0.0067
3,8798,0.0067
3,8177,0.0067
3,7180,0.0067
3,5877,0.0066
3,6129,0.0066
3,5671,0.0066
3,8538,0.0066
3,7379,0.0066
3,7891,0.0066
3,9296,0.0066
3,8817,0.0066
3,6491,0.0066
3,9153,0.0066
3,7583,0.0066
3,8203,0.0066
3,8530,0.0066
3,6193,0.0065
3,7154,0.0065
3,7540,0.0065
3,8135,0.0065
3,6543,0.0065
3,7886,0.0065
3,9436,0.0065
3,9283,0.0065
3,7462,0.0064
3,7009,0.0064
3,5061,0.0064
3,9419,0.0064
3,9967,0.0064
3,5348,0.0064
3,6363,0.0064
3,7943,0.0064
3,5802,0.0064
3,5204,0.0064
3,9687,0.0063
3,8134,0.0063
3,6219,0.0063
3,5565,0.0063
3,8211,0.0063
3,5957,0.0063
3,5211,0.0063
3,8854,0.0063
3,8516,0.0063
3,5851,0.0062
3,6562,0.0062
3,7552,0.0062
3,8404,0.0062
3,6166,0.0062
3,7822,0.0062
3,5952,0.0062
3,9434,0.0062
3,8173,0.0062
3,5700,0.0061
3,8819,0.0061
3,5084,0.0061
3,8481,0.0061
3,7287,0.0061
3,5921,0.0061
3,7497,0.0061
3,5805,0.0061
3,9262,0.0061
3,8784,0.0061
3,8304,0.0061
3,9618,0.0061
3,8437,0.0061
3,7920,0.0061
3,6984,0.0061
3,9725,0.0061
3,8611,0.0061
3,9918,0.0061
3,5230,0.0060
3,9480,0.0060
3,5508,0.0060
3,8128,0.0060
3,9209,0.0060
3,6182,0.0060
3,5103,0.0060
3,7528,0.0060
3,5108,0.0060
3,7096,0.0059
3,7182,0.0059
3,6932,0.0059
3,5110,0.0059
3,6915,0.0059
3,7750,0.0059
3,6495,0.0059
3,6731,0.0059
3,9311,0.0059
3,7553,0.0059
3,5489,0.0059
3,9235,0.0059
3,9830,0.0058
3,6861,0.0058
3,8589,0.0058
3,6311,0.0058
3,7483,0.0058
3,6668,0.0058
3,7762,0.0058
3,9969,0.0058
3,9367,0.0058
3,10030,0.0058
3,9697,0.0058
3,8676,0.0058
3,9310,0.0057
3,6452,0.0057
3,8726,0.0057
3,8208,0.0057
3,5175,0.0057
3,8970,0.0057
3,9398,0.0057
3,5554,0.0056
3,7929,0.0056
3,8911,0.0056
3,6283,0.0056
3,7813,0.0056
3,6919,0.0056
3,5599,0.0056
3,6702,0.0056
3,8050,0.0056
3,8560,0.0056
3,6672,0.0056
3,6217,0.0055
3,7507,0.0055
3,5076,0.0055
3,6123,0.0055
3,9161,0.0055
3,8910,0.0055
3,7011,0.0055
3,9601,0.0055
3,9144,0.0055
3,8264,0.0055
3,8821,0.0055
3,9114,0.0054
3,6870,0.0054
3,8754,0.0054
3,7220,0.0054
3,9498,0.0054
3,8845,0.0054
3,8320,0.0054
3,6599,0.0054
3,8453,0.0054
3,7746,0.0054
3,5381,0.0054
3,7368,0.0054
3,9017,0.0053
3,6721,0.0053
3,9481,0.0053
3,5515,0.0053
3,9975,0.0053
3,5825,0.0053
3,8976,0.0053
3,9953,0.0053
3,5292,0.0052
3,8338,0.0052
3,5732,0.0052
3,5205,0.0052
3,8327,0.0052
3,7231,0.0052
3,8971,0.0052
3,6378,0.0052
3,6937,0.0052
3,7842,0.0052
3,8475,0.0052
3,8793,0.0052
3,8302,0.0052
3,7017,0.0052
3,8899,0.0052
3,8818,0.0052
3,6913,0.0051
3,8101,0.0051
3,9371,0.0051
3,5775,0.0051
3,8572,0.0051
3,5378,0.0051
3,7187,0.0051
3,5172,0.0051
3,7557,0.0051
3,6104,0.0051
3,5505,0.0051
3,7171,0.0051
3,5906,0.0051
3,9547,0.0051
3,5659,0.0051
3,8760,0.0051
3,6148,0.0051
3,9025,0.0051
3,7452,0.0050
3,6126,0.0050
3,6634,0.0050
3,8207,0.0050
3,7689,0.0050
3,7759,0.0050
3,5698,0.0050
3,7966,0.0050
3,5602,0.0050
3,8823,0.0050
3,8513,0.0050
3,6331,0.0049
3,8115,0.0049
3,5512,0.0049
3,6869,0.0049
3,6571,0.0049
3,9214,0.0048
3,5000,0.0048
3,8935,0.0048
3,7367,0.0048
3,5006,0.0048
3,6110,0.0048
3,5637,0.0048
3,8727,0.0048
3,5993,0.0048
3,6119,0.0048
3,7146,0.0048
3,5281,0.0048
3,8972,0.0048
3,5735,0.0048
3,5808,0.0048
3,5904,0.0048
3,7603,0.0047
3,9192,0.0047
3,6507,0.0047
3,5034,0.0047
3,6379,0.0047
3,8120,0.0047
3,8788,0.0047
3,8281,0.0047
3,7952,0.0047
3,9773,0.0047
3,7614,0.0047
3,8024,0.0047
3,6696,0.0047
3,8326,0.0047
3,5715,0.0046
3,8254,0.0046
3,6797,0.0046
3,8474,0.0046
3,6139,0.0046
3,5564,0.0046
3,5687,0.0046
3,7106,0.0046
3,5614,0.0046
3,8512,0.0046
3,5884,0.0046
3,5121,0.0046
3,9940,0.0046
3,6262,0.0046
3,5546,0.0046
3,6949,0.0046
3,8697,0.0046
3,8406,0.0046
3,6884,0.0046
3,5881,0.0046
3,8092,0.0046
3,6216,0.0046
3,5360,0.0045
3,7402,0.0045
3,6503,0.0045
3,8344,0.0045
3,7831,0.0045
3,5832,0.0045
3,5953,0.0045
3,7451,0.0045
3,9611,0.0045
3,5433,0.0045
3,7823,0.0044
3,9212,0.0044
3,8488,0.0044
3,9544,0.0044
3,5030,0.0044
3,8221,0.0044
3,9753,0.0044
3,9771,0.0044
3,5145,0.0044
3,7051,0.0044
3,7467,0.0044
3,9443,0.0044
3,5009,0.0044
3,5660,0.0044
3,8543,0.0044
3,6851,0.0043
3,5731,0.0043
3,8346,0.0043
3,8790,0.0043
3,7170,0.0043
3,6320,0.0043
3,7500,0.0043
3,5323,0.0043
3,9782,0.0043
3,9034,0.0043
3,8178,0.0043
3,8238,0.0043
3,8955,0.0043
3,7049,0.0043
3,8785,0.0042
3,5770,0.0042
3,6170,0.0042
3,5572,0.0042
3,7872,0.0042
3,5946,0.0042
3,7088,0.0042
3,8301,0.0042
3,5809,0.0042
3,9891,0.0042
3,6158,0.0042
3,9583,0.0042
3,9284,0.0042
3,8739,0.0042
3,6720,0.0041
3,9475,0.0041
3,8545,0.0041
3,6681,0.0041
3,7377,0.0041
3,8700,0.0041
3,6240,0.0041
3,8680,0.0041
3,8849,0.0041
3,8418,0.0041
3,5071,0.0041
3,5096,0.0041
3,5321,0.0041
3,6330,0.0041
3,7539,0.0041
3,9457,0.0041
3,9181,0.0041
3,6775,0.0041
3,7305,0.0041
3,5726,0.0041
3,7142,0.0041
3,7069,0.0041
3,8838,0.0041
3,6353,0.0040
3,5014,0.0040
3,5245,0.0040
3,9645,0.0040
3,8590,0.0040
3,7365,0.0040
3,9732,0.0040
3,8641,0.0040
3,6678,0.0040
3,6297,0.0040
3,5833,0.0040
3,5534,0.0040
3,5300,0.0040
3,7159,0.0039
3,7408,0.0039
3,6419,0.0039
3,9813,0.0039
3,6665,0.0039
3,9188,0.0039
3,8841,0.0039
3,9625,0.0039
3,9445,0.0039
3,9716,0.0039
3,7310,0.0039
3,5834,0.0039
3,9019,0.0039
3,9573,0.0039
3,9328,0.0039
3,5648,0.0039
3,8690,0.0039
3,8771,0.0039
3,9515,0.0039
3,5072,0.0039
3,7174,0.0039
3,6862,0.0039
3,7925,0.0039
3,9535,0.0039
3,5875,0.0039
3,9340,0.0039
3,7488,0.0039
3,6911,0.0038
3,6590,0.0038
3,9403,0.0038
3,5022,0.0038
3,8925,0.0038
3,5855,0.0038
3,8729,0.0038
3,8786,0.0038
3,8114,0.0038
3,8261,0.0038
3,5166,0.0038
3,7179,0.0038
3,7784,0.0038
3,9389,0.0038
3,10025,0.0038
3,9460,0.0038
3,7856,0.0038
3,6505,0.0037
3,8410,0.0037
3,5219,0.0037
3,7773,0.0037
3,7223,0.0037
3,7692,0.0037
3,5704,0.0037
3,6753,0.0037
3,5780,0.0037
3,8795,0.0037
3,5867,0.0037
3,6386,0.0037
3,8884,0.0037
3,5359,0.0037
3,8098,0.0037
3,9762,0.0037
3,8021,0.0037
3,6244,0.0037
3,6776,0.0037
3,7228,0.0037
3,5308,0.0037
3,8073,0.0036
3,9933,0.0036
3,9572,0.0036
3,9454,0.0036
3,8566,0.0036
3,9119,0.0036
3,8067,0.0036
3,6424,0.0036
3,9154,0.0036
3,6564,0.0036
3,6713,0.0036
3,5495,0.0036
3,5123,0.0036
3,8234,0.0036
3,5367,0.0036
3,7289,0.0036
3,6085,0.0035
3,6238,0.0035
3,9972,0.0035
3,7164,0.0035
3,7062,0.0035
3,9678,0.0035
3,5812,0.0035
3,9858,0.0035
3,9901,0.0035
3,9979,0.0035
3,7355,0.0035
3,9872,0.0035
3,7511,0.0035
3,5326,0.0035
3,8893,0.0035
3,9525,0.0035
3,9812,0.0035
3,9362,0.0035
3,5889,0.0035
3,7455,0.0035
3,5402,0.0035
3,10028,0.0034
3,7424,0.0034
3,8922,0.0034
3,7980,0.0034
3,8567,0.0034
3,8898,0.0034
3,7178,0.0034
3,7216,0.0034
3,5113,0.0034
3,6324,0.0034
3,5756,0.0034
3,9421,0.0034
3,8316,0.0034
3,9076,0.0034
3,5064,0.0034
3,8664,0.0034
3,8965,0.0034
3,5970,0.0033
3,8776,0.0033
3,5621,0.0033
3,8362,0.0033
3,6688,0.0033
3,9922,0.0033
3,5522,0.0033
3,8962,0.0033
3,7757,0.0033
3,6215,0.0033
3,7033,0.0033
3,8960,0.0033
3,5876,0.0033
3,6589,0.0033
3,6127,0.0033
3,5751,0.0033
3,6180,0.0033
3,9266,0.0033
3,5749,0.0033
3,7350,0.0033
3,5638,0.0033
3,7352,0.0033
3,7295,0.0033
3,5469,0.0032
3,8219,0.0032
3,7359,0.0032
3,7998,0.0032
3,7622,0.0032
3,6200,0.0032
3,9396,0.0032
3,7829,0.0032
3,6705,0.0032
3,6556,0.0032
3,6457,0.0032
3,5047,0.0032
3,5717,0.0032
3,9233,0.0032
3,9073,0.0032
3,5625,0.0032
3,6671,0.0032
3,7309,0.0032
3,9741,0.0032
3,5313,0.0032
3,9156,0.0032
3,8376,0.0032
3,7168,0.0031
3,5316,0.0031
3,9485,0.0031
3,9688,0.0031
3,6887,0.0031
3,5282,0.0031
3,8791,0.0031
3,10033,0.0031
3,5914,0.0031
3,9539,0.0031
3,5179,0.0031
3,6872,0.0031
3,5298,0.0031
3,7667,0.0031
3,9616,0.0031
3,6770,0.0031
3,6796,0.0030
3,5814,0.0030
3,5761,0.0030
3,8974,0.0030
3,9936,0.0030
3,8723,0.0030
3,9578,0.0030
3,8751,0.0030
3,5911,0.0030
3,8857,0.0030
3,6395,0.0030
3,9329,0.0030
3,7738,0.0030
3,7181,0.0030
3,5054,0.0030
3,6866,0.0030
3,5299,0.0030
3,8102,0.0030
3,6586,0.0030
3,5303,0.0030
3,5420,0.0030
3,9124,0.0029
3,9548,0.0029
3,9059,0.0029
3,9206,0.0029
3,5140,0.0029
3,5950,0.0029
3,9661,0.0029
3,5018,0.0029
3,6134,0.0029
3,6646,0.0029
3,6591,0.0029
3,7110,0.0029
3,7395,0.0029
3,9987,0.0029
3,7428,0.0029
3,8062,0.0029
3,8966,0.0029
3,8869,0.0029
3,5506,0.0029
3,9185,0.0029
3,8825,0.0029
3,9231,0.0029
3,8806,0.0028
3,9663,0.0028
3,5795,0.0028
3,8826,0.0028
3,5001,0.0028
3,8241,0.0028
3,5097,0.0028
3,6499,0.0028
3,7012,0.0028
3,8455,0.0028
3,9392,0.0028
3,9320,0.0028
3,8341,0.0028
3,7473,0.0028
3,5561,0.0028
3,7838,0.0028
3,8165,0.0028
3,5279,0.0028
3,9591,0.0028
3,5627,0.0028
3,8725,0.0028
3,9903,0.0028
3,6931,0.0028
3,8099,0.0028
3,5593,0.0028
3,5094,0.0027
3,8084,0.0027
3,7984,0.0027
3,9881,0.0027
3,9176,0.0027
3,6483,0.0027
3,6484,0.0027
3,8828,0.0027
3,9252,0.0027
3,6664,0.0027
3,8787,0.0027
3,8799,0.0027
3,9198,0.0027
3,7704,0.0027
3,8583,0.0027
3,5306,0.0027
3,7871,0.0027
3,7899,0.0027
3,7124,0.0027
3,8573,0.0027
3,7858,0.0026
3,5793,0.0026
3,6327,0.0026
3,7123,0.0026
3,5467,0.0026
3,9391,0.0026
3,9871,0.0026
3,5690,0.0026
3,5965,0.0026
3,5684,0.0026
3,8082,0.0026
3,8654,0.0026
3,8225,0.0026
3,7114,0.0026
3,7448,0.0026
3,5247,0.0026
3,7865,0.0026
3,7825,0.0026
3,5779,0.0026
3,6557,0.0026
3,6848,0.0026
3,9599,0.0026
3,5729,0.0026
3,9390,0.0026
3,9822,0.0026
3,8080,0.0026
3,8450,0.0026
3,7227,0.0026
3,9533,0.0025
3,5562,0.0025
3,5559,0.0025
3,9324,0.0025
3,7224,0.0025
3,9989,0.0025
3,9424,0.0025
3,5485,0.0025
3,6667,0.0025
3,5995,0.0025
3,6728,0.0025
3,8449,0.0025
3,7226,0.0025
3,8617,0.0025
3,8961,0.0025
3,7710,0.0025
3,5297,0.0025
3,5296,0.0024
3,6440,0.0024
3,6410,0.0024
3,9077,0.0024
3,8681,0.0024
3,6802,0.0024
3,6050,0.0024
3,8698,0.0024
3,9530,0.0024
3,6197,0.0024
3,8596,0.0024
3,7610,0.0024
3,9853,0.0024
3,8563,0.0024
3,6907,0.0024
3,7219,0.0024
3,8340,0.0024
3,9487,0.0024
3,8124,0.0024
3,9694,0.0024
3,9748,0.0023
3,5737,0.0023
3,7857,0.0023
3,9780,0.0023
3,8271,0.0023
3,8740,0.0023
3,6960,0.0023
3,10027,0.0023
3,8743,0.0023
3,9133,0.0023
3,9662,0.0022
3,5713,0.0022
3,9028,0.0022
3,8378,0.0022
3,9261,0.0022
3,8446,0.0022
3,9049,0.0022
3,6214,0.0022
3,7532,0.0022
3,6905,0.0022
3,6622,0.0022
3,7887,0.0022
3,6780,0.0022
3,7954,0.0022
3,5465,0.0022
3,6917,0.0022
3,10039,0.0022
3,5764,0.0022
3,9939,0.0022
3,7674,0.0022
3,8627,0.0022
3,5375,0.0022
3,9484,0.0022
3,8322,0.0021
3,6909,0.0021
3,7014,0.0021
3,6906,0.0021
3,5830,0.0021
3,5280,0.0021
3,7756,0.0021
3,5497,0.0021
3,8195,0.0021
3,5595,0.0021
3,7516,0.0021
3,9738,0.0021
3,7297,0.0021
3,6285,0.0021
3,8638,0.0020
3,5157,0.0020
3,6498,0.0020
3,7780,0.0020
3,9518,0.0020
3,5769,0.0020
3,7847,0.0020
3,6142,0.0020
3,5620,0.0020
3,9347,0.0020
3,9833,0.0020
3,7961,0.0020
3,5870,0.0019
3,9531,0.0019
3,5238,0.0019
3,5902,0.0019
3,7419,0.0019
3,8307,0.0019
3,5766,0.0019
3,7053,0.0019
3,9263,0.0019
3,8259,0.0019
3,9082,0.0019
3,6248,0.0019
3,6621,0.0019
3,9264,0.0019
3,8116,0.0019
3,9557,0.0019
3,9950,0.0019
3,9529,0.0018
3,8662,0.0018
3,5376,0.0018
3,8606,0.0018
3,6045,0.0018
3,5982,0.0018
3,9943,0.0018
3,5774,0.0018
3,8434,0.0018
3,5239,0.0018
3,6383,0.0018
3,7609,0.0018
3,8076,0.0018
3,8310,0.0018
3,6918,0.0017
3,8578,0.0017
3,6856,0.0017
3,5294,0.0017
3,6496,0.0017
3,8649,0.0017
3,8179,0.0017
3,7758,0.0017
3,9536,0.0017
3,7115,0.0017
3,5474,0.0017
3,9067,0.0017
3,7273,0.0017
3,6103,0.0017
3,7117,0.0016
3,7919,0.0016
3,7415,0.0016
3,5592,0.0016
3,5262,0.0016
3,5941,0.0016
3,5813,0.0016
3,10031,0.0016
3,8789,0.0016
3,6485,0.0016
3,7666,0.0016
3,9101,0.0016
3,5315,0.0016
3,9501,0.0016
3,9438,0.0016
3,8299,0.0015
3,6910,0.0015
3,8609,0.0015
3,10029,0.0015
3,5639,0.0015
3,6574,0.0015
3,9179,0.0015
3,6659,0.0015
3,7093,0.0015
3,5696,0.0015
3,9985,0.0015
3,5307,0.0015
3,6368,0.0015
3,9545,0.0015
3,8133,0.0015
3,6927,0.0015
3,5765,0.0015
3,7699,0.0015
3,8314,0.0015
3,8336,0.0015
3,7450,0.0015
3,8822,0.0014
3,8448,0.0014
3,9186,0.0014
3,9090,0.0014
3,5377,0.0014
3,5114,0.0014
3,6291,0.0014
3,6263,0.0014
3,8604,0.0014
3,5115,0.0014
3,8874,0.0014
3,7086,0.0014
3,7206,0.0014
3,7232,0.0014
3,9550,0.0014
3,9541,0.0014
3,8797,0.0014
3,6494,0.0014
3,9116,0.0014
3,9052,0.0014
3,9344,0.0014
3,8057,0.0014
3,8313,0.0014
3,5629,0.0014
3,5646,0.0014
3,8883,0.0013
3,6863,0.0013
3,8585,0.0013
3,9542,0.0013
3,5304,0.0013
3,5538,0.0013
3,5293,0.0013
3,9831,0.0013
3,5033,0.0013
3,6212,0.0013
3,9312,0.0013
3,8613,0.0013
3,5558,0.0013
3,9091,0.0013
3,7747,0.0013
3,8774,0.0013
3,5329,0.0013
3,5144,0.0013
3,7121,0.0013
3,5727,0.0013
3,6325,0.0012
3,7050,0.0012
3,7869,0.0012
3,9092,0.0012
3,5776,0.0012
3,5396,0.0012
3,5100,0.0012
3,7683,0.0012
3,8063,0.0012
3,10020,0.0012
3,8912,0.0012
3,5107,0.0012
3,7054,0.0012
3,6469,0.0012
3,9537,0.0012
3,8377,0.0012
3,6902,0.0012
3,9549,0.0012
3,5811,0.0012
3,7851,0.0012
3,9339,0.0012
3,6171,0.0011
3,6605,0.0011
3,6437,0.0011
3,9945,0.0011
3,6925,0.0011
3,9081,0.0011
3,8554,0.0011
3,7684,0.0010
3,6834,0.0010
3,5036,0.0010
3,9685,0.0010
3,6381,0.0010
3,6473,0.0010
3,5291,0.0009
3,7787,0.0009
3,7873,0.0009
3,7063,0.0009
3,6738,0.0009
3,6916,0.0009
3,5119,0.0009
3,7719,0.0009
3,7686,0.0008
3,8058,0.0008
3,8939,0.0008
3,8445,0.0008
3,7788,0.0007
3,6602,0.0007
3,8374,0.0007
3,5449,0.0007
3,8245,0.0007
3,5338,0.0007
3,7713,0.0006
4,6277,0.0937
4,9611,0.0909
4,8108,0.0902
4,9486,0.0706
4,8087,0.0700
4,9489,0.0596
4,9759,0.0581
4,7119,0.0577
4,6109,0.0565
4,5503,0.0551
4,9012,0.0539
4,8461,0.0501
4,5554,0.0484
4,9006,0.0471
4,7323,0.0457
4,9369,0.0447
4,6492,0.0447
4,7743,0.0421
4,6777,0.0408
4,6932,0.0370
4,8184,0.0351
4,5499,0.0342
4,9556,0.0342
4,9877,0.0334
4,9408,0.0331
4,9937,0.0329
4,7089,0.0328
4,9455,0.0312
4,8470,0.0309
4,9388,0.0304
4,7362,0.0303
4,6924,0.0300
4,7423,0.0295
4,7967,0.0293
4,9081,0.0289
4,7652,0.0289
4,8342,0.0285
4,9949,0.0283
4,6400,0.0281
4,9462,0.0280
4,7523,0.0278
4,8172,0.0275
4,7427,0.0271
4,6333,0.0271
4,8339,0.0270
4,8229,0.0269
4,8874,0.0268
4,7786,0.0268
4,9559,0.0267
4,9106,0.0266
4,8083,0.0265
4,5514,0.0264
4,9764,0.0262
4,9750,0.0261
4,9265,0.0261
4,5512,0.0261
4,8731,0.0259
4,8455,0.0257
4,9865,0.0255
4,7754,0.0254
4,8457,0.0254
4,6302,0.0253
4,7013,0.0253
4,9098,0.0253
4,7277,0.0250
4,6105,0.0250
4,8661,0.0250
4,7375,0.0249
4,8554,0.0249
4,6673,0.0248
4,6970,0.0248
4,9103,0.0247
4,9604,0.0247
4,8151,0.0246
4,9941,0.0246
4,9951,0.0245
4,9008,0.0245
4,7946,0.0243
4,9946,0.0240
4,5891,0.0240
4,7741,0.0236
4,7116,0.0236
4,7937,0.0236
4,7360,0.0235
4,7941,0.0234
4,9623,0.0234
4,9566,0.0233
4,6782,0.0233
4,5644,0.0231
4,7763,0.0231
4,6921,0.0231
4,9286,0.0231
4,5649,0.0231
4,7198,0.0230
4,9397,0.0228
4,5052,0.0228
4,5888,0.0227
4,5566,0.0227
4,9088,0.0226
4,9393,0.0226
4,6295,0.0225
4,5602,0.0222
4,5140,0.0221
4,7348,0.0221
4,5124,0.0221
4,7954,0.0219
4,8574,0.0219
4,8174,0.0217
4,8613,0.0216
4,5010,0.0215
4,7948,0.0215
4,8672,0.0214
4,6474,0.0213
4,9092,0.0211
4,9271,0.0210
4,5337,0.0210
4,7942,0.0208
4,8571,0.0208
4,7760,0.0208
4,6495,0.0207
4,9339,0.0207
4,5025,0.0206
4,7984,0.0206
4,5417,0.0204
4,6923,0.0204
4,7467,0.0203
4,9112,0.0202
4,6304,0.0202
4,7352,0.0201
4,6838,0.0200
4,6257,0.0199
4,7500,0.0196
4,9664,0.0196
4,5653,0.0196
4,5409,0.0195
4,5856,0.0195
4,5854,0.0195
4,7125,0.0194
4,9834,0.0193
4,8495,0.0192
4,6681,0.0191
4,5333,0.0191
4,6682,0.0191
4,6882,0.0190
4,5003,0.0190
4,7534,0.0190
4,9864,0.0189
4,9219,0.0189
4,6563,0.0189
4,7639,0.0188
4,8319,0.0188
4,5871,0.0188
4,6097,0.0188
4,5092,0.0188
4,9516,0.0187
4,5328,0.0187
4,6417,0.0186
4,8426,0.0186
4,7342,0.0186
4,7661,0.0186
4,5439,0.0186
4,7930,0.0186
4,8659,0.0186
4,7738,0.0186
4,9565,0.0186
4,9201,0.0185
4,6496,0.0185
4,6469,0.0185
4,5129,0.0185
4,9517,0.0184
4,6895,0.0184
4,8164,0.0184
4,7111,0.0184
4,9024,0.0184
4,5630,0.0184
4,9250,0.0184
4,6536,0.0183
4,9728,0.0183
4,9091,0.0183
4,6648,0.0182
4,8627,0.0182
4,7114,0.0181
4,6906,0.0181
4,9149,0.0180
4,9660,0.0180
4,5318,0.0180
4,5997,0.0179
4,9573,0.0179
4,9159,0.0179
4,7350,0.0178
4,5546,0.0178
4,6560,0.0178
4,5011,0.0177
4,5650,0.0176
4,7145,0.0176
4,7824,0.0176
4,8347,0.0175
4,8195,0.0175
4,9868,0.0174
4,5762,0.0174
4,6668,0.0173
4,7837,0.0173
4,8879,0.0173
4,6873,0.0172
4,5655,0.0172
4,5313,0.0171
4,9912,0.0171
4,5500,0.0171
4,8792,0.0171
4,9943,0.0171
4,6005,0.0170
4,5397,0.0169
4,8877,0.0169
4,5558,0.0169
4,5327,0.0169
4,5863,0.0168
4,8888,0.0168
4,9492,0.0168
4,5817,0.0168
4,5898,0.0167
4,9811,0.0167
4,5497,0.0167
4,9442,0.0167
4,9302,0.0166
4,8307,0.0165
4,5261,0.0165
4,7226,0.0164
4,8190,0.0164
4,7317,0.0163
4,6645,0.0163
4,8873,0.0163
4,5645,0.0163
4,6992,0.0163
4,9295,0.0162
4,7951,0.0161
4,6305,0.0161
4,5122,0.0160
4,6067,0.0160
4,6074,0.0159
4,5002,0.0158
4,7589,0.0158
4,8185,0.0158
4,7096,0.0158
4,5725,0.0158
4,6635,0.0158
4,6860,0.0157
4,9567,0.0157
4,7551,0.0157
4,5312,0.0157
4,5746,0.0156
4,6555,0.0156
4,7689,0.0156
4,9443,0.0156
4,6106,0.0155
4,7755,0.0155
4,6943,0.0155
4,7751,0.0155
4,9875,0.0155
4,6998,0.0154
4,8010,0.0154
4,5400,0.0154
4,9665,0.0154
4,8130,0.0154
4,7361,0.0154
4,8692,0.0153
4,6114,0.0153
4,6719,0.0153
4,9554,0.0153
4,6337,0.0153
4,5797,0.0152
4,8628,0.0152
4,8849,0.0152
4,9749,0.0152
4,7132,0.0152
4,7129,0.0151
4,9095,0.0151
4,7077,0.0151
4,6058,0.0151
4,5266,0.0151
4,5183,0.0151
4,6570,0.0151
4,6558,0.0151
4,9102,0.0151
4,7992,0.0151
4,7833,0.0150
4,5133,0.0150
4,5211,0.0150
4,7370,0.0149
4,8678,0.0149
4,7610,0.0148
4,6505,0.0148
4,8854,0.0148
4,9082,0.0148
4,5161,0.0148
4,9096,0.0148
4,8670,0.0147
4,6310,0.0147
4,6052,0.0146
4,5315,0.0146
4,7739,0.0146
4,8458,0.0146
4,8348,0.0145
4,6949,0.0145
4,7425,0.0145
4,9154,0.0144
4,6117,0.0144
4,9167,0.0144
4,6877,0.0143
4,9203,0.0143
4,5559,0.0143
4,8569,0.0142
4,8433,0.0142
4,7437,0.0142
4,6237,0.0142
4,9269,0.0142
4,5820,0.0142
4,5034,0.0142
4,6085,0.0141
4,7965,0.0141
4,6478,0.0141
4,8073,0.0141
4,5994,0.0141
4,6561,0.0141
4,6784,0.0140
4,9171,0.0140
4,9109,0.0140
4,8080,0.0139
4,9958,0.0139
4,7762,0.0139
4,9084,0.0138
4,5436,0.0138
4,7924,0.0138
4,5009,0.0137
4,7010,0.0137
4,9796,0.0137
4,5647,0.0137
4,5621,0.0137
4,8577,0.0136
4,7405,0.0136
4,7163,0.0135
4,6930,0.0135
4,5662,0.0135
4,5878,0.0135
4,7088,0.0135
4,7118,0.0135
4,8726,0.0134
4,8679,0.0134
4,6364,0.0134
4,9097,0.0134
4,6676,0.0134
4,5310,0.0134
4,6192,0.0133
4,9563,0.0133
4,5930,0.0133
4,9791,0.0133
4,5945,0.0133
4,5865,0.0132
4,9277,0.0132
4,6675,0.0132
4,6964,0.0131
4,6781,0.0131
4,9738,0.0131
4,7622,0.0131
4,8754,0.0131
4,7549,0.0131
4,5043,0.0131
4,7832,0.0130
4,6382,0.0130
4,5887,0.0130
4,7126,0.0130
4,9988,0.0130
4,5946,0.0129
4,5794,0.0129
4,7826,0.0129
4,7746,0.0129
4,7863,0.0129
4,8323,0.0128
4,7332,0.0128
4,9169,0.0128
4,6500,0.0128
4,6641,0.0128
4,5769,0.0128
4,9151,0.0127
4,8442,0.0127
4,8510,0.0127
4,7321,0.0127
4,7130,0.0127
4,5666,0.0126
4,8641,0.0126
4,5377,0.0126
4,5125,0.0126
4,6692,0.0126
4,8987,0.0126
4,9221,0.0126
4,7882,0.0125
4,7319,0.0125
4,5077,0.0125
4,9085,0.0125
4,5275,0.0125
4,7748,0.0125
4,8207,0.0124
4,8008,0.0124
4,9487,0.0124
4,8729,0.0124
4,9377,0.0124
4,5648,0.0124
4,7854,0.0123
4,6557,0.0123
4,5567,0.0123
4,9087,0.0123
4,9390,0.0123
4,6494,0.0122
4,9813,0.0122
4,8175,0.0122
4,6504,0.0122
4,6481,0.0121
4,9104,0.0121
4,6978,0.0121
4,5384,0.0120
4,6006,0.0120
4,9568,0.0120
4,6104,0.0120
4,5135,0.0120
4,9525,0.0120
4,9280,0.0120
4,7014,0.0119
4,5131,0.0119
4,6755,0.0119
4,8847,0.0119
4,7127,0.0119
4,9089,0.0119
4,5651,0.0119
4,5378,0.0119
4,9745,0.0119
4,8976,0.0119
4,7426,0.0118
4,9545,0.0118
4,6134,0.0118
4,5609,0.0118
4,8994,0.0117
4,9392,0.0117
4,5640,0.0117
4,6307,0.0117
4,5192,0.0117
4,7747,0.0117
4,6778,0.0117
4,7949,0.0117
4,7919,0.0117
4,6994,0.0117
4,8115,0.0116
4,8989,0.0116
4,6691,0.0116
4,8715,0.0116
4,5638,0.0116
4,6497,0.0115
4,8085,0.0115
4,7533,0.0115
4,6001,0.0115
4,6256,0.0115
4,8009,0.0115
4,7407,0.0115
4,6311,0.0114
4,7742,0.0114
4,6794,0.0114
4,7862,0.0114
4,6606,0.0114
4,9746,0.0114
4,5380,0.0114
4,7363,0.0114
4,5581,0.0114
4,5123,0.0113
4,8308,0.0113
4,6543,0.0113
4,9282,0.0113
4,6797,0.0113
4,9783,0.0112
4,8043,0.0112
4,8575,0.0112
4,6803,0.0112
4,8024,0.0112
4,5127,0.0111
4,9872,0.0111
4,9086,0.0111
4,6977,0.0111
4,6646,0.0111
4,7947,0.0111
4,6217,0.0111
4,5932,0.0110
4,8464,0.0110
4,6853,0.0110
4,7853,0.0110
4,8044,0.0110
4,5222,0.0110
4,9755,0.0109
4,7568,0.0109
4,6145,0.0109
4,8876,0.0109
4,6296,0.0108
4,6487,0.0108
4,5504,0.0108
4,9910,0.0108
4,7529,0.0108
4,6955,0.0108
4,8415,0.0108
4,8607,0.0108
4,6689,0.0108
4,6000,0.0107
4,7530,0.0107
4,9634,0.0107
4,7359,0.0107
4,6942,0.0107
4,5158,0.0106
4,9148,0.0106
4,8743,0.0106
4,9795,0.0106
4,6378,0.0106
4,5759,0.0106
4,5639,0.0106
4,6133,0.0106
4,8278,0.0106
4,5915,0.0106
4,8188,0.0106
4,8103,0.0105
4,8279,0.0105
4,7382,0.0105
4,8546,0.0105
4,8660,0.0105
4,8982,0.0105
4,8337,0.0104
4,5792,0.0104
4,7825,0.0104
4,5017,0.0104
4,8677,0.0104
4,7403,0.0104
4,8573,0.0104
4,9083,0.0104
4,8361,0.0104
4,9771,0.0104
4,6920,0.0104
4,7136,0.0104
4,8533,0.0104
4,7834,0.0104
4,6002,0.0104
4,6966,0.0104
4,8202,0.0104
4,6831,0.0104
4,5197,0.0104
4,5603,0.0104
4,9703,0.0103
4,5410,0.0103
4,6396,0.0103
4,7943,0.0103
4,5595,0.0103
4,7839,0.0103
4,5579,0.0103
4,9391,0.0103
4,8740,0.0103
4,7133,0.0102
4,9950,0.0102
4,9597,0.0102
4,6588,0.0102
4,6425,0.0102
4,8957,0.0102
4,5826,0.0102
4,8238,0.0101
4,6833,0.0101
4,6284,0.0101
4,7956,0.0101
4,5809,0.0101
4,5165,0.0101
4,6326,0.0100
4,8578,0.0100
4,7357,0.0100
4,6120,0.0100
4,5701,0.0100
4,6559,0.0100
4,8612,0.0100
4,5673,0.0100
4,6128,0.0099
4,7377,0.0099
4,9220,0.0099
4,5120,0.0099
4,9992,0.0099
4,5652,0.0099
4,9948,0.0098
4,5578,0.0098
4,6501,0.0098
4,9077,0.0098
4,8390,0.0098
4,7780,0.0098
4,7940,0.0098
4,9214,0.0098
4,5641,0.0098
4,5727,0.0098
4,6102,0.0098
4,9105,0.0098
4,5178,0.0098
4,6486,0.0097
4,6862,0.0097
4,5637,0.0097
4,7101,0.0097
4,8681,0.0097
4,8878,0.0097
4,6802,0.0097
4,9569,0.0097
4,7531,0.0097
4,5022,0.0096
4,8751,0.0096
4,5505,0.0096
4,7174,0.0096
4,8468,0.0096
4,6499,0.0095
4,6565,0.0095
4,8913,0.0095
4,8346,0.0095
4,8940,0.0095
4,5876,0.0095
4,9328,0.0095
4,9315,0.0095
4,8667,0.0095
4,9694,0.0095
4,5142,0.0095
4,5597,0.0095
4,9275,0.0094
4,7939,0.0094
4,9395,0.0094
4,8625,0.0094
4,7456,0.0094
4,6793,0.0094
4,5589,0.0094
4,9976,0.0094
4,5695,0.0093
4,7985,0.0093
4,9655,0.0093
4,6377,0.0093
4,8685,0.0093
4,6393,0.0093
4,5307,0.0093
4,6861,0.0093
4,7608,0.0093
4,7740,0.0093
4,6430,0.0093
4,9519,0.0093
4,7907,0.0092
4,7117,0.0092
4,6854,0.0092
4,5498,0.0092
4,9398,0.0092
4,6662,0.0092
4,5308,0.0092
4,5168,0.0092
4,9603,0.0092
4,8491,0.0092
4,8388,0.0092
4,6468,0.0091
4,7011,0.0091
4,9152,0.0091
4,9561,0.0091
4,9472,0.0091
4,6967,0.0091
4,5509,0.0091
4,7150,0.0091
4,6079,0.0090
4,8765,0.0090
4,6070,0.0090
4,7090,0.0090
4,6925,0.0090
4,8973,0.0090
4,8884,0.0090
4,9677,0.0090
4,7390,0.0090
4,9161,0.0090
4,5134,0.0090
4,6150,0.0090
4,8088,0.0090
4,8769,0.0090
4,6750,0.0089
4,9119,0.0089
4,5928,0.0089
4,6156,0.0089
4,7315,0.0089
4,10008,0.0088
4,9292,0.0088
4,7654,0.0088
4,6944,0.0088
4,9416,0.0088
4,8875,0.0088
4,8096,0.0088
4,9975,0.0088
4,6780,0.0088
4,8990,0.0088
4,9904,0.0087
4,5929,0.0087
4,8312,0.0087
4,6683,0.0087
4,6745,0.0087
4,9931,0.0087
4,5813,0.0087
4,9150,0.0087
4,6931,0.0087
4,9558,0.0087
4,6327,0.0087
4,9440,0.0086
4,6574,0.0086
4,7158,0.0086
4,5172,0.0086
4,7398,0.0086
4,8377,0.0086
4,8674,0.0086
4,7950,0.0086
4,9071,0.0086
4,8805,0.0086
4,5674,0.0086
4,6467,0.0086
4,9969,0.0086
4,6148,0.0086
4,5209,0.0086
4,9113,0.0085
4,6909,0.0085
4,8484,0.0085
4,8082,0.0085
4,6331,0.0085
4,5516,0.0085
4,7918,0.0085
4,7599,0.0085
4,6033,0.0085
4,8169,0.0085
4,7436,0.0085
4,8954,0.0085
4,7538,0.0085
4,9732,0.0084
4,5173,0.0084
4,7278,0.0084
4,6738,0.0084
4,5697,0.0084
4,8475,0.0084
4,9743,0.0084
4,8538,0.0084
4,8234,0.0084
4,9672,0.0083
4,7847,0.0083
4,7686,0.0083
4,8579,0.0083
4,5234,0.0083
4,6321,0.0083
4,6210,0.0083
4,5518,0.0083
4,6875,0.0083
4,5000,0.0083
4,6298,0.0082
4,5901,0.0082
4,9851,0.0082
4,6488,0.0082
4,8965,0.0082
4,5571,0.0082
4,7021,0.0082
4,6874,0.0082
4,9349,0.0082
4,9289,0.0082
4,6516,0.0082
4,5756,0.0082
4,5031,0.0082
4,6034,0.0082
4,5242,0.0081
4,7691,0.0081
4,6583,0.0081
4,9080,0.0081
4,6138,0.0081
4,6571,0.0081
4,8959,0.0081
4,9553,0.0081
4,5654,0.0081
4,7154,0.0081
4,7399,0.0081
4,8664,0.0081
4,8512,0.0081
4,9685,0.0081
4,8176,0.0081
4,5132,0.0081
4,7147,0.0081
4,6521,0.0080
4,7901,0.0080
4,7952,0.0080
4,6003,0.0080
4,5249,0.0080
4,8340,0.0080
4,8247,0.0080
4,5130,0.0080
4,7009,0.0079
4,8984,0.0079
4,7962,0.0079
4,6476,0.0079
4,9005,0.0079
4,7185,0.0079
4,6933,0.0079
4,5715,0.0079
4,5963,0.0079
4,6734,0.0079
4,7392,0.0079
4,9418,0.0079
4,8520,0.0079
4,5298,0.0079
4,9404,0.0079
4,7047,0.0078
4,7134,0.0078
4,8576,0.0078
4,6929,0.0078
4,7855,0.0078
4,8592,0.0078
4,8514,0.0078
4,9555,0.0078
4,6671,0.0078
4,9396,0.0078
4,8986,0.0077
4,8883,0.0077
4,5376,0.0077
4,7831,0.0077
4,9164,0.0077
4,6306,0.0077
4,6118,0.0077
4,7938,0.0077
4,8315,0.0077
4,8406,0.0077
4,8474,0.0077
4,6030,0.0077
4,9765,0.0077
4,7537,0.0077
4,9810,0.0076
4,6919,0.0076
4,7167,0.0076
4,6083,0.0076
4,8341,0.0076
4,5745,0.0076
4,6375,0.0076
4,8697,0.0076
4,9542,0.0076
4,6325,0.0076
4,9206,0.0076
4,8329,0.0076
4,8951,0.0075
4,5949,0.0075
4,9497,0.0075
4,7396,0.0075
4,6299,0.0075
4,6057,0.0075
4,5911,0.0075
4,8287,0.0075
4,9578,0.0075
4,9748,0.0075
4,6795,0.0075
4,5703,0.0075
4,7415,0.0075
4,7012,0.0075
4,5517,0.0075
4,6115,0.0075
4,7555,0.0075
4,6199,0.0075
4,7451,0.0075
4,7675,0.0075
4,7978,0.0074
4,6301,0.0074
4,8092,0.0074
4,5001,0.0074
4,9291,0.0074
4,8402,0.0074
4,8437,0.0074
4,5767,0.0074
4,9287,0.0074
4,7419,0.0074
4,8364,0.0074
4,7598,0.0074
4,8380,0.0074
4,7957,0.0074
4,9662,0.0074
4,5121,0.0074
4,5373,0.0074
4,5299,0.0074
4,6525,0.0074
4,5884,0.0074
4,5897,0.0074
4,5037,0.0074
4,6960,0.0074
4,9346,0.0074
4,9902,0.0074
4,6149,0.0073
4,8700,0.0073
4,7756,0.0073
4,8483,0.0073
4,7128,0.0073
4,8260,0.0073
4,9557,0.0073
4,9046,0.0073
4,5877,0.0073
4,7173,0.0073
4,9475,0.0073
4,7328,0.0073
4,9351,0.0073
4,9698,0.0073
4,7193,0.0073
4,8687,0.0073
4,8076,0.0073
4,5502,0.0073
4,8129,0.0073
4,5796,0.0073
4,7777,0.0072
4,9769,0.0072
4,8086,0.0072
4,6824,0.0072
4,6308,0.0072
4,9444,0.0072
4,5535,0.0072
4,5977,0.0072
4,5931,0.0072
4,6848,0.0072
4,7172,0.0072
4,9436,0.0072
4,9099,0.0072
4,7736,0.0072
4,7590,0.0072
4,7469,0.0071
4,9940,0.0071
4,5226,0.0071
4,5889,0.0071
4,6044,0.0071
4,6483,0.0071
4,8456,0.0071
4,9778,0.0071
4,7232,0.0071
4,6125,0.0071
4,9674,0.0070
4,7653,0.0070
4,9878,0.0070
4,8099,0.0070
4,6189,0.0070
4,8500,0.0070
4,5861,0.0070
4,7757,0.0070
4,5708,0.0070
4,5886,0.0070
4,6876,0.0070
4,9983,0.0070
4,9262,0.0070
4,8859,0.0070
4,6807,0.0070
4,8970,0.0069
4,5903,0.0069
4,9614,0.0069
4,6493,0.0069
4,8177,0.0069
4,6720,0.0069
4,6590,0.0069
4,5501,0.0069
4,6732,0.0069
4,8939,0.0069
4,7221,0.0069
4,9605,0.0069
4,7759,0.0069
4,10019,0.0068
4,6881,0.0068
4,5489,0.0068
4,8465,0.0068
4,6678,0.0068
4,8497,0.0068
4,7275,0.0068
4,7372,0.0068
4,6498,0.0068
4,7474,0.0068
4,6212,0.0068
4,7124,0.0068
4,6073,0.0068
4,6103,0.0068
4,7752,0.0068
4,7669,0.0068
4,6820,0.0067
4,7899,0.0067
4,8225,0.0067
4,9956,0.0067
4,8680,0.0067
4,5766,0.0067
4,8693,0.0067
4,9285,0.0067
4,9308,0.0067
4,5916,0.0067
4,8196,0.0067
4,6459,0.0067
4,7070,0.0067
4,9216,0.0067
4,7049,0.0067
4,7135,0.0067
4,7387,0.0067
4,9831,0.0066
4,5894,0.0066
4,9263,0.0066
4,8291,0.0066
4,7553,0.0066
4,9162,0.0066
4,6947,0.0066
4,6798,0.0066
4,9668,0.0066
4,6927,0.0066
4,6968,0.0066
4,5074,0.0066
4,9515,0.0066
4,5698,0.0066
4,5529,0.0066
4,5882,0.0066
4,8506,0.0066
4,9155,0.0065
4,6684,0.0065
4,6917,0.0065
4,8720,0.0065
4,7927,0.0065
4,9324,0.0065
4,7655,0.0065
4,5774,0.0065
4,6443,0.0065
4,9871,0.0065
4,6515,0.0065
4,7008,0.0065
4,7121,0.0065
4,6661,0.0065
4,7084,0.0065
4,5007,0.0065
4,6131,0.0065
4,7615,0.0065
4,5816,0.0065
4,9639,0.0065
4,7484,0.0065
4,5685,0.0065
4,8303,0.0065
4,6517,0.0065
4,5821,0.0065
4,8218,0.0065
4,5900,0.0064
4,9893,0.0064
4,8454,0.0064
4,9751,0.0064
4,6855,0.0064
4,5193,0.0064
4,7386,0.0064
4,9763,0.0064
4,8114,0.0064
4,6112,0.0064
4,5881,0.0064
4,6836,0.0064
4,5541,0.0064
4,5899,0.0063
4,6351,0.0063
4,6939,0.0063
4,6031,0.0063
4,10035,0.0063
4,6601,0.0063
4,6604,0.0063
4,10016,0.0063
4,6489,0.0063
4,9540,0.0063
4,8187,0.0063
4,5540,0.0063
4,9314,0.0063
4,7532,0.0063
4,6460,0.0063
4,9762,0.0063
4,6856,0.0063
4,9499,0.0063
4,8944,0.0063
4,7878,0.0063
4,6291,0.0062
4,6688,0.0062
4,7592,0.0062
4,5506,0.0062
4,7199,0.0062
4,8561,0.0062
4,7016,0.0062
4,5948,0.0062
4,8004,0.0062
4,6475,0.0062
4,7646,0.0062
4,8408,0.0062
4,8318,0.0062
4,7980,0.0062
4,5114,0.0062
4,5562,0.0062
4,9120,0.0062
4,9571,0.0062
4,8671,0.0062
4,9264,0.0062
4,7603,0.0061
4,9386,0.0061
4,6068,0.0061
4,6973,0.0061
4,6672,0.0061
4,5880,0.0061
4,9564,0.0061
4,5704,0.0061
4,8451,0.0061
4,8034,0.0061
4,8116,0.0061
4,9947,0.0061
4,6913,0.0061
4,9274,0.0060
4,6116,0.0060
4,6972,0.0060
4,6424,0.0060
4,8320,0.0060
4,6995,0.0060
4,6121,0.0060
4,5311,0.0060
4,8572,0.0060
4,7164,0.0060
4,9678,0.0060
4,7355,0.0060
4,6365,0.0060
4,10025,0.0060
4,8081,0.0060
4,7720,0.0060
4,5947,0.0060
4,10018,0.0059
4,9362,0.0059
4,7758,0.0059
4,8235,0.0059
4,8000,0.0059
4,8651,0.0059
4,9967,0.0059
4,5830,0.0059
4,7866,0.0059
4,7280,0.0059
4,5668,0.0059
4,7761,0.0059
4,5014,0.0059
4,5958,0.0059
4,9128,0.0059
4,9283,0.0059
4,9610,0.0058
4,7840,0.0058
4,9266,0.0058
4,6747,0.0058
4,9174,0.0058
4,8011,0.0058
4,8673,0.0058
4,9049,0.0058
4,7225,0.0058
4,9602,0.0058
4,6714,0.0058
4,5926,0.0058
4,8363,0.0058
4,5026,0.0058
4,6188,0.0058
4,5194,0.0058
4,6717,0.0058
4,9840,0.0058
4,5513,0.0058
4,5765,0.0058
4,9533,0.0057
4,7769,0.0057
4,9954,0.0057
4,6618,0.0057
4,5157,0.0057
4,9596,0.0057
4,6918,0.0057
4,5657,0.0057
4,7585,0.0057
4,9062,0.0057
4,7662,0.0057
4,5917,0.0057
4,5670,0.0057
4,5768,0.0057
4,8241,0.0057
4,5348,0.0057
4,5305,0.0057
4,7998,0.0057
4,5672,0.0056
4,8351,0.0056
4,5480,0.0056
4,7148,0.0056
4,9809,0.0056
4,5507,0.0056
4,6751,0.0056
4,7973,0.0056
4,5753,0.0056
4,7528,0.0056
4,5560,0.0056
4,8611,0.0056
4,7309,0.0056
4,9960,0.0056
4,9223,0.0055
4,6575,0.0055
4,9570,0.0055
4,7764,0.0055
4,5067,0.0055
4,8147,0.0055
4,9278,0.0055
4,9100,0.0055
4,9562,0.0055
4,9176,0.0055
4,5561,0.0055
4,9101,0.0055
4,6294,0.0055
4,7830,0.0055
4,5492,0.0055
4,6796,0.0055
4,5795,0.0055
4,7704,0.0055
4,6703,0.0055
4,5569,0.0055
4,9959,0.0055
4,8891,0.0055
4,8800,0.0055
4,6770,0.0055
4,5733,0.0055
4,7482,0.0055
4,7873,0.0055
4,7187,0.0054
4,9592,0.0054
4,7971,0.0054
4,5012,0.0054
4,8440,0.0054
4,5711,0.0054
4,8236,0.0054
4,7671,0.0054
4,6035,0.0054
4,5807,0.0054
4,6879,0.0054
4,8892,0.0054
4,8963,0.0054
4,5148,0.0054
4,7169,0.0054
4,9156,0.0054
4,6155,0.0053
4,5622,0.0053
4,9663,0.0053
4,6779,0.0053
4,9589,0.0053
4,9235,0.0053
4,9261,0.0053
4,8084,0.0053
4,8344,0.0053
4,9179,0.0053
4,8840,0.0053
4,9974,0.0053
4,5089,0.0053
4,5175,0.0053
4,6707,0.0052
4,8880,0.0052
4,5220,0.0052
4,7616,0.0052
4,7481,0.0052
4,6607,0.0052
4,9944,0.0052
4,8728,0.0052
4,6984,0.0052
4,9989,0.0052
4,5255,0.0052
4,9073,0.0052
4,7230,0.0052
4,9294,0.0052
4,8375,0.0052
4,7916,0.0052
4,7838,0.0052
4,6383,0.0052
4,10024,0.0052
4,8676,0.0052
4,10032,0.0052
4,6702,0.0051
4,9474,0.0051
4,5490,0.0051
4,5314,0.0051
4,7745,0.0051
4,6263,0.0051
4,5117,0.0051
4,7123,0.0051
4,8338,0.0051
4,5464,0.0051
4,7974,0.0051
4,5859,0.0051
4,5784,0.0051
4,8259,0.0051
4,9591,0.0051
4,9327,0.0050
4,9830,0.0050
4,7800,0.0050
4,6339,0.0050
4,5656,0.0050
4,9192,0.0050
4,6216,0.0050
4,9042,0.0050
4,7424,0.0050
4,6107,0.0050
4,5141,0.0050
4,8255,0.0050
4,8469,0.0050
4,9684,0.0050
4,5952,0.0050
4,8467,0.0050
4,6318,0.0050
4,7578,0.0050
4,5068,0.0050
4,8105,0.0050
4,5018,0.0050
4,9526,0.0050
4,8124,0.0049
4,6440,0.0049
4,6004,0.0049
4,6288,0.0049
4,6748,0.0049
4,6704,0.0049
4,8482,0.0049
4,8955,0.0049
4,9535,0.0049
4,5950,0.0049
4,5993,0.0049
4,7744,0.0049
4,8605,0.0049
4,7366,0.0049
4,6722,0.0049
4,7563,0.0049
4,8662,0.0048
4,5686,0.0048
4,7457,0.0048
4,6721,0.0048
4,9326,0.0048
4,9448,0.0048
4,8885,0.0048
4,5104,0.0048
4,8920,0.0048
4,6733,0.0048
4,7293,0.0048
4,7354,0.0048
4,7227,0.0048
4,8585,0.0048
4,9059,0.0048
4,5973,0.0048
4,9612,0.0048
4,6452,0.0048
4,8804,0.0048
4,7452,0.0048
4,9719,0.0047
4,8026,0.0047
4,7087,0.0047
4,5951,0.0047
4,5144,0.0047
4,6556,0.0047
4,9734,0.0047
4,6427,0.0047
4,8716,0.0047
4,9532,0.0047
4,5808,0.0047
4,9549,0.0047
4,9524,0.0047
4,7778,0.0047
4,8803,0.0047
4,7823,0.0047
4,8012,0.0046
4,8019,0.0046
4,5866,0.0046
4,5967,0.0046
4,5300,0.0046
4,6126,0.0046
4,6008,0.0046
4,7550,0.0046
4,8504,0.0046
4,8445,0.0046
4,9172,0.0046
4,7771,0.0046
4,6757,0.0046
4,8972,0.0046
4,8736,0.0046
4,6178,0.0046
4,9741,0.0046
4,5783,0.0046
4,7326,0.0046
4,7605,0.0046
4,9560,0.0046
4,5995,0.0046
4,8005,0.0046
4,6395,0.0045
4,7960,0.0045
4,8486,0.0045
4,8901,0.0045
4,6773,0.0045
4,6135,0.0045
4,8112,0.0045
4,8223,0.0045
4,9131,0.0045
4,6423,0.0045
4,7964,0.0045
4,5236,0.0045
4,5691,0.0045
4,6036,0.0045
4,7857,0.0045
4,5309,0.0045
4,5904,0.0045
4,7710,0.0045
4,7115,0.0045
4,8822,0.0045
4,7279,0.0045
4,8938,0.0045
4,9869,0.0045
4,7726,0.0045
4,5614,0.0045
4,5793,0.0045
4,6851,0.0045
4,7558,0.0045
4,9530,0.0045
4,8148,0.0045
4,5748,0.0044
4,9523,0.0044
4,7644,0.0044
4,8127,0.0044
4,9276,0.0044
4,7273,0.0044
4,6491,0.0044
4,7872,0.0044
4,9957,0.0044
4,5522,0.0044
4,8003,0.0044
4,9908,0.0044
4,8453,0.0044
4,7149,0.0044
4,5433,0.0044
4,5126,0.0044
4,7152,0.0044
4,5176,0.0043
4,7552,0.0043
4,8843,0.0043
4,8912,0.0043
4,7228,0.0043
4,6934,0.0043
4,8832,0.0043
4,7574,0.0043
4,9546,0.0043
4,6821,0.0043
4,7001,0.0043
4,7966,0.0043
4,5359,0.0043
4,7367,0.0043
4,8472,0.0043
4,5696,0.0043
4,8686,0.0043
4,9267,0.0043
4,8258,0.0042
4,7176,0.0042
4,5496,0.0042
4,7069,0.0042
4,8485,0.0042
4,7144,0.0042
4,9094,0.0042
4,7334,0.0042
4,6991,0.0042
4,9548,0.0042
4,6503,0.0042
4,5381,0.0042
4,7351,0.0042
4,6259,0.0042
4,5962,0.0042
4,9028,0.0042
4,9880,0.0042
4,8133,0.0042
4,5862,0.0042
4,8452,0.0042
4,9222,0.0042
4,9648,0.0042
4,9955,0.0042
4,9389,0.0042
4,9917,0.0042
4,8311,0.0042
4,7611,0.0041
4,8562,0.0041
4,7086,0.0041
4,5291,0.0041
4,5303,0.0041
4,5351,0.0041
4,8193,0.0041
4,8663,0.0041
4,7107,0.0041
4,9072,0.0041
4,5521,0.0041
4,5918,0.0041
4,7364,0.0041
4,6910,0.0041
4,8691,0.0041
4,6696,0.0041
4,7083,0.0041
4,9239,0.0041
4,8858,0.0041
4,5229,0.0041
4,7749,0.0041
4,8122,0.0041
4,8794,0.0041
4,7490,0.0041
4,9590,0.0041
4,8890,0.0041
4,7502,0.0041
4,8558,0.0041
4,8590,0.0041
4,9803,0.0041
4,7709,0.0040
4,8224,0.0040
4,6240,0.0040
4,6518,0.0040
4,7513,0.0040
4,9697,0.0040
4,6269,0.0040
4,8062,0.0040
4,9212,0.0040
4,7068,0.0040
4,7310,0.0040
4,7634,0.0040
4,5564,0.0040
4,5118,0.0040
4,7773,0.0040
4,7886,0.0040
4,8881,0.0040
4,8724,0.0040
4,6282,0.0040
4,6404,0.0040
4,6602,0.0040
4,9543,0.0040
4,9356,0.0039
4,9108,0.0039
4,5764,0.0039
4,9204,0.0039
4,8838,0.0039
4,7281,0.0039
4,5763,0.0039
4,5269,0.0039
4,9744,0.0039
4,7159,0.0039
4,5604,0.0039
4,8756,0.0039
4,7066,0.0039
4,5941,0.0039
4,5402,0.0039
4,6753,0.0039
4,9551,0.0039
4,6054,0.0039
4,6711,0.0039
4,8239,0.0039
4,6297,0.0039
4,9772,0.0039
4,8675,0.0039
4,9598,0.0039
4,6248,0.0039
4,7779,0.0039
4,9323,0.0038
4,8744,0.0038
4,7081,0.0038
4,5326,0.0038
4,9972,0.0038
4,5761,0.0038
4,5902,0.0038
4,6171,0.0038
4,8245,0.0038
4,8966,0.0038
4,7373,0.0038
4,9290,0.0038
4,9837,0.0038
4,5717,0.0038
4,5023,0.0038
4,7408,0.0038
4,8305,0.0038
4,5613,0.0038
4,7428,0.0038
4,6154,0.0038
4,5936,0.0038
4,7579,0.0038
4,6266,0.0038
4,5953,0.0037
4,8586,0.0037
4,6608,0.0037
4,5432,0.0037
4,8446,0.0037
4,5428,0.0037
4,8192,0.0037
4,6961,0.0037
4,7732,0.0037
4,9979,0.0037
4,8518,0.0037
4,8842,0.0037
4,6089,0.0037
4,7062,0.0037
4,8961,0.0037
4,8301,0.0037
4,9403,0.0037
4,7184,0.0037
4,9625,0.0037
4,5294,0.0037
4,6215,0.0037
4,6731,0.0037
4,7851,0.0036
4,7085,0.0036
4,7142,0.0036
4,7353,0.0036
4,5323,0.0036
4,8496,0.0036
4,8414,0.0036
4,8918,0.0036
4,5245,0.0036
4,9246,0.0036
4,6193,0.0036
4,6324,0.0036
4,7931,0.0036
4,8232,0.0036
4,5879,0.0036
4,8684,0.0036
4,5527,0.0036
4,9004,0.0036
4,8150,0.0036
4,7844,0.0036
4,5705,0.0036
4,6959,0.0036
4,5289,0.0036
4,5016,0.0036
4,9531,0.0036
4,5694,0.0036
4,5969,0.0035
4,7157,0.0035
4,5924,0.0035
4,8796,0.0035
4,7389,0.0035
4,5166,0.0035
4,10033,0.0035
4,6564,0.0035
4,8298,0.0035
4,5379,0.0035
4,8762,0.0035
4,9180,0.0035
4,8328,0.0035
4,9968,0.0035
4,6238,0.0035
4,7435,0.0035
4,8652,0.0035
4,6098,0.0035
4,5221,0.0035
4,7223,0.0035
4,5020,0.0035
4,8299,0.0035
4,6640,0.0035
4,6805,0.0035
4,7556,0.0035
4,6985,0.0035
4,8410,0.0035
4,6699,0.0035
4,7981,0.0035
4,5563,0.0035
4,7459,0.0035
4,7454,0.0035
4,9942,0.0035
4,8449,0.0035
4,7696,0.0035
4,9347,0.0035
4,8219,0.0034
4,7827,0.0034
4,5996,0.0034
4,7517,0.0034
4,5047,0.0034
4,7735,0.0034
4,5646,0.0034
4,7729,0.0034
4,9241,0.0034
4,5959,0.0034
4,7224,0.0034
4,5629,0.0034
4,7492,0.0034
4,8170,0.0034
4,6705,0.0034
4,8974,0.0034
4,8869,0.0034
4,8826,0.0034
4,6971,0.0034
4,5279,0.0034
4,9547,0.0033
4,9067,0.0033
4,9014,0.0033
4,8732,0.0033
4,9739,0.0033
4,9729,0.0033
4,6100,0.0033
4,5532,0.0033
4,5179,0.0033
4,6589,0.0033
4,6444,0.0033
4,6591,0.0033
4,7766,0.0033
4,9812,0.0033
4,8806,0.0033
4,9761,0.0033
4,8505,0.0033
4,8427,0.0033
4,7402,0.0033
4,5814,0.0033
4,9805,0.0033
4,7455,0.0033
4,6566,0.0033
4,5482,0.0033
4,7920,0.0032
4,8448,0.0032
4,5319,0.0032
4,8441,0.0032
4,7850,0.0032
4,8007,0.0032
4,8205,0.0032
4,8591,0.0032
4,9679,0.0032
4,7131,0.0032
4,9807,0.0032
4,8960,0.0032
4,5332,0.0032
4,9044,0.0032
4,7668,0.0032
4,5066,0.0032
4,6915,0.0032
4,8528,0.0032
4,6823,0.0032
4,8532,0.0032
4,7702,0.0032
4,8654,0.0032
4,7162,0.0032
4,5937,0.0032
4,9587,0.0032
4,9844,0.0032
4,9823,0.0032
4,6012,0.0032
4,8181,0.0032
4,9075,0.0032
4,5970,0.0032
4,5799,0.0031
4,7842,0.0031
4,6099,0.0031
4,5890,0.0031
4,9421,0.0031
4,6466,0.0031
4,5100,0.0031
4,7170,0.0031
4,6273,0.0031
4,7794,0.0031
4,9667,0.0031
4,5111,0.0031
4,9236,0.0031
4,6841,0.0031
4,9310,0.0031
4,5288,0.0031
4,7347,0.0031
4,9616,0.0031
4,8376,0.0031
4,7151,0.0031
4,5538,0.0031
4,9322,0.0031
4,8079,0.0031
4,7871,0.0031
4,8134,0.0031
4,8499,0.0031
4,8823,0.0030
4,7166,0.0030
4,6180,0.0030
4,9638,0.0030
4,9544,0.0030
4,9504,0.0030
4,7495,0.0030
4,8425,0.0030
4,6660,0.0030
4,5776,0.0030
4,8666,0.0030
4,9320,0.0030
4,5470,0.0030
4,8293,0.0030
4,8065,0.0030
4,7787,0.0030
4,6157,0.0030
4,8186,0.0030
4,9461,0.0030
4,8327,0.0030
4,8262,0.0029
4,9721,0.0029
4,8431,0.0029
4,9713,0.0029
4,9582,0.0029
4,8355,0.0029
4,9090,0.0029
4,8808,0.0029
4,6953,0.0029
4,5999,0.0029
4,6891,0.0029
4,5600,0.0029
4,9025,0.0029
4,9318,0.0029
4,6181,0.0029
4,9661,0.0029
4,7341,0.0029
4,8211,0.0029
4,8818,0.0029
4,5153,0.0029
4,8807,0.0029
4,5085,0.0029
4,6903,0.0029
4,5238,0.0029
4,8817,0.0029
4,5688,0.0029
4,5737,0.0029
4,7791,0.0029
4,7715,0.0029
4,9633,0.0028
4,6709,0.0028
4,8893,0.0028
4,9437,0.0028
4,5297,0.0028
4,9518,0.0028
4,5019,0.0028
4,8160,0.0028
4,9541,0.0028
4,7448,0.0028
4,6246,0.0028
4,6213,0.0028
4,9710,0.0028
4,6258,0.0028
4,7395,0.0028
4,7179,0.0028
4,7109,0.0028
4,7471,0.0028
4,5292,0.0028
4,8035,0.0028
4,8787,0.0028
4,5990,0.0028
4,6894,0.0027
4,5454,0.0027
4,9742,0.0027
4,7583,0.0027
4,8360,0.0027
4,6749,0.0027
4,8439,0.0027
4,7527,0.0027
4,9599,0.0027
4,7595,0.0027
4,8552,0.0027
4,7733,0.0027
4,6011,0.0027
4,9854,0.0027
4,5515,0.0027
4,7690,0.0027
4,10017,0.0027
4,5210,0.0027
4,8971,0.0027
4,9511,0.0027
4,6219,0.0027
4,7460,0.0027
4,8098,0.0027
4,9615,0.0027
4,9643,0.0026
4,6776,0.0026
4,7606,0.0026
4,9454,0.0026
4,7788,0.0026
4,6916,0.0026
4,8443,0.0026
4,7306,0.0026
4,6904,0.0026
4,8230,0.0026
4,8173,0.0026
4,7699,0.0026
4,9503,0.0026
4,7514,0.0026
4,7708,0.0026
4,7789,0.0026
4,7688,0.0026
4,8799,0.0026
4,8825,0.0026
4,9892,0.0026
4,7511,0.0026
4,5812,0.0026
4,7032,0.0025
4,6456,0.0025
4,10015,0.0025
4,9435,0.0025
4,8788,0.0025
4,9536,0.0025
4,8604,0.0025
4,5982,0.0025
4,8317,0.0025
4,6896,0.0025
4,5642,0.0025
4,7175,0.0025
4,7846,0.0025
4,8810,0.0025
4,6368,0.0025
4,7730,0.0025
4,9136,0.0025
4,8902,0.0025
4,5663,0.0025
4,6600,0.0025
4,5375,0.0025
4,6850,0.0025
4,9181,0.0025
4,8304,0.0025
4,8254,0.0024
4,6261,0.0024
4,8404,0.0024
4,8819,0.0024
4,5547,0.0024
4,9446,0.0024
4,5101,0.0024
4,8021,0.0024
4,6419,0.0024
4,5243,0.0024
4,5805,0.0024
4,7488,0.0024
4,6647,0.0024
4,8737,0.0024
4,5449,0.0024
4,9583,0.0024
4,10030,0.0023
4,9355,0.0023
4,5099,0.0023
4,9688,0.0023
4,8508,0.0023
4,8326,0.0023
4,9686,0.0023
4,8020,0.0023
4,5530,0.0023
4,6870,0.0023
4,6656,0.0023
4,7307,0.0023
4,9191,0.0023
4,5360,0.0023
4,9188,0.0023
4,6886,0.0023
4,6280,0.0023
4,5461,0.0023
4,5743,0.0023
4,5329,0.0023
4,6914,0.0023
4,6872,0.0023
4,7461,0.0022
4,8824,0.0022
4,8135,0.0022
4,9973,0.0022
4,6144,0.0022
4,6451,0.0022
4,9550,0.0022
4,9053,0.0022
4,9438,0.0022
4,5295,0.0022
4,7725,0.0022
4,6236,0.0022
4,5491,0.0022
4,8570,0.0022
4,9056,0.0022
4,5113,0.0022
4,8566,0.0022
4,5985,0.0022
4,6659,0.0022
4,8853,0.0022
4,9527,0.0022
4,9431,0.0022
4,7673,0.0022
4,5780,0.0022
4,7349,0.0022
4,8302,0.0022
4,10031,0.0021
4,7796,0.0021
4,8962,0.0021
4,5625,0.0021
4,5049,0.0021
4,5306,0.0021
4,6926,0.0021
4,9501,0.0021
4,5240,0.0021
4,9620,0.0021
4,6554,0.0021
4,6197,0.0021
4,6586,0.0021
4,5607,0.0021
4,6457,0.0021
4,8914,0.0021
4,5474,0.0021
4,8325,0.0021
4,5634,0.0021
4,8774,0.0021
4,5116,0.0021
4,8857,0.0021
4,6182,0.0021
4,6839,0.0021
4,6385,0.0020
4,6911,0.0020
4,8758,0.0020
4,5760,0.0020
4,6428,0.0020
4,7889,0.0020
4,8964,0.0020
4,5714,0.0020
4,9116,0.0020
4,5779,0.0020
4,5847,0.0020
4,10036,0.0020
4,6245,0.0020
4,8336,0.0020
4,9675,0.0020
4,7928,0.0020
4,8934,0.0020
4,7961,0.0020
4,7231,0.0020
4,6605,0.0019
4,9781,0.0019
4,5811,0.0019
4,5463,0.0019
4,5338,0.0019
4,8487,0.0019
4,8143,0.0019
4,7414,0.0019
4,9076,0.0019
4,6599,0.0019
4,6655,0.0019
4,9354,0.0019
4,9945,0.0019
4,8925,0.0019
4,7098,0.0019
4,7312,0.0019
4,7220,0.0019
4,7000,0.0019
4,9842,0.0019
4,6912,0.0019
4,5852,0.0019
4,9496,0.0019
4,7575,0.0019
4,7524,0.0019
4,9124,0.0019
4,6108,0.0019
4,5740,0.0019
4,5231,0.0019
4,10002,0.0019
4,9256,0.0018
4,6740,0.0018
4,5036,0.0018
4,9687,0.0018
4,5713,0.0018
4,5465,0.0018
4,5883,0.0018
4,5875,0.0018
4,7222,0.0018
4,8316,0.0018
4,9926,0.0018
4,5893,0.0018
4,6763,0.0018
4,9217,0.0018
4,9213,0.0018
4,6142,0.0018
4,6207,0.0018
4,9884,0.0018
4,7776,0.0018
4,9465,0.0018
4,7906,0.0018
4,8793,0.0018
4,9896,0.0018
4,6362,0.0018
4,7797,0.0018
4,8618,0.0018
4,9312,0.0018
4,9641,0.0018
4,6062,0.0018
4,7003,0.0018
4,8956,0.0018
4,7849,0.0018
4,6381,0.0017
4,8549,0.0017
4,5405,0.0017
4,6018,0.0017
4,8280,0.0017
4,5369,0.0017
4,8894,0.0017
4,8911,0.0017
4,6993,0.0017
4,9509,0.0017
4,9640,0.0017
4,8621,0.0017
4,6049,0.0017
4,6209,0.0017
4,6907,0.0017
4,7861,0.0017
4,8374,0.0017
4,8013,0.0017
4,8018,0.0017
4,5237,0.0017
4,5232,0.0017
4,9622,0.0017
4,8398,0.0017
4,5347,0.0017
4,8897,0.0017
4,8753,0.0017
4,6438,0.0017
4,7297,0.0017
4,7065,0.0017
4,6165,0.0017
4,10026,0.0017
4,7865,0.0017
4,6048,0.0017
4,6214,0.0017
4,8047,0.0017
4,7219,0.0017
4,9870,0.0017
4,9248,0.0017
4,9463,0.0017
4,8511,0.0017
4,6055,0.0017
4,5699,0.0017
4,5265,0.0017
4,5610,0.0017
4,9481,0.0017
4,6585,0.0017
4,6464,0.0017
4,9372,0.0017
4,8121,0.0017
4,8416,0.0017
4,8821,0.0017
4,7463,0.0017
4,7885,0.0016
4,9009,0.0016
4,6316,0.0016
4,6409,0.0016
4,9016,0.0016
4,6477,0.0016
4,6399,0.0016
4,5119,0.0016
4,5485,0.0016
4,9727,0.0016
4,8146,0.0016
4,6644,0.0016
4,5478,0.0016
4,9491,0.0016
4,6667,0.0016
4,6084,0.0016
4,8926,0.0016
4,6183,0.0016
4,8519,0.0016
4,7914,0.0016
4,6615,0.0016
4,8952,0.0016
4,5636,0.0016
4,8060,0.0016
4,6458,0.0016
4,5058,0.0016
4,9792,0.0016
4,9867,0.0016
4,10027,0.0016
4,8180,0.0016
4,8541,0.0016
4,6982,0.0016
4,6842,0.0016
4,5045,0.0016
4,7612,0.0016
4,5053,0.0016
4,5744,0.0016
4,8896,0.0016
4,9793,0.0016
4,5450,0.0016
4,5742,0.0016
4,9039,0.0016
4,8910,0.0016
4,7515,0.0016
4,8695,0.0016
4,7300,0.0016
4,6174,0.0016
4,6370,0.0016
4,5989,0.0016
4,8131,0.0016
4,8123,0.0016
4,9211,0.0016
4,8356,0.0016
4,7057,0.0016
4,6694,0.0016
4,5268,0.0016
4,5940,0.0016
4,9480,0.0016
4,8237,0.0016
4,7229,0.0016
4,7046,0.0016
4,5277,0.0016
4,7790,0.0016
4,6637,0.0016
4,9977,0.0016
4,6064,0.0016
4,8053,0.0015
4,8059,0.0015
4,8420,0.0015
4,7498,0.0015
4,5731,0.0015
4,5258,0.0015
4,9232,0.0015
4,9469,0.0015
4,6249,0.0015
4,8163,0.0015
4,5424,0.0015
4,6172,0.0015
4,6611,0.0015
4,8161,0.0015
4,6463,0.0015
4,5293,0.0015
4,8424,0.0015
4,9447,0.0015
4,5346,0.0015
4,5596,0.0015
4,7860,0.0015
4,8644,0.0015
4,7292,0.0015
4,5317,0.0015
4,7072,0.0015
4,8517,0.0015
4,6332,0.0015
4,5786,0.0015
4,7441,0.0015
4,7097,0.0015
4,7190,0.0015
4,6746,0.0015
4,5730,0.0015
4,8816,0.0015
4,8616,0.0015
4,8969,0.0015
4,7468,0.0015
4,5943,0.0015
4,9015,0.0015
4,6858,0.0015
4,7643,0.0015
4,6975,0.0015
4,7596,0.0015
4,6622,0.0015
4,8584,0.0015
4,6846,0.0015
4,7108,0.0015
4,5413,0.0015
4,7480,0.0015
4,6519,0.0015
4,5974,0.0015
4,7056,0.0015
4,9407,0.0015
4,6090,0.0015
4,8066,0.0015
4,5071,0.0015
4,7570,0.0015
4,9653,0.0015
4,8924,0.0015
4,8263,0.0015
4,7499,0.0015
4,8829,0.0015
4,9928,0.0015
4,5671,0.0015
4,5098,0.0015
4,6372,0.0015
4,6532,0.0015
4,6787,0.0015
4,7848,0.0015
4,6202,0.0015
4,5102,0.0015
4,6340,0.0015
4,9725,0.0015
4,5401,0.0015
4,7276,0.0015
4,8619,0.0015
4,7900,0.0015
4,6196,0.0015
4,8282,0.0015
4,5320,0.0015
4,9381,0.0015
4,7816,0.0015
4,6229,0.0015
4,5219,0.0015
4,8537,0.0015
4,8386,0.0015
4,6072,0.0015
4,9197,0.0015
4,5110,0.0015
4,7879,0.0015
4,6550,0.0015
4,7318,0.0015
4,7071,0.0015
4,9930,0.0015
4,9894,0.0015
4,8941,0.0015
4,6080,0.0015
4,5732,0.0015
4,6208,0.0015
4,7506,0.0015
4,7638,0.0015
4,8149,0.0015
4,6136,0.0015
4,9114,0.0015
4,6081,0.0015
4,7600,0.0015
4,5869,0.0015
4,9255,0.0015
4,6096,0.0015
4,6204,0.0015
4,9189,0.0015
4,6902,0.0015
4,7020,0.0015
4,6581,0.0015
4,10020,0.0015
4,9432,0.0015
4,5212,0.0015
4,7640,0.0015
4,7412,0.0015
4,9426,0.0015
4,5171,0.0015
4,8002,0.0015
4,6243,0.0015
4,6465,0.0015
4,6082,0.0015
4,7509,0.0015
4,7750,0.0014
4,8393,0.0014
4,9843,0.0014
4,8067,0.0014
4,7793,0.0014
4,5572,0.0014
4,6775,0.0014
4,9488,0.0014
4,7630,0.0014
4,7678,0.0014
4,6218,0.0014
4,5434,0.0014
4,6092,0.0014
4,8435,0.0014
4,6095,0.0014
4,6887,0.0014
4,6840,0.0014
4,7880,0.0014
4,8639,0.0014
4,6200,0.0014
4,8946,0.0014
4,5775,0.0014
4,5330,0.0014
4,5824,0.0014
4,9624,0.0014
4,9363,0.0014
4,10028,0.0014
4,8394,0.0014
4,9057,0.0014
4,8479,0.0014
4,5455,0.0014
4,5080,0.0014
4,7434,0.0014
4,9410,0.0014
4,7073,0.0014
4,6373,0.0014
4,5042,0.0014
4,8568,0.0014
4,5387,0.0014
4,9137,0.0014
4,9074,0.0014
4,9494,0.0014
4,7845,0.0014
4,5257,0.0014
4,8629,0.0014
4,8064,0.0014
4,9178,0.0014
4,9994,0.0014
4,6384,0.0014
4,8617,0.0014
4,8268,0.0014
4,5201,0.0014
4,5580,0.0014
4,7091,0.0014
4,5064,0.0014
4,8831,0.0014
4,9115,0.0014
4,5256,0.0014
4,6725,0.0014
4,5046,0.0014
4,6613,0.0014
4,6847,0.0014
4,9379,0.0014
4,9229,0.0014
4,6544,0.0014
4,6479,0.0014
4,5364,0.0014
4,6577,0.0014
4,6547,0.0014
4,6254,0.0014
4,8233,0.0014
4,8567,0.0014
4,6272,0.0014
4,9361,0.0014
4,8343,0.0014
4,9929,0.0014
4,6360,0.0014
4,5202,0.0014
4,9756,0.0014
4,5984,0.0014
4,5612,0.0014
4,6663,0.0014
4,8368,0.0014
4,9676,0.0014
4,9799,0.0014
4,9916,0.0014
4,8113,0.0014
4,7925,0.0014
4,5590,0.0014
4,5230,0.0014
4,5282,0.0014
4,8432,0.0014
4,9907,0.0014
4,9177,0.0014
4,5051,0.0014
4,6059,0.0014
4,9367,0.0014
4,7910,0.0014
4,7305,0.0014
4,6845,0.0014
4,9849,0.0014
4,5777,0.0014
4,8248,0.0014
4,7295,0.0014
4,5145,0.0014
4,8042,0.0014
4,8423,0.0014
4,8563,0.0014
4,5354,0.0014
4,8507,0.0014
4,7687,0.0014
4,5628,0.0014
4,9321,0.0014
4,6996,0.0014
4,9718,0.0014
4,8314,0.0014
4,7798,0.0014
4,8648,0.0014
4,8950,0.0014
4,9990,0.0014
4,5840,0.0014
4,7628,0.0014
4,7416,0.0014
4,5781,0.0014
4,6253,0.0014
4,6988,0.0014
4,5770,0.0014
4,9932,0.0014
4,5097,0.0014
4,6754,0.0014
4,7322,0.0014
4,5706,0.0014
4,5386,0.0014
4,9238,0.0014
4,8324,0.0014
4,6260,0.0014
4,9700,0.0014
4,5056,0.0014
4,6191,0.0014
4,7462,0.0014
4,9027,0.0014
4,8335,0.0014
4,5262,0.0014
4,9368,0.0014
4,6888,0.0014
4,5341,0.0014
4,8120,0.0014
4,5185,0.0014
4,7431,0.0014
4,6093,0.0014
4,5954,0.0014
4,7619,0.0014
4,7289,0.0014
4,5851,0.0014
4,8030,0.0014
4,7510,0.0014
4,9534,0.0014
4,8292,0.0014
4,6772,0.0014
4,9645,0.0014
4,7079,0.0014
4,6127,0.0014
4,9017,0.0014
4,7325,0.0014
4,7594,0.0014
4,5988,0.0014
4,8399,0.0014
4,6314,0.0014
4,8199,0.0014
4,6278,0.0014
4,6859,0.0014
4,5721,0.0014
4,8139,0.0014
4,7082,0.0014
4,5511,0.0014
4,8405,0.0014
4,5082,0.0014
4,9384,0.0014
4,5818,0.0014
4,7064,0.0014
4,6863,0.0014
4,7968,0.0014
4,8104,0.0014
4,8860,0.0014
4,8391,0.0014
4,8935,0.0014
4,7641,0.0014
4,8848,0.0014
4,8063,0.0014
4,7959,0.0014
4,5855,0.0014
4,7623,0.0014
4,8438,0.0014
4,6227,0.0014
4,8548,0.0014
4,8811,0.0014
4,9512,0.0014
4,7923,0.0014
4,9158,0.0014
4,8215,0.0014
4,6357,0.0014
4,9198,0.0014
4,7697,0.0013
4,7483,0.0013
4,8727,0.0013
4,7156,0.0013
4,9714,0.0013
4,8780,0.0013
4,9650,0.0013
4,8638,0.0013
4,6413,0.0013
4,7519,0.0013
4,7917,0.0013
4,8261,0.0013
4,6868,0.0013
4,5592,0.0013
4,7298,0.0013
4,7038,0.0013
4,8285,0.0013
4,9240,0.0013
4,5107,0.0013
4,8908,0.0013
4,6232,0.0013
4,6627,0.0013
4,9692,0.0013
4,7801,0.0013
4,9485,0.0013
4,8089,0.0013
4,6124,0.0013
4,9121,0.0013
4,8028,0.0013
4,7626,0.0013
4,8389,0.0013
4,7731,0.0013
4,5519,0.0013
4,9068,0.0013
4,5267,0.0013
4,7284,0.0013
4,8513,0.0013
4,5368,0.0013
4,8330,0.0013
4,5850,0.0013
4,9833,0.0013
4,8882,0.0013
4,9998,0.0013
4,8522,0.0013
4,7019,0.0013
4,8606,0.0013
4,7621,0.0013
4,9859,0.0013
4,5086,0.0013
4,5466,0.0013
4,7723,0.0013
4,8872,0.0013
4,9839,0.0013
4,7858,0.0013
4,8903,0.0013
4,8295,0.0013
4,8093,0.0013
4,8947,0.0013
4,6045,0.0013
4,5751,0.0013
4,8349,0.0013
4,9593,0.0013
4,7722,0.0013
4,7017,0.0013
4,8494,0.0013
4,6329,0.0013
4,5692,0.0013
4,6198,0.0013
4,6864,0.0013
4,9133,0.0013
4,5244,0.0013
4,5374,0.0013
4,8764,0.0013
4,5553,0.0013
4,8382,0.0013
4,6242,0.0013
4,5225,0.0013
4,7303,0.0013
4,7792,0.0013
4,6621,0.0013
4,5352,0.0013
4,9140,0.0013
4,9352,0.0013
4,5155,0.0013
4,7609,0.0013
4,6762,0.0013
4,8622,0.0013
4,6437,0.0013
4,7892,0.0013
4,6461,0.0013
4,5619,0.0013
4,7666,0.0013
4,7120,0.0013
4,7929,0.0013
4,5281,0.0013
4,7734,0.0013
4,6880,0.0013
4,7007,0.0013
4,6576,0.0013
4,5718,0.0013
4,5755,0.0013
4,6411,0.0013
4,5246,0.0013
4,5048,0.0013
4,5632,0.0013
4,6830,0.0013
4,5925,0.0013
4,7168,0.0013
4,7182,0.0013
4,5345,0.0013
4,8834,0.0013
4,8779,0.0013
4,8306,0.0013
4,6759,0.0013
4,8658,0.0013
4,5508,0.0013
4,6069,0.0013
4,6071,0.0013
4,9482,0.0013
4,9927,0.0013
4,7409,0.0013
4,9585,0.0013
4,5399,0.0013
4,9325,0.0013
4,7329,0.0013
4,7336,0.0013
4,7045,0.0013
4,7207,0.0013
4,9343,0.0013
4,5343,0.0013
4,6849,0.0013
4,7473,0.0013
4,5396,0.0013
4,8383,0.0013
4,8544,0.0013
4,7208,0.0013
4,8270,0.0013
4,8165,0.0013
4,6766,0.0013
4,6665,0.0013
4,6650,0.0013
4,7324,0.0013
4,9528,0.0013
4,9296,0.0013
4,9898,0.0013
4,9293,0.0013
4,6986,0.0013
4,8040,0.0013
4,5539,0.0013
4,9841,0.0013
4,6315,0.0013
4,9627,0.0013
4,6634,0.0013
4,5605,0.0013
4,7602,0.0013
4,7486,0.0013
4,5702,0.0013
4,9366,0.0013
4,5241,0.0013
4,9385,0.0013
4,5972,0.0013
4,7285,0.0013
4,8061,0.0013
4,9425,0.0013
4,5860,0.0013
4,6669,0.0013
4,8596,0.0013
4,5593,0.0013
4,5752,0.0013
4,8294,0.0013
4,7828,0.0013
4,7024,0.0013
4,6788,0.0013
4,5358,0.0013
4,7204,0.0013
4,6367,0.0013
4,8690,0.0013
4,7888,0.0013
4,7411,0.0013
4,5362,0.0013
4,7870,0.0013
4,9911,0.0013
4,8266,0.0013
4,8942,0.0013
4,9853,0.0013
4,7054,0.0013
4,8045,0.0013
4,9247,0.0013
4,5586,0.0013
4,7181,0.0013
4,8772,0.0013
4,8656,0.0013
4,8168,0.0013
4,9163,0.0013
4,7320,0.0013
4,6999,0.0013
4,9726,0.0013
4,7051,0.0013
4,5057,0.0013
4,6429,0.0013
4,5710,0.0013
4,9881,0.0013
4,8309,0.0013
4,5030,0.0013
4,9142,0.0013
4,5203,0.0013
4,7803,0.0013
4,8264,0.0013
4,9055,0.0013
4,5301,0.0013
4,5523,0.0013
4,5250,0.0013
4,7782,0.0013
4,7694,0.0013
4,7466,0.0013
4,8119,0.0013
4,9879,0.0013
4,6334,0.0013
4,5075,0.0013
4,8206,0.0013
4,5420,0.0013
4,7061,0.0013
4,8501,0.0013
4,8694,0.0013
4,5394,0.0013
4,8058,0.0013
4,5484,0.0013
4,6347,0.0013
4,8154,0.0013
4,8761,0.0013
4,5716,0.0013
4,8790,0.0013
4,8725,0.0013
4,7548,0.0013
4,7213,0.0013
4,8786,0.0013
4,6649,0.0013
4,8919,0.0013
4,6470,0.0013
4,7443,0.0013
4,9243,0.0013
4,6620,0.0013
4,8929,0.0013
4,8723,0.0013
4,9419,0.0013
4,7518,0.0013
4,6548,0.0013
4,6642,0.0013
4,7304,0.0013
4,6361,0.0013
4,7525,0.0013
4,8384,0.0013
4,6976,0.0013
4,9857,0.0013
4,8581,0.0013
4,8110,0.0013
4,6712,0.0013
4,5448,0.0013
4,9135,0.0013
4,6354,0.0013
4,9828,0.0013
4,6990,0.0013
4,6579,0.0013
4,8050,0.0013
4,5418,0.0013
4,7805,0.0013
4,5128,0.0013
4,7200,0.0012
4,5594,0.0012
4,8128,0.0012
4,5365,0.0012
4,9914,0.0012
4,9473,0.0012
4,6446,0.0012
4,7485,0.0012
4,9800,0.0012
4,6905,0.0012
4,7206,0.0012
4,8547,0.0012
4,6077,0.0012
4,8640,0.0012
4,5922,0.0012
4,8434,0.0012
4,9183,0.0012
4,6203,0.0012
4,5395,0.0012
4,6439,0.0012
4,7106,0.0012
4,5083,0.0012
4,5370,0.0012
4,8284,0.0012
4,8580,0.0012
4,7714,0.0012
4,7843,0.0012
4,8070,0.0012
4,6658,0.0012
4,7335,0.0012
4,5834,0.0012
4,9019,0.0012
4,8436,0.0012
4,6573,0.0012
4,5181,0.0012
4,7647,0.0012
4,5182,0.0012
4,7713,0.0012
4,7536,0.0012
4,6814,0.0012
4,7290,0.0012
4,5109,0.0012
4,9260,0.0012
4,7036,0.0012
4,8209,0.0012
4,7050,0.0012
4,8201,0.0012
4,8159,0.0012
4,8243,0.0012
4,8999,0.0012
4,5957,0.0012
4,7100,0.0012
4,5272,0.0012
4,8272,0.0012
4,10021,0.0012
4,8411,0.0012
4,7042,0.0012
4,9226,0.0012
4,5033,0.0012
4,9477,0.0012
4,9505,0.0012
4,8213,0.0012
4,6792,0.0012
4,9621,0.0012
4,10001,0.0012
4,6161,0.0012
4,5038,0.0012
4,8396,0.0012
4,6397,0.0012
4,5526,0.0012
4,6878,0.0012
4,6616,0.0012
4,5975,0.0012
4,5758,0.0012
4,9821,0.0012
4,7784,0.0012
4,5059,0.0012
4,7004,0.0012
4,7587,0.0012
4,9252,0.0012
4,7102,0.0012
4,6186,0.0012
4,6047,0.0012
4,8798,0.0012
4,7035,0.0012
4,9669,0.0012
4,8271,0.0012
4,5841,0.0012
4,7040,0.0012
4,8699,0.0012
4,6614,0.0012
4,6101,0.0012
4,7642,0.0012
4,5355,0.0012
4,7651,0.0012
4,6890,0.0012
4,7215,0.0012
4,7700,0.0012
4,8503,0.0012
4,8707,0.0012
4,9860,0.0012
4,9484,0.0012
4,10022,0.0012
4,6123,0.0012
4,8770,0.0012
4,6453,0.0012
4,9251,0.0012
4,7822,0.0012
4,5534,0.0012
4,6386,0.0012
4,6050,0.0012
4,8665,0.0012
4,8107,0.0012
4,9891,0.0012
4,7526,0.0012
4,7183,0.0012
4,5848,0.0012
4,8334,0.0012
4,7541,0.0012
4,9935,0.0012
4,5864,0.0012
4,8071,0.0012
4,9000,0.0012
4,6076,0.0012
4,7904,0.0012
4,7383,0.0012
4,5137,0.0012
4,6625,0.0012
4,9157,0.0012
4,6251,0.0012
4,8370,0.0012
4,6231,0.0012
4,6289,0.0012
4,7487,0.0012
4,7682,0.0012
4,6303,0.0012
4,5438,0.0012
4,8359,0.0012
4,9470,0.0012
4,9901,0.0012
4,5987,0.0012
4,5667,0.0012
4,7214,0.0012
4,6549,0.0012
4,9514,0.0012
4,8856,0.0012
4,9866,0.0012
4,5700,0.0012
4,8015,0.0012
4,7679,0.0012
4,8210,0.0012
4,9166,0.0012
4,5741,0.0012
4,7707,0.0012
4,8748,0.0012
4,9249,0.0012
4,8117,0.0012
4,6730,0.0012
4,6009,0.0012
4,7291,0.0012
4,5421,0.0012
4,6594,0.0012
4,7815,0.0012
4,7982,0.0012
4,6358,0.0012
4,6761,0.0012
4,9387,0.0012
4,9401,0.0012
4,8967,0.0012
4,8709,0.0012
4,8836,0.0012
4,8227,0.0012
4,8276,0.0012
4,7212,0.0012
4,6164,0.0012
4,9173,0.0012
4,7505,0.0012
4,8447,0.0012
4,9371,0.0012
4,8855,0.0012
4,8145,0.0012
4,5543,0.0012
4,9228,0.0012
4,6752,0.0012
4,5870,0.0012
4,9630,0.0012
4,7516,0.0012
4,8712,0.0012
4,5271,0.0012
4,5844,0.0012
4,6580,0.0012
4,9760,0.0012
4,9788,0.0012
4,8630,0.0012
4,6533,0.0012
4,5722,0.0012
4,7560,0.0012
4,5955,0.0012
4,8365,0.0012
4,7308,0.0012
4,6250,0.0012
4,9284,0.0012
4,9047,0.0012
4,8778,0.0012
4,8450,0.0012
4,9268,0.0012
4,8358,0.0012
4,7629,0.0012
4,7479,0.0012
4,9964,0.0012
4,6185,0.0012
4,5032,0.0012
4,9856,0.0012
4,9394,0.0012
4,8992,0.0012
4,9208,0.0012
4,5837,0.0012
4,6442,0.0012
4,7346,0.0012
4,8091,0.0012
4,5472,0.0012
4,9594,0.0012
4,9411,0.0012
4,5392,0.0012
4,8251,0.0012
4,6418,0.0012
4,6908,0.0012
4,9050,0.0012
4,10034,0.0012
4,9433,0.0012
4,6619,0.0012
4,7105,0.0012
4,9123,0.0012
4,7076,0.0012
4,7394,0.0012
4,5061,0.0012
4,8945,0.0012
4,5062,0.0012
4,5005,0.0012
4,5273,0.0012
4,8246,0.0012
4,9253,0.0012
4,7388,0.0012
4,9365,0.0012
4,5431,0.0012
4,8594,0.0012
4,7060,0.0012
4,8760,0.0012
4,8516,0.0012
4,8813,0.0012
4,8006,0.0012
4,8471,0.0012
4,7799,0.0012
4,6317,0.0012
4,6829,0.0012
4,8837,0.0012
4,9681,0.0012
4,8768,0.0012
4,5545,0.0012
4,8809,0.0012
4,6471,0.0012
4,6190,0.0012
4,6293,0.0012
4,6884,0.0012
4,6187,0.0012
4,9785,0.0012
4,9153,0.0012
4,8830,0.0012
4,6264,0.0012
4,8895,0.0012
4,7898,0.0012
4,6527,0.0012
4,10007,0.0012
4,5437,0.0012
4,7476,0.0012
4,8977,0.0012
4,6786,0.0012
4,7813,0.0012
4,7903,0.0012
4,6540,0.0012
4,5363,0.0012
4,5429,0.0012
4,9495,0.0012
4,6152,0.0012
4,7025,0.0012
4,9182,0.0012
4,6825,0.0012
4,8102,0.0012
4,6969,0.0012
4,7781,0.0012
4,5971,0.0012
4,6355,0.0012
4,9579,0.0012
4,5669,0.0012
4,9205,0.0012
4,9382,0.0012
4,7099,0.0012
4,9413,0.0012
4,8722,0.0012
4,6697,0.0012
4,9913,0.0012
4,5778,0.0012
4,8267,0.0012
4,7192,0.0012
4,7501,0.0012
4,7442,0.0012
4,5170,0.0012
4,6743,0.0012
4,9110,0.0012
4,5635,0.0012
4,5800,0.0012
4,9699,0.0012
4,7577,0.0012
4,5979,0.0012
4,7494,0.0012
4,9838,0.0012
4,6244,0.0012
4,9034,0.0012
4,9160,0.0012
4,6255,0.0012
4,9507,0.0012
4,9609,0.0012
4,6330,0.0012
4,7345,0.0012
4,8277,0.0012
4,9459,0.0012
4,7397,0.0012
4,5846,0.0012
4,6032,0.0012
4,6352,0.0012
4,7202,0.0012
4,7890,0.0012
4,7783,0.0012
4,8601,0.0012
4,7491,0.0011
4,6670,0.0011
4,8887,0.0011
4,8313,0.0011
4,6286,0.0011
4,8943,0.0011
4,7053,0.0011
4,5325,0.0011
4,9478,0.0011
4,5750,0.0011
4,8204,0.0011
4,5584,0.0011
4,9445,0.0011
4,6094,0.0011
4,6292,0.0011
4,5825,0.0011
4,5427,0.0011
4,5923,0.0011
4,8928,0.0011
4,9132,0.0011
4,5838,0.0011
4,8362,0.0011
4,9466,0.0011
4,9600,0.0011
4,5233,0.0011
4,6974,0.0011
4,6617,0.0011
4,9331,0.0011
4,7274,0.0011
4,6407,0.0011
4,9335,0.0011
4,7031,0.0011
4,6758,0.0011
4,8936,0.0011
4,8222,0.0011
4,6510,0.0011
4,9224,0.0011
4,5404,0.0011
4,6799,0.0011
4,9304,0.0011
4,6290,0.0011
4,6040,0.0011
4,6541,0.0011
4,5606,0.0011
4,8488,0.0011
4,8527,0.0011
4,5822,0.0011
4,8600,0.0011
4,8269,0.0011
4,6997,0.0011
4,10037,0.0011
4,7197,0.0011
4,9353,0.0011
4,6806,0.0011
4,6857,0.0011
4,6051,0.0011
4,9644,0.0011
4,7027,0.0011
4,5239,0.0011
4,8595,0.0011
4,6529,0.0011
4,9804,0.0011
4,5709,0.0011
4,7970,0.0011
4,9617,0.0011
4,6987,0.0011
4,5842,0.0011
4,9852,0.0011
4,5787,0.0011
4,6398,0.0011
4,6893,0.0011
4,8369,0.0011
4,9822,0.0011
4,8624,0.0011
4,8392,0.0011
4,8125,0.0011
4,8373,0.0011
4,9984,0.0011
4,6166,0.0011
4,9468,0.0011
4,5084,0.0011
4,5094,0.0011
4,7520,0.0011
4,7067,0.0011
4,5531,0.0011
4,7191,0.0011
4,6612,0.0011
4,9651,0.0011
4,7922,0.0011
4,5425,0.0011
4,9013,0.0011
4,9230,0.0011
4,9061,0.0011
4,5468,0.0011
4,5190,0.0011
4,9051,0.0011
4,5823,0.0011
4,6234,0.0011
4,7432,0.0011
4,8463,0.0011
4,9824,0.0011
4,5960,0.0011
4,6523,0.0011
4,9342,0.0011
4,9757,0.0011
4,5858,0.0011
4,7340,0.0011
4,8144,0.0011
4,9855,0.0011
4,6078,0.0011
4,6726,0.0011
4,5906,0.0011
4,6376,0.0011
4,6336,0.0011
4,5964,0.0011
4,9420,0.0011
4,6822,0.0011
4,5608,0.0011
4,5965,0.0011
4,7955,0.0011
4,5296,0.0011
4,10029,0.0011
4,9225,0.0011
4,7496,0.0011
4,8256,0.0011
4,5361,0.0011
4,9646,0.0011
4,8646,0.0011
4,6379,0.0011
4,9344,0.0011
4,9227,0.0011
4,9961,0.0011
4,7080,0.0011
4,8741,0.0011
4,8583,0.0011
4,9003,0.0011
4,7814,0.0011
4,7209,0.0011
4,6756,0.0011
4,8582,0.0011
4,6512,0.0011
4,6534,0.0011
4,5658,0.0011
4,6490,0.0011
4,7137,0.0011
4,5801,0.0011
4,5252,0.0011
4,7430,0.0011
4,5983,0.0011
4,7905,0.0011
4,9649,0.0011
4,5096,0.0011
4,7874,0.0011
4,5199,0.0011
4,5412,0.0011
4,5939,0.0011
4,7110,0.0011
4,8189,0.0011
4,8649,0.0011
4,7503,0.0011
4,8993,0.0011
4,5980,0.0011
4,8958,0.0011
4,6434,0.0011
4,5754,0.0011
4,9782,0.0011
4,8101,0.0011
4,5035,0.0011
4,7052,0.0011
4,9245,0.0011
4,9134,0.0011
4,8037,0.0011
4,5065,0.0011
4,5290,0.0011
4,8166,0.0011
4,6889,0.0011
4,7296,0.0011
4,7569,0.0011
4,10039,0.0011
4,5819,0.0011
4,6713,0.0011
4,9626,0.0011
4,6695,0.0011
4,9449,0.0011
4,9196,0.0011
4,7475,0.0011
4,7893,0.0011
4,5115,0.0011
4,8615,0.0011
4,8763,0.0011
4,8948,0.0011
4,6698,0.0011
4,6173,0.0011
4,9985,0.0011
4,7033,0.0011
4,5004,0.0011
4,7433,0.0011
4,5304,0.0011
4,9775,0.0011
4,8422,0.0011
4,8157,0.0011
4,5914,0.0011
4,8252,0.0011
4,9270,0.0011
4,6843,0.0011
4,8524,0.0011
4,9439,0.0011
4,6809,0.0011
4,9682,0.0011
4,6431,0.0011
4,9939,0.0011
4,9483,0.0011
4,5336,0.0011
4,6832,0.0011
4,5533,0.0011
4,6343,0.0011
4,8931,0.0011
4,7376,0.0011
4,9671,0.0011
4,7692,0.0011
4,9735,0.0011
4,9847,0.0011
4,9334,0.0011
4,9257,0.0011
4,8757,0.0011
4,7617,0.0011
4,7282,0.0011
4,5087,0.0011
4,5587,0.0011
4,5459,0.0011
4,6287,0.0011
4,5739,0.0011
4,8179,0.0011
4,8733,0.0011
4,6252,0.0011
4,7404,0.0011
4,5411,0.0011
4,7990,0.0011
4,9774,0.0011
4,8682,0.0011
4,7829,0.0011
4,8916,0.0011
4,5810,0.0011
4,5462,0.0011
4,9476,0.0011
4,7648,0.0011
4,8372,0.0011
4,8839,0.0011
4,5276,0.0011
4,7216,0.0011
4,8118,0.0011
4,8048,0.0011
4,5476,0.0011
4,6158,0.0011
4,6928,0.0011
4,9184,0.0011
4,5366,0.0011
4,9026,0.0011
4,5588,0.0011
4,9656,0.0011
4,9730,0.0011
4,8526,0.0011
4,5771,0.0011
4,5223,0.0011
4,6948,0.0011
4,10012,0.0011
4,8739,0.0011
4,7195,0.0011
4,8379,0.0011
4,5189,0.0011
4,8249,0.0011
4,6387,0.0011
4,6405,0.0011
4,8979,0.0011
4,7186,0.0011
4,6643,0.0011
4,8421,0.0011
4,8861,0.0011
4,8462,0.0011
4,6110,0.0011
4,8828,0.0011
4,9888,0.0011
4,8478,0.0011
4,8985,0.0011
4,9508,0.0011
4,5159,0.0011
4,7413,0.0011
4,9659,0.0011
4,9498,0.0011
4,8845,0.0011
4,9758,0.0011
4,7717,0.0011
4,6568,0.0011
4,9001,0.0011
4,9175,0.0011
4,9125,0.0011
4,9657,0.0011
4,7677,0.0011
4,7458,0.0011
4,9890,0.0011
4,5207,0.0011
4,7977,0.0011
4,6844,0.0011
4,9797,0.0011
4,5073,0.0011
4,7891,0.0011
4,6447,0.0011
4,8286,0.0011
4,5920,0.0011
4,8555,0.0011
4,8775,0.0011
4,9457,0.0011
4,9093,0.0011
4,9539,0.0011
4,7591,0.0011
4,8126,0.0011
4,5108,0.0011
4,6710,0.0010
4,6226,0.0010
4,9359,0.0010
4,7913,0.0010
4,7078,0.0010
4,6348,0.0010
4,8132,0.0010
4,6592,0.0010
4,5598,0.0010
4,5933,0.0010
4,8851,0.0010
4,8949,0.0010
4,7806,0.0010
4,9427,0.0010
4,6636,0.0010
4,9297,0.0010
4,9819,0.0010
4,5843,0.0010
4,8069,0.0010
4,8767,0.0010
4,5831,0.0010
4,6211,0.0010
4,9066,0.0010
4,8742,0.0010
4,7449,0.0010
4,9618,0.0010
4,6061,0.0010
4,9065,0.0010
4,9919,0.0010
4,6043,0.0010
4,9399,0.0010
4,5154,0.0010
4,7963,0.0010
4,5452,0.0010
4,5167,0.0010
4,6835,0.0010
4,9825,0.0010
4,7821,0.0010
4,6506,0.0010
4,6146,0.0010
4,9882,0.0010
4,6514,0.0010
4,6828,0.0010
4,6742,0.0010
4,9078,0.0010
4,9647,0.0010
4,6537,0.0010
4,6760,0.0010
4,7674,0.0010
4,9827,0.0010
4,5661,0.0010
4,6883,0.0010
4,6448,0.0010
4,6741,0.0010
4,5510,0.0010
4,7867,0.0010
4,9883,0.0010
4,7695,0.0010
4,5585,0.0010
4,7002,0.0010
4,9923,0.0010
4,5839,0.0010
4,5280,0.0010
4,7313,0.0010
4,7542,0.0010
4,7593,0.0010
4,5156,0.0010
4,9876,0.0010
4,6285,0.0010
4,9635,0.0010
4,8650,0.0010
4,9953,0.0010
4,6901,0.0010
4,8041,0.0010
4,9731,0.0010
4,7580,0.0010
4,6022,0.0010
4,5435,0.0010
4,6818,0.0010
4,5457,0.0010
4,9032,0.0010
4,9632,0.0010
4,5139,0.0010
4,6632,0.0010
4,8052,0.0010
4,7727,0.0010
4,5815,0.0010
4,7477,0.0010
4,7685,0.0010
4,5627,0.0010
4,6771,0.0010
4,5286,0.0010
4,6956,0.0010
4,7883,0.0010
4,5180,0.0010
4,7698,0.0010
4,9572,0.0010
4,6963,0.0010
4,9329,0.0010
4,7701,0.0010
4,7201,0.0010
4,6690,0.0010
4,9479,0.0010
4,6139,0.0010
4,5357,0.0010
4,7478,0.0010
4,8559,0.0010
4,9934,0.0010
4,5944,0.0010
4,7835,0.0010
4,7869,0.0010
4,5747,0.0010
4,5388,0.0010
4,8689,0.0010
4,5806,0.0010
4,9500,0.0010
4,6029,0.0010
4,6162,0.0010
4,9887,0.0010
4,8747,0.0010
4,8631,0.0010
4,8535,0.0010
4,6866,0.0010
4,7507,0.0010
4,8038,0.0010
4,9052,0.0010
4,6410,0.0010
4,6724,0.0010
4,7588,0.0010
4,9513,0.0010
4,6436,0.0010
4,9802,0.0010
4,6063,0.0010
4,8536,0.0010
4,6769,0.0010
4,8310,0.0010
4,8789,0.0010
4,7044,0.0010
4,9970,0.0010
4,9874,0.0010
4,7875,0.0010
4,9588,0.0010
4,9918,0.0010
4,9709,0.0010
4,5616,0.0010
4,5174,0.0010
4,8801,0.0010
4,7092,0.0010
4,9986,0.0010
4,8889,0.0010
4,6346,0.0010
4,9341,0.0010
4,8614,0.0010
4,5006,0.0010
4,9145,0.0010
4,7908,0.0010
4,9552,0.0010
4,5408,0.0010
4,9037,0.0010
4,5456,0.0010
4,6056,0.0010
4,7378,0.0010
4,8698,0.0010
4,6235,0.0010
4,9711,0.0010
4,6867,0.0010
4,8350,0.0010
4,7597,0.0010
4,6159,0.0010
4,5623,0.0010
4,7753,0.0010
4,6539,0.0010
4,9607,0.0010
4,7189,0.0010
4,5072,0.0010
4,6827,0.0010
4,8542,0.0010
4,6151,0.0010
4,9720,0.0010
4,5013,0.0010
4,5103,0.0010
4,8745,0.0010
4,5690,0.0010
4,7620,0.0010
4,7171,0.0010
4,6950,0.0010
4,8827,0.0010
4,8791,0.0010
4,7447,0.0010
4,6184,0.0010
4,6578,0.0010
4,6359,0.0010
4,7718,0.0010
4,9584,0.0010
4,5088,0.0010
4,6274,0.0010
4,5735,0.0010
4,5254,0.0010
4,5829,0.0010
4,6141,0.0010
4,9829,0.0010
4,6526,0.0010
4,5205,0.0010
4,5169,0.0010
4,7926,0.0010
4,9307,0.0010
4,5867,0.0010
4,5486,0.0010
4,9064,0.0010
4,5664,0.0010
4,9903,0.0010
4,8138,0.0010
4,9691,0.0010
4,8300,0.0010
4,8996,0.0010
4,9456,0.0010
4,8025,0.0010
4,9863,0.0010
4,7868,0.0010
4,5895,0.0010
4,9193,0.0010
4,5568,0.0010
4,7624,0.0010
4,5039,0.0010
4,9991,0.0010
4,5044,0.0010
4,8051,0.0010
4,8217,0.0010
4,6677,0.0010
4,7633,0.0010
4,5416,0.0010
4,8702,0.0010
4,9510,0.0010
4,7650,0.0010
4,9845,0.0010
4,8863,0.0010
4,7030,0.0010
4,8036,0.0010
4,5991,0.0010
4,9520,0.0010
4,5682,0.0010
4,9537,0.0010
4,8556,0.0010
4,9933,0.0010
4,6349,0.0010
4,5021,0.0010
4,9925,0.0010
4,5331,0.0010
4,6369,0.0010
4,6167,0.0010
4,5447,0.0010
4,6774,0.0010
4,8797,0.0010
4,9628,0.0010
4,9715,0.0010
4,8014,0.0010
4,6432,0.0010
4,6435,0.0010
4,6922,0.0010
4,5483,0.0010
4,9680,0.0010
4,6674,0.0010
4,6335,0.0010
4,9207,0.0010
4,8489,0.0010
4,5095,0.0010
4,9317,0.0010
4,6542,0.0010
4,9747,0.0010
4,7911,0.0010
4,7379,0.0010
4,8525,0.0010
4,9642,0.0010
4,5611,0.0010
4,9670,0.0010
4,7876,0.0010
4,5582,0.0010
4,7979,0.0010
4,8620,0.0010
4,7665,0.0010
4,9817,0.0010
4,8852,0.0010
4,8221,0.0010
4,9190,0.0010
4,7856,0.0010
4,9460,0.0010
4,9332,0.0010
4,9358,0.0010
4,8705,0.0010
4,8515,0.0010
4,8381,0.0010
4,8991,0.0010
4,6638,0.0010
4,5060,0.0010
4,9753,0.0010
4,6951,0.0010
4,5263,0.0010
4,8657,0.0010
4,7343,0.0010
4,9054,0.0010
4,5493,0.0010
4,5520,0.0010
4,8988,0.0010
4,6406,0.0010
4,9360,0.0010
4,5274,0.0010
4,5835,0.0010
4,5986,0.0010
4,8540,0.0010
4,8074,0.0010
4,9873,0.0010
4,9195,0.0010
4,8921,0.0010
4,6389,0.0010
4,7316,0.0010
4,9936,0.0010
4,8366,0.0010
4,6679,0.0010
4,8746,0.0010
4,8290,0.0010
4,9316,0.0010
4,9693,0.0010
4,6394,0.0010
4,5367,0.0010
4,7540,0.0010
4,7684,0.0010
4,6715,0.0010
4,7294,0.0010
4,6869,0.0010
4,7453,0.0010
4,8387,0.0010
4,6046,0.0010
4,7301,0.0010
4,6042,0.0010
4,6262,0.0010
4,9900,0.0010
4,6485,0.0010
4,8560,0.0010
4,8602,0.0010
4,6223,0.0010
4,5548,0.0010
4,9716,0.0010
4,8480,0.0010
4,5302,0.0010
4,9848,0.0010
4,9415,0.0010
4,9200,0.0010
4,8333,0.0010
4,5430,0.0010
4,5340,0.0010
4,8136,0.0010
4,5321,0.0010
4,7539,0.0010
4,8983,0.0010
4,6462,0.0010
4,7160,0.0010
4,9708,0.0010
4,5981,0.0009
4,9689,0.0009
4,5618,0.0009
4,6718,0.0009
4,7544,0.0009
4,8545,0.0009
4,6484,0.0009
4,6137,0.0009
4,6169,0.0009
4,8244,0.0009
4,8226,0.0009
4,6356,0.0009
4,8106,0.0009
4,7177,0.0009
4,6482,0.0009
4,5679,0.0009
4,8075,0.0009
4,7508,0.0009
4,7472,0.0009
4,9654,0.0009
4,9340,0.0009
4,7768,0.0009
4,8097,0.0009
4,9450,0.0009
4,7218,0.0009
4,9808,0.0009
4,5927,0.0009
4,5350,0.0009
4,6664,0.0009
4,6716,0.0009
4,9348,0.0009
4,5393,0.0009
4,8178,0.0009
4,7724,0.0009
4,7613,0.0009
4,9740,0.0009
4,6086,0.0009
4,8250,0.0009
4,9412,0.0009
4,8481,0.0009
4,10009,0.0009
4,8871,0.0009
4,7765,0.0009
4,5919,0.0009
4,8735,0.0009
4,5322,0.0009
4,9895,0.0009
4,9806,0.0009
4,6522,0.0009
4,8228,0.0009
4,5471,0.0009
4,9202,0.0009
4,5204,0.0009
4,8017,0.0009
4,5423,0.0009
4,6979,0.0009
4,7043,0.0009
4,7576,0.0009
4,8216,0.0009
4,5105,0.0009
4,7417,0.0009
4,9619,0.0009
4,6445,0.0009
4,8922,0.0009
4,9040,0.0009
4,8870,0.0009
4,9199,0.0009
4,5785,0.0009
4,6826,0.0009
4,9938,0.0009
4,8265,0.0009
4,8738,0.0009
4,7572,0.0009
4,6727,0.0009
4,8820,0.0009
4,9424,0.0009
4,9422,0.0009
4,6630,0.0009
4,8867,0.0009
4,7439,0.0009
4,7338,0.0009
4,7048,0.0009
4,8288,0.0009
4,9784,0.0009
4,5684,0.0009
4,5738,0.0009
4,6147,0.0009
4,8907,0.0009
4,8412,0.0009
4,5406,0.0009
4,6176,0.0009
4,8031,0.0009
4,8688,0.0009
4,8864,0.0009
4,6205,0.0009
4,9987,0.0009
4,5828,0.0009
4,9234,0.0009
4,8162,0.0009
4,9789,0.0009
4,7564,0.0009
4,5382,0.0009
4,5403,0.0009
4,8049,0.0009
4,9801,0.0009
4,8283,0.0009
4,5055,0.0009
4,6728,0.0009
4,9305,0.0009
4,8523,0.0009
4,7022,0.0009
4,9576,0.0009
4,9885,0.0009
4,9766,0.0009
4,7093,0.0009
4,6989,0.0009
4,8734,0.0009
4,6132,0.0009
4,6206,0.0009
4,7567,0.0009
4,6957,0.0009
4,5050,0.0009
4,8476,0.0009
4,9423,0.0009
4,8208,0.0009
4,6723,0.0009
4,9780,0.0009
4,6441,0.0009
4,5147,0.0009
4,8400,0.0009
4,7645,0.0009
4,7178,0.0009
4,6892,0.0009
4,7921,0.0009
4,5874,0.0009
4,6520,0.0009
4,7438,0.0009
4,8623,0.0009
4,9963,0.0009
4,5024,0.0009
4,8543,0.0009
4,7721,0.0009
4,6587,0.0009
4,8378,0.0009
4,8354,0.0009
4,8039,0.0009
4,7566,0.0009
4,9299,0.0009
4,6039,0.0009
4,8771,0.0009
4,6954,0.0009
4,10010,0.0009
4,6275,0.0009
4,9966,0.0009
4,6168,0.0009
4,5583,0.0009
4,5324,0.0009
4,8930,0.0009
4,5734,0.0009
4,5536,0.0009
4,9981,0.0009
4,7161,0.0009
4,5591,0.0009
4,8802,0.0009
4,7302,0.0009
4,8397,0.0009
4,8141,0.0009
4,5551,0.0009
4,8978,0.0009
4,5573,0.0009
4,9194,0.0009
4,6267,0.0009
4,6023,0.0009
4,6941,0.0009
4,6700,0.0009
4,5631,0.0009
4,5549,0.0009
4,7055,0.0009
4,6472,0.0009
4,9724,0.0009
4,7497,0.0009
4,8413,0.0009
4,6812,0.0009
4,6945,0.0009
4,8220,0.0009
4,7902,0.0009
4,5615,0.0009
4,8409,0.0009
4,9631,0.0009
4,9279,0.0009
4,5488,0.0009
4,8534,0.0009
4,8668,0.0009
4,7719,0.0009
4,10006,0.0009
4,6783,0.0009
4,6629,0.0009
4,7897,0.0009
4,9707,0.0009
4,6313,0.0009
4,5106,0.0009
4,7464,0.0009
4,6737,0.0009
4,7562,0.0009
4,9580,0.0009
4,8016,0.0009
4,5693,0.0009
4,5414,0.0009
4,8643,0.0009
4,7693,0.0009
4,6420,0.0009
4,7728,0.0009
4,9070,0.0009
4,6572,0.0009
4,7331,0.0009
4,9357,0.0009
4,7894,0.0009
4,5247,0.0009
4,7374,0.0009
4,5599,0.0009
4,6087,0.0009
4,5200,0.0009
4,9370,0.0009
4,8331,0.0009
4,7820,0.0009
4,5683,0.0009
4,5335,0.0009
4,6319,0.0009
4,6686,0.0009
4,7627,0.0009
4,7391,0.0009
4,9629,0.0009
4,6791,0.0009
4,5719,0.0009
4,6323,0.0009
4,9704,0.0009
4,9705,0.0009
4,5162,0.0009
4,8866,0.0009
4,6455,0.0009
4,5334,0.0009
4,9041,0.0009
4,6834,0.0009
4,7075,0.0009
4,5832,0.0009
4,9581,0.0009
4,5093,0.0009
4,5968,0.0009
4,8242,0.0009
4,5473,0.0009
4,5966,0.0009
4,8609,0.0009
4,9170,0.0009
4,9826,0.0009
4,8713,0.0009
4,9402,0.0009
4,9601,0.0009
4,8231,0.0009
4,6341,0.0009
4,9350,0.0009
4,6053,0.0009
4,7074,0.0009
4,5788,0.0009
4,6024,0.0009
4,9237,0.0009
4,9666,0.0009
4,6408,0.0009
4,6744,0.0009
4,6610,0.0009
4,6415,0.0009
4,6962,0.0009
4,8587,0.0009
4,8633,0.0009
4,5177,0.0009
4,10038,0.0009
4,9673,0.0009
4,8253,0.0009
4,7138,0.0009
4,6593,0.0009
4,8850,0.0009
4,5620,0.0009
4,5570,0.0009
4,8001,0.0009
4,9586,0.0009
4,7356,0.0009
4,8257,0.0009
4,8550,0.0009
4,9971,0.0009
4,7705,0.0009
4,6019,0.0009
4,9311,0.0009
4,7143,0.0009
4,6633,0.0009
4,5467,0.0009
4,8551,0.0009
4,9577,0.0009
4,8773,0.0009
4,7635,0.0009
4,7887,0.0009
4,8094,0.0009
4,7877,0.0009
4,8198,0.0009
4,9209,0.0009
4,5528,0.0009
4,9886,0.0009
4,5665,0.0009
4,6422,0.0009
4,6535,0.0009
4,9695,0.0009
4,8717,0.0009
4,8776,0.0009
4,9889,0.0009
4,8905,0.0009
4,9048,0.0009
4,6596,0.0009
4,9658,0.0009
4,6789,0.0009
4,6624,0.0009
4,9451,0.0009
4,9773,0.0009
4,7547,0.0009
4,7958,0.0009
4,9330,0.0009
4,9107,0.0009
4,6509,0.0009
4,9467,0.0009
4,5069,0.0009
4,8418,0.0009
4,5187,0.0009
4,9962,0.0009
4,6736,0.0009
4,8158,0.0009
4,8401,0.0009
4,7664,0.0009
4,5112,0.0009
4,5469,0.0009
4,7327,0.0009
4,6657,0.0008
4,7314,0.0008
4,8783,0.0008
4,8371,0.0008
4,6651,0.0008
4,8111,0.0008
4,7095,0.0008
4,5998,0.0008
4,5676,0.0008
4,8194,0.0008
4,9993,0.0008
4,9058,0.0008
4,9185,0.0008
4,7975,0.0008
4,6037,0.0008
4,7188,0.0008
4,5143,0.0008
4,7196,0.0008
4,5419,0.0008
4,8493,0.0008
4,6220,0.0008
4,9010,0.0008
4,9002,0.0008
4,6981,0.0008
4,6233,0.0008
4,6140,0.0008
4,6938,0.0008
4,6426,0.0008
4,9378,0.0008
4,9038,0.0008
4,5494,0.0008
4,8593,0.0008
4,6852,0.0008
4,8022,0.0008
4,7859,0.0008
4,7420,0.0008
4,6701,0.0008
4,5426,0.0008
4,6729,0.0008
4,6111,0.0008
4,9767,0.0008
4,9383,0.0008
4,9434,0.0008
4,6170,0.0008
4,6687,0.0008
4,9924,0.0008
4,6454,0.0008
4,7896,0.0008
4,5487,0.0008
4,9982,0.0008
4,7113,0.0008
4,10013,0.0008
4,8711,0.0008
4,6609,0.0008
4,7997,0.0008
4,8755,0.0008
4,8759,0.0008
4,8704,0.0008
4,7330,0.0008
4,6706,0.0008
4,6344,0.0008
4,6007,0.0008
4,8632,0.0008
4,8553,0.0008
4,9696,0.0008
4,7384,0.0008
4,7881,0.0008
4,5495,0.0008
4,9905,0.0008
4,8275,0.0008
4,7969,0.0008
4,9281,0.0008
4,6639,0.0008
4,5078,0.0008
4,8637,0.0008
4,9858,0.0008
4,7034,0.0008
4,9717,0.0008
4,7972,0.0008
4,7631,0.0008
4,7286,0.0008
4,8332,0.0008
4,5857,0.0008
4,6837,0.0008
4,7683,0.0008
4,7571,0.0008
4,9233,0.0008
4,8322,0.0008
4,9429,0.0008
4,7180,0.0008
4,5152,0.0008
4,7601,0.0008
4,7104,0.0008
4,8473,0.0008
4,8841,0.0008
4,5446,0.0008
4,8886,0.0008
4,7557,0.0008
4,7775,0.0008
4,6626,0.0008
4,8171,0.0008
4,7785,0.0008
4,6401,0.0008
4,6247,0.0008
4,5160,0.0008
4,9471,0.0008
4,7141,0.0008
4,9777,0.0008
4,7063,0.0008
4,8090,0.0008
4,6808,0.0008
4,6958,0.0008
4,5287,0.0008
4,9794,0.0008
4,6899,0.0008
4,5191,0.0008
4,9798,0.0008
4,7841,0.0008
4,5749,0.0008
4,5015,0.0008
4,9846,0.0008
4,8915,0.0008
4,5868,0.0008
4,7450,0.0008
4,6785,0.0008
4,6380,0.0008
4,6569,0.0008
4,8868,0.0008
4,9899,0.0008
4,9980,0.0008
4,5961,0.0008
4,7153,0.0008
4,5544,0.0008
4,6222,0.0008
4,5028,0.0008
4,6810,0.0008
4,7393,0.0008
4,5481,0.0008
4,9683,0.0008
4,7371,0.0008
4,7504,0.0008
4,8696,0.0008
4,5853,0.0008
4,8642,0.0008
4,9921,0.0008
4,5186,0.0008
4,8785,0.0008
4,9490,0.0008
4,8953,0.0008
4,9538,0.0008
4,6708,0.0008
4,9338,0.0008
4,8795,0.0008
4,5206,0.0008
4,5151,0.0008
4,7604,0.0008
4,9595,0.0008
4,9779,0.0008
4,5935,0.0008
4,7573,0.0008
4,8357,0.0008
4,8833,0.0008
4,6353,0.0008
4,7565,0.0008
4,9045,0.0008
4,9776,0.0008
4,9020,0.0008
4,9242,0.0008
4,8459,0.0008
4,10000,0.0008
4,6175,0.0008
4,9313,0.0008
4,6371,0.0008
4,9637,0.0008
4,9502,0.0008
4,5803,0.0008
4,5575,0.0008
4,5389,0.0008
4,7365,0.0008
4,7015,0.0008
4,6060,0.0008
4,10005,0.0008
4,6449,0.0008
4,9337,0.0008
4,6819,0.0008
4,6983,0.0008
4,9036,0.0008
4,5195,0.0008
4,5477,0.0008
4,6345,0.0008
4,7737,0.0008
4,9126,0.0008
4,9122,0.0008
4,6241,0.0008
4,5827,0.0008
4,6328,0.0008
4,8072,0.0008
4,7489,0.0008
4,8835,0.0008
4,5896,0.0008
4,8100,0.0008
4,8539,0.0008
4,6603,0.0008
4,6283,0.0008
4,8917,0.0008
4,9606,0.0008
4,7299,0.0008
4,7059,0.0008
4,9111,0.0008
4,8274,0.0008
4,5444,0.0008
4,5070,0.0008
4,8752,0.0008
4,5081,0.0008
4,5525,0.0008
4,9405,0.0008
4,5422,0.0008
4,5441,0.0008
4,6021,0.0008
4,5633,0.0008
4,6531,0.0008
4,6768,0.0008
4,7852,0.0008
4,6416,0.0008
4,5681,0.0008
4,9722,0.0008
4,8900,0.0008
4,5079,0.0008
4,6528,0.0008
4,9965,0.0008
4,8214,0.0008
4,8403,0.0008
4,6201,0.0008
4,8565,0.0008
4,8156,0.0008
4,5415,0.0008
4,8812,0.0008
4,9186,0.0008
4,7909,0.0008
4,5076,0.0008
4,7770,0.0008
4,9127,0.0008
4,8844,0.0008
4,5938,0.0008
4,9768,0.0008
4,5910,0.0008
4,9035,0.0008
4,5460,0.0008
4,5833,0.0008
4,7554,0.0008
4,8846,0.0008
4,7976,0.0007
4,5372,0.0007
4,9011,0.0007
4,8865,0.0007
4,8200,0.0007
4,6014,0.0007
4,8056,0.0007
4,7521,0.0007
4,7632,0.0007
4,5555,0.0007
4,6041,0.0007
4,7809,0.0007
4,7422,0.0007
4,9529,0.0007
4,5660,0.0007
4,6871,0.0007
4,5248,0.0007
4,9118,0.0007
4,5008,0.0007
4,5458,0.0007
4,5659,0.0007
4,8599,0.0007
4,6450,0.0007
4,9244,0.0007
4,9452,0.0007
4,7103,0.0007
4,8095,0.0007
4,5385,0.0007
4,9144,0.0007
4,9231,0.0007
4,7288,0.0007
4,5041,0.0007
4,9069,0.0007
4,9043,0.0007
4,7772,0.0007
4,8444,0.0007
4,9575,0.0007
4,5724,0.0007
4,5601,0.0007
4,6433,0.0007
4,5475,0.0007
4,6027,0.0007
4,6143,0.0007
4,10004,0.0007
4,9723,0.0007
4,6276,0.0007
4,6342,0.0007
4,8140,0.0007
4,7988,0.0007
4,6195,0.0007
4,9441,0.0007
4,5224,0.0007
4,5054,0.0007
4,5029,0.0007
4,8608,0.0007
4,8297,0.0007
4,6270,0.0007
4,6562,0.0007
4,8598,0.0007
4,9786,0.0007
4,6530,0.0007
4,9018,0.0007
4,6817,0.0007
4,5909,0.0007
4,6597,0.0007
4,5278,0.0007
4,8352,0.0007
4,7676,0.0007
4,5912,0.0007
4,7155,0.0007
4,7368,0.0007
4,9375,0.0007
4,9815,0.0007
4,5907,0.0007
4,7712,0.0007
4,8932,0.0007
4,6584,0.0007
4,8997,0.0007
4,6322,0.0007
4,8937,0.0007
4,8721,0.0007
4,7381,0.0007
4,7912,0.0007
4,6804,0.0007
4,7933,0.0007
4,7337,0.0007
4,7667,0.0007
4,5712,0.0007
4,9143,0.0007
4,8417,0.0007
4,6015,0.0007
4,6017,0.0007
4,7418,0.0007
4,6028,0.0007
4,5728,0.0007
4,7884,0.0007
4,9029,0.0007
4,9406,0.0007
4,7716,0.0007
4,7983,0.0007
4,8701,0.0007
4,7581,0.0007
4,7039,0.0007
4,5626,0.0007
4,9060,0.0007
4,7812,0.0007
4,9453,0.0007
4,9165,0.0007
4,6946,0.0007
4,5235,0.0007
4,5802,0.0007
4,5443,0.0007
4,9417,0.0007
4,5270,0.0007
4,5836,0.0007
4,6228,0.0007
4,9814,0.0007
4,8428,0.0007
4,7934,0.0007
4,9636,0.0007
4,8321,0.0007
4,8407,0.0007
4,9187,0.0007
4,5892,0.0007
4,6595,0.0007
4,6265,0.0007
4,7546,0.0007
4,5956,0.0007
4,5976,0.0007
4,8703,0.0007
4,6513,0.0007
4,7444,0.0007
4,9574,0.0007
4,5383,0.0007
4,7026,0.0007
4,7401,0.0007
4,8980,0.0007
4,8460,0.0007
4,5942,0.0007
4,5453,0.0007
4,6473,0.0007
4,8466,0.0007
4,8784,0.0007
4,7915,0.0007
4,7584,0.0007
4,9215,0.0007
4,7339,0.0007
4,5680,0.0007
4,8564,0.0007
4,6026,0.0007
4,6066,0.0007
4,7795,0.0007
4,5253,0.0007
4,7614,0.0007
4,6403,0.0007
4,9816,0.0007
4,5885,0.0007
4,6816,0.0007
4,5687,0.0007
4,8273,0.0007
4,5913,0.0007
4,9608,0.0007
4,6765,0.0007
4,7429,0.0007
4,5136,0.0007
4,8933,0.0007
4,6320,0.0007
4,8509,0.0007
4,7421,0.0007
4,8730,0.0007
4,6524,0.0007
4,8610,0.0007
4,9168,0.0007
4,9897,0.0007
4,9319,0.0007
4,6038,0.0007
4,9130,0.0007
4,5677,0.0007
4,6652,0.0007
4,9702,0.0007
4,6390,0.0007
4,8289,0.0007
4,9033,0.0007
4,5138,0.0007
4,7681,0.0007
4,5150,0.0007
4,5849,0.0007
4,6075,0.0007
4,7986,0.0007
4,9414,0.0007
4,8023,0.0007
4,9345,0.0007
4,8719,0.0007
4,6900,0.0007
4,7333,0.0007
4,7041,0.0007
4,8981,0.0007
4,7283,0.0007
4,9430,0.0007
4,9464,0.0007
4,5577,0.0007
4,9079,0.0007
4,9210,0.0007
4,6508,0.0007
4,8626,0.0007
4,10011,0.0007
4,8909,0.0007
4,8032,0.0006
4,8155,0.0006
4,5451,0.0006
4,8529,0.0006
4,7811,0.0006
4,5934,0.0006
4,6813,0.0006
4,7996,0.0006
4,5729,0.0006
4,9652,0.0006
4,9063,0.0006
4,8766,0.0006
4,7028,0.0006
4,8975,0.0006
4,7995,0.0006
4,6414,0.0006
4,5208,0.0006
4,7802,0.0006
4,7935,0.0006
4,9288,0.0006
4,9309,0.0006
4,9701,0.0006
4,8589,0.0006
4,9920,0.0006
4,7400,0.0006
4,9922,0.0006
4,9909,0.0006
4,9978,0.0006
4,6507,0.0006
4,8557,0.0006
4,6598,0.0006
4,7670,0.0006
4,6628,0.0006
4,8603,0.0006
4,9031,0.0006
4,9836,0.0006
4,7989,0.0006
4,8710,0.0006
4,7663,0.0006
4,6965,0.0006
4,9300,0.0006
4,8353,0.0006
4,8033,0.0006
4,8781,0.0006
4,6631,0.0006
4,7512,0.0006
4,5342,0.0006
4,5027,0.0006
4,7804,0.0006
4,8898,0.0006
4,7993,0.0006
4,9458,0.0006
4,5264,0.0006
4,7711,0.0006
4,8718,0.0006
4,5552,0.0006
4,9493,0.0006
4,6338,0.0006
4,6790,0.0006
4,6980,0.0006
4,6940,0.0006
4,7680,0.0006
4,7703,0.0006
4,8137,0.0006
4,9733,0.0006
4,8634,0.0006
4,7817,0.0006
4,6898,0.0006
4,6552,0.0006
4,8597,0.0006
4,8635,0.0006
4,5339,0.0006
4,5921,0.0006
4,5726,0.0006
4,9376,0.0006
4,6801,0.0006
4,5353,0.0006
4,7385,0.0006
4,9374,0.0006
4,7535,0.0006
4,9952,0.0006
4,6177,0.0006
4,6952,0.0006
4,5675,0.0006
4,6016,0.0006
4,5215,0.0006
4,7344,0.0006
4,9706,0.0006
4,6480,0.0006
4,6160,0.0006
4,5445,0.0006
4,7029,0.0006
4,7836,0.0006
4,6088,0.0006
4,8588,0.0006
4,8046,0.0006
4,8212,0.0006
4,9301,0.0006
4,8281,0.0006
4,6129,0.0006
4,5479,0.0006
4,9139,0.0006
4,5707,0.0006
4,6391,0.0006
4,8906,0.0006
4,7023,0.0006
4,6767,0.0006
4,7203,0.0006
4,7660,0.0006
4,10003,0.0006
4,6685,0.0006
4,6122,0.0006
4,5063,0.0006
4,7999,0.0006
4,6025,0.0006
4,9364,0.0006
4,6815,0.0006
4,6374,0.0006
4,7637,0.0006
4,7808,0.0006
4,7140,0.0006
4,8419,0.0005
4,7586,0.0005
4,9306,0.0005
4,6013,0.0005
4,5259,0.0005
4,6366,0.0005
4,5537,0.0005
4,8027,0.0005
4,7543,0.0005
4,7607,0.0005
4,9850,0.0005
4,9023,0.0005
4,5845,0.0005
4,7807,0.0005
4,6551,0.0005
4,5790,0.0005
4,6271,0.0005
4,8385,0.0005
4,6739,0.0005
4,7864,0.0005
4,8923,0.0005
4,7205,0.0005
4,8142,0.0005
4,9336,0.0005
4,8706,0.0005
4,7991,0.0005
4,8647,0.0005
4,8669,0.0005
4,7656,0.0005
4,9915,0.0005
4,9995,0.0005
4,8109,0.0005
4,5723,0.0005
4,7146,0.0005
4,7006,0.0005
4,7445,0.0005
4,8477,0.0005
4,5216,0.0005
4,7210,0.0005
4,9218,0.0005
4,7636,0.0005
4,5407,0.0005
4,9737,0.0005
4,7287,0.0005
4,6312,0.0005
4,7217,0.0005
4,8521,0.0005
4,5164,0.0005
4,9787,0.0005
4,5188,0.0005
4,8708,0.0005
4,6421,0.0005
4,8995,0.0005
4,5227,0.0005
4,9333,0.0005
4,7994,0.0005
4,8683,0.0005
4,5798,0.0005
4,8927,0.0005
4,6623,0.0005
4,9258,0.0005
4,10014,0.0005
4,5736,0.0005
4,8191,0.0005
4,9999,0.0005
4,7165,0.0005
4,6811,0.0005
4,7945,0.0005
4,5184,0.0005
4,7658,0.0005
4,9409,0.0005
4,7774,0.0005
4,5217,0.0005
4,8782,0.0005
4,8152,0.0005
4,8968,0.0005
4,7018,0.0005
4,5550,0.0005
4,8777,0.0005
4,5344,0.0005
4,6936,0.0005
4,5678,0.0005
4,9770,0.0005
4,5146,0.0005
4,8530,0.0005
4,8203,0.0005
4,9506,0.0005
4,7410,0.0005
4,6567,0.0005
4,9022,0.0005
4,6153,0.0005
4,8029,0.0005
4,9790,0.0005
4,9906,0.0005
4,8430,0.0005
4,8183,0.0005
4,5557,0.0005
4,9380,0.0005
4,9818,0.0005
4,7094,0.0005
4,6279,0.0005
4,8750,0.0005
4,8904,0.0005
4,7406,0.0005
4,5391,0.0005
4,9832,0.0005
4,7369,0.0005
4,5565,0.0005
4,5149,0.0005
4,9273,0.0005
4,6553,0.0005
4,7810,0.0005
4,7818,0.0005
4,5356,0.0005
4,5285,0.0005
4,7122,0.0005
4,7058,0.0005
4,5349,0.0005
4,9820,0.0005
4,8531,0.0005
4,8492,0.0005
4,9712,0.0005
4,7649,0.0005
4,6582,0.0005
4,6113,0.0005
4,9752,0.0005
4,8057,0.0005
4,7618,0.0005
4,5163,0.0004
4,8078,0.0004
4,8167,0.0004
4,5091,0.0004
4,9522,0.0004
4,8345,0.0004
4,5689,0.0004
4,9400,0.0004
4,8197,0.0004
4,7987,0.0004
4,5905,0.0004
4,8068,0.0004
4,8899,0.0004
4,6800,0.0004
4,7358,0.0004
4,5978,0.0004
4,8862,0.0004
4,9303,0.0004
4,6538,0.0004
4,8815,0.0004
4,9862,0.0004
4,7657,0.0004
4,5542,0.0004
4,7953,0.0004
4,5260,0.0004
4,8240,0.0004
4,7440,0.0004
4,8714,0.0004
4,9298,0.0004
4,9373,0.0004
4,5284,0.0004
4,5442,0.0004
4,6388,0.0004
4,6764,0.0004
4,7582,0.0004
4,7625,0.0004
4,8055,0.0004
4,8998,0.0004
4,5804,0.0004
4,8054,0.0004
4,7706,0.0004
4,5643,0.0004
4,6119,0.0004
4,6091,0.0004
4,7465,0.0004
4,9147,0.0004
4,6402,0.0004
4,5283,0.0004
4,9997,0.0004
4,6735,0.0004
4,7139,0.0004
4,8153,0.0004
4,6693,0.0004
4,6010,0.0004
4,8814,0.0004
4,6935,0.0004
4,5872,0.0004
4,8645,0.0004
4,7932,0.0004
4,5196,0.0004
4,6020,0.0004
4,9141,0.0004
4,7522,0.0004
4,7005,0.0004
4,6653,0.0004
4,7380,0.0004
4,5908,0.0004
4,8502,0.0004
4,5624,0.0004
4,6545,0.0004
4,6865,0.0004
4,9736,0.0004
4,9129,0.0004
4,7559,0.0004
4,9690,0.0004
4,9754,0.0004
4,6065,0.0003
4,6221,0.0003
4,7561,0.0003
4,5398,0.0003
4,5772,0.0003
4,5371,0.0003
4,7936,0.0003
4,6163,0.0003
4,7895,0.0003
4,6511,0.0003
4,7112,0.0003
4,5720,0.0003
4,7211,0.0003
4,6300,0.0003
4,6281,0.0003
4,5040,0.0003
4,5576,0.0003
4,5198,0.0003
4,9117,0.0003
4,6937,0.0003
4,9146,0.0003
4,6363,0.0003
4,6654,0.0003
4,6350,0.0003
4,9996,0.0003
4,5574,0.0003
4,8749,0.0003
4,8182,0.0003
4,6680,0.0003
4,7545,0.0003
4,8498,0.0003
4,5316,0.0003
4,8653,0.0003
4,6309,0.0003
4,7446,0.0002
4,9835,0.0002
4,8636,0.0002
4,6194,0.0002
4,9030,0.0002
4,5390,0.0002
4,6502,0.0002
4,5773,0.0002
4,9613,0.0002
4,8490,0.0002
4,5617,0.0002
4,7493,0.0002
4,6130,0.0002
4,7944,0.0001
4,9272,0.0001
4,7672,0.0001
4,5782,0.0001
5,7204,0.4371
5,6636,0.2399
5,8411,0.2060
5,5421,0.1880
5,8282,0.1838
5,6082,0.1569
5,9905,0.1516
5,9256,0.1504
5,6371,0.1271
5,6416,0.1240
5,5971,0.1212
5,5267,0.1196
5,8816,0.1157
5,5975,0.1051
5,7207,0.1012
5,9143,0.0985
5,6270,0.0784
5,9752,0.0737
5,5361,0.0731
5,6422,0.0646
5,8421,0.0611
5,7324,0.0603
5,5614,0.0521
5,6078,0.0480
5,8855,0.0463
5,8778,0.0460
5,6532,0.0436
5,7469,0.0401
5,6760,0.0361
5,9916,0.0330
5,5242,0.0325
5,9866,0.0311
5,7063,0.0261
5,7562,0.0260
5,8646,0.0246
5,9713,0.0243
5,7004,0.0242
5,8771,0.0223
5,6883,0.0222
5,8939,0.0217
5,8354,0.0213
5,8014,0.0210
5,8370,0.0207
5,7340,0.0206
5,7125,0.0185
5,8946,0.0185
5,8624,0.0181
5,9427,0.0179
5,9857,0.0179
5,6245,0.0177
5,7642,0.0165
5,7477,0.0164
5,7877,0.0158
5,5234,0.0150
5,8424,0.0144
5,8047,0.0143
5,6756,0.0143
5,6369,0.0139
5,5601,0.0135
5,5070,0.0134
5,6207,0.0130
5,9528,0.0130
5,8619,0.0127
5,6276,0.0125
5,9887,0.0125
5,5962,0.0124
5,5202,0.0123
5,9879,0.0122
5,6208,0.0121
5,7275,0.0121
5,5940,0.0120
5,6254,0.0120
5,5987,0.0116
5,8839,0.0116
5,7161,0.0116
5,6260,0.0114
5,7921,0.0111
5,9046,0.0111
5,9368,0.0111
5,5819,0.0110
5,7108,0.0110
5,8567,0.0108
5,9872,0.0107
5,5431,0.0106
5,7612,0.0104
5,5751,0.0104
5,5113,0.0103
5,8532,0.0098
5,8789,0.0098
5,5083,0.0097
5,8166,0.0096
5,6087,0.0096
5,9036,0.0095
5,6591,0.0092
5,8470,0.0092
5,8802,0.0090
5,6273,0.0088
5,8810,0.0088
5,8434,0.0088
5,5835,0.0087
5,9012,0.0087
5,8868,0.0086
5,5587,0.0085
5,9512,0.0084
5,7101,0.0082
5,6408,0.0082
5,5635,0.0080
5,5294,0.0079
5,6037,0.0079
5,8803,0.0079
5,10027,0.0079
5,5185,0.0078
5,8824,0.0077
5,7471,0.0076
5,5211,0.0075
5,5245,0.0074
5,6879,0.0073
5,8638,0.0070
5,6832,0.0068
5,8018,0.0067
5,7325,0.0067
5,9439,0.0067
5,9181,0.0066
5,7634,0.0065
5,7338,0.0064
5,9921,0.0064
5,5304,0.0063
5,5032,0.0062
5,5239,0.0061
5,9933,0.0060
5,5360,0.0060
5,6637,0.0060
5,5262,0.0059
5,7717,0.0058
5,6198,0.0057
5,5102,0.0057
5,6189,0.0057
5,8366,0.0056
5,5765,0.0055
5,6368,0.0055
5,8314,0.0055
5,6320,0.0054
5,10031,0.0054
5,9438,0.0054
5,9869,0.0053
5,6433,0.0053
5,8764,0.0053
5,7679,0.0053
5,8315,0.0052
5,6162,0.0051
5,9045,0.0050
5,7662,0.0049
5,5970,0.0049
5,5329,0.0048
5,9039,0.0048
5,6212,0.0047
5,7816,0.0047
5,8758,0.0047
5,7050,0.0047
5,8809,0.0046
5,6751,0.0045
5,5760,0.0045
5,7223,0.0042
5,5954,0.0042
5,5950,0.0040
5,6912,0.0039
5,9446,0.0038
5,8740,0.0037
5,8966,0.0037
5,6292,0.0036
5,6473,0.0034
5,7289,0.0033
5,5306,0.0033
5,8445,0.0033
5,8440,0.0030
5,6485,0.0027
5,8902,0.0025
5,9355,0.0023
5,6656,0.0023
5,7307,0.0023
5,6280,0.0023
5,7461,0.0022
5,8135,0.0022
5,9455,0.0022
5,8853,0.0022
5,5499,0.0022
5,9431,0.0022
5,7796,0.0021
5,9620,0.0021
5,6554,0.0021
5,7889,0.0020
5,5714,0.0020
5,5847,0.0020
5,8934,0.0020
5,8487,0.0019
5,8143,0.0019
5,6655,0.0019
5,6543,0.0019
5,9354,0.0019
5,7098,0.0019
5,7312,0.0019
5,7000,0.0019
5,9842,0.0019
5,5852,0.0019
5,9496,0.0019
5,7575,0.0019
5,7524,0.0019
5,5231,0.0019
5,10002,0.0019
5,6740,0.0018
5,8088,0.0018
5,9926,0.0018
5,6763,0.0018
5,5654,0.0018
5,7763,0.0018
5,9217,0.0018
5,9213,0.0018
5,6142,0.0018
5,9884,0.0018
5,7776,0.0018
5,9465,0.0018
5,7906,0.0018
5,9604,0.0018
5,7715,0.0018
5,6362,0.0018
5,9097,0.0018
5,7797,0.0018
5,8528,0.0018
5,9641,0.0018
5,6062,0.0018
5,7003,0.0018
5,8549,0.0017
5,5405,0.0017
5,6018,0.0017
5,7016,0.0017
5,8280,0.0017
5,5369,0.0017
5,8894,0.0017
5,6993,0.0017
5,9509,0.0017
5,9640,0.0017
5,7957,0.0017
5,8621,0.0017
5,7861,0.0017
5,8013,0.0017
5,5237,0.0017
5,7743,0.0017
5,5232,0.0017
5,9622,0.0017
5,8398,0.0017
5,5347,0.0017
5,8897,0.0017
5,6083,0.0017
5,7924,0.0017
5,8753,0.0017
5,6876,0.0017
5,7297,0.0017
5,7065,0.0017
5,9623,0.0017
5,6048,0.0017
5,6214,0.0017
5,9487,0.0017
5,9870,0.0017
5,8912,0.0017
5,9248,0.0017
5,6365,0.0017
5,6246,0.0017
5,6745,0.0017
5,9463,0.0017
5,7428,0.0017
5,8511,0.0017
5,6055,0.0017
5,5699,0.0017
5,5265,0.0017
5,5610,0.0017
5,9481,0.0017
5,6585,0.0017
5,6464,0.0017
5,5173,0.0017
5,9372,0.0017
5,5797,0.0017
5,5318,0.0017
5,9750,0.0017
5,7742,0.0017
5,9265,0.0017
5,8121,0.0017
5,8821,0.0017
5,7463,0.0017
5,7885,0.0016
5,9009,0.0016
5,6316,0.0016
5,6409,0.0016
5,6560,0.0016
5,9016,0.0016
5,6477,0.0016
5,6399,0.0016
5,8878,0.0016
5,9727,0.0016
5,8146,0.0016
5,6644,0.0016
5,5478,0.0016
5,9491,0.0016
5,6559,0.0016
5,7886,0.0016
5,6084,0.0016
5,8926,0.0016
5,6183,0.0016
5,8519,0.0016
5,9192,0.0016
5,5359,0.0016
5,7914,0.0016
5,6615,0.0016
5,7827,0.0016
5,7502,0.0016
5,8952,0.0016
5,7754,0.0016
5,8457,0.0016
5,5636,0.0016
5,9191,0.0016
5,9560,0.0016
5,8060,0.0016
5,8569,0.0016
5,7962,0.0016
5,6458,0.0016
5,5058,0.0016
5,9792,0.0016
5,6882,0.0016
5,9867,0.0016
5,5517,0.0016
5,8180,0.0016
5,8541,0.0016
5,7927,0.0016
5,6982,0.0016
5,6842,0.0016
5,5045,0.0016
5,5053,0.0016
5,5010,0.0016
5,6913,0.0016
5,5744,0.0016
5,9188,0.0016
5,8896,0.0016
5,9793,0.0016
5,9392,0.0016
5,5450,0.0016
5,6848,0.0016
5,5742,0.0016
5,8910,0.0016
5,7515,0.0016
5,8695,0.0016
5,7300,0.0016
5,6174,0.0016
5,5701,0.0016
5,6370,0.0016
5,5989,0.0016
5,8131,0.0016
5,6673,0.0016
5,8123,0.0016
5,6400,0.0016
5,8304,0.0016
5,9176,0.0016
5,9211,0.0016
5,8356,0.0016
5,7057,0.0016
5,6694,0.0016
5,5120,0.0016
5,9480,0.0016
5,8237,0.0016
5,9783,0.0016
5,6566,0.0016
5,7046,0.0016
5,5277,0.0016
5,7790,0.0016
5,7788,0.0016
5,9977,0.0016
5,6064,0.0016
5,7950,0.0015
5,7415,0.0015
5,9844,0.0015
5,8053,0.0015
5,8059,0.0015
5,8420,0.0015
5,7498,0.0015
5,6004,0.0015
5,5258,0.0015
5,9232,0.0015
5,9469,0.0015
5,6249,0.0015
5,9327,0.0015
5,8163,0.0015
5,8341,0.0015
5,5783,0.0015
5,5424,0.0015
5,6172,0.0015
5,5768,0.0015
5,6611,0.0015
5,8161,0.0015
5,6463,0.0015
5,5293,0.0015
5,5941,0.0015
5,9447,0.0015
5,8207,0.0015
5,9095,0.0015
5,5346,0.0015
5,5596,0.0015
5,7860,0.0015
5,8185,0.0015
5,8124,0.0015
5,8644,0.0015
5,7292,0.0015
5,5317,0.0015
5,7072,0.0015
5,8517,0.0015
5,6332,0.0015
5,5786,0.0015
5,7441,0.0015
5,7097,0.0015
5,5518,0.0015
5,9976,0.0015
5,7190,0.0015
5,6746,0.0015
5,7590,0.0015
5,5730,0.0015
5,9486,0.0015
5,8616,0.0015
5,7364,0.0015
5,8969,0.0015
5,7468,0.0015
5,8105,0.0015
5,9015,0.0015
5,6858,0.0015
5,8260,0.0015
5,7643,0.0015
5,7699,0.0015
5,6975,0.0015
5,7596,0.0015
5,6622,0.0015
5,7321,0.0015
5,6326,0.0015
5,8584,0.0015
5,6846,0.0015
5,5807,0.0015
5,7555,0.0015
5,5640,0.0015
5,5413,0.0015
5,7480,0.0015
5,6519,0.0015
5,5974,0.0015
5,7056,0.0015
5,9437,0.0015
5,9407,0.0015
5,6090,0.0015
5,8066,0.0015
5,8849,0.0015
5,5071,0.0015
5,7570,0.0015
5,5567,0.0015
5,6427,0.0015
5,9653,0.0015
5,8924,0.0015
5,8263,0.0015
5,7499,0.0015
5,8829,0.0015
5,9928,0.0015
5,7513,0.0015
5,5671,0.0015
5,5098,0.0015
5,6372,0.0015
5,6787,0.0015
5,7116,0.0015
5,9103,0.0015
5,5176,0.0015
5,7848,0.0015
5,7532,0.0015
5,6202,0.0015
5,6340,0.0015
5,9725,0.0015
5,9763,0.0015
5,9282,0.0015
5,5401,0.0015
5,9239,0.0015
5,7760,0.0015
5,5564,0.0015
5,7276,0.0015
5,7900,0.0015
5,6196,0.0015
5,7708,0.0015
5,5320,0.0015
5,9381,0.0015
5,6229,0.0015
5,6351,0.0015
5,5219,0.0015
5,8537,0.0015
5,8386,0.0015
5,9289,0.0015
5,6072,0.0015
5,5703,0.0015
5,7531,0.0015
5,5717,0.0015
5,9197,0.0015
5,5110,0.0015
5,9698,0.0015
5,7879,0.0015
5,6550,0.0015
5,7318,0.0015
5,7071,0.0015
5,9489,0.0015
5,9930,0.0015
5,9948,0.0015
5,9894,0.0015
5,8941,0.0015
5,6080,0.0015
5,7873,0.0015
5,5732,0.0015
5,9091,0.0015
5,5238,0.0015
5,7506,0.0015
5,7638,0.0015
5,8149,0.0015
5,5497,0.0015
5,6136,0.0015
5,9114,0.0015
5,6081,0.0015
5,9854,0.0015
5,7600,0.0015
5,6675,0.0015
5,5869,0.0015
5,9255,0.0015
5,9810,0.0015
5,6921,0.0015
5,6096,0.0015
5,6204,0.0015
5,6492,0.0015
5,9189,0.0015
5,9286,0.0015
5,6902,0.0015
5,7020,0.0015
5,5025,0.0015
5,8464,0.0015
5,6581,0.0015
5,10020,0.0015
5,5863,0.0015
5,9432,0.0015
5,5212,0.0015
5,9102,0.0015
5,5646,0.0015
5,7640,0.0015
5,7412,0.0015
5,9426,0.0015
5,9223,0.0015
5,5171,0.0015
5,8002,0.0015
5,6515,0.0015
5,6243,0.0015
5,6465,0.0015
5,7509,0.0015
5,6563,0.0014
5,7750,0.0014
5,6495,0.0014
5,9954,0.0014
5,8393,0.0014
5,9843,0.0014
5,5498,0.0014
5,8067,0.0014
5,7793,0.0014
5,6985,0.0014
5,5572,0.0014
5,6775,0.0014
5,9488,0.0014
5,7630,0.0014
5,7678,0.0014
5,6481,0.0014
5,6218,0.0014
5,5434,0.0014
5,6092,0.0014
5,8435,0.0014
5,7882,0.0014
5,6095,0.0014
5,6887,0.0014
5,6840,0.0014
5,7880,0.0014
5,7107,0.0014
5,7942,0.0014
5,8639,0.0014
5,6200,0.0014
5,5603,0.0014
5,5775,0.0014
5,5330,0.0014
5,8148,0.0014
5,5824,0.0014
5,6903,0.0014
5,9624,0.0014
5,9363,0.0014
5,9497,0.0014
5,10028,0.0014
5,8394,0.0014
5,9057,0.0014
5,5243,0.0014
5,8479,0.0014
5,5455,0.0014
5,5080,0.0014
5,7434,0.0014
5,9410,0.0014
5,7073,0.0014
5,5380,0.0014
5,6373,0.0014
5,8186,0.0014
5,5042,0.0014
5,7761,0.0014
5,8568,0.0014
5,5387,0.0014
5,9137,0.0014
5,9074,0.0014
5,9494,0.0014
5,7845,0.0014
5,5629,0.0014
5,5559,0.0014
5,6688,0.0014
5,9397,0.0014
5,5257,0.0014
5,8629,0.0014
5,6034,0.0014
5,9728,0.0014
5,8064,0.0014
5,5898,0.0014
5,7070,0.0014
5,9178,0.0014
5,9994,0.0014
5,7937,0.0014
5,6456,0.0014
5,7622,0.0014
5,5881,0.0014
5,6384,0.0014
5,8617,0.0014
5,8562,0.0014
5,8268,0.0014
5,5201,0.0014
5,5580,0.0014
5,9291,0.0014
5,7091,0.0014
5,5064,0.0014
5,8831,0.0014
5,9115,0.0014
5,5256,0.0014
5,9004,0.0014
5,7747,0.0014
5,7278,0.0014
5,6725,0.0014
5,7832,0.0014
5,8347,0.0014
5,5046,0.0014
5,6613,0.0014
5,6847,0.0014
5,9379,0.0014
5,9229,0.0014
5,6544,0.0014
5,6479,0.0014
5,5364,0.0014
5,6577,0.0014
5,6547,0.0014
5,8233,0.0014
5,6499,0.0014
5,6036,0.0014
5,6555,0.0014
5,5210,0.0014
5,6272,0.0014
5,8291,0.0014
5,9361,0.0014
5,8512,0.0014
5,8343,0.0014
5,9672,0.0014
5,9929,0.0014
5,6360,0.0014
5,5929,0.0014
5,9517,0.0014
5,9756,0.0014
5,5984,0.0014
5,5612,0.0014
5,6663,0.0014
5,8368,0.0014
5,9676,0.0014
5,9799,0.0014
5,8113,0.0014
5,7925,0.0014
5,5590,0.0014
5,5230,0.0014
5,8443,0.0014
5,5282,0.0014
5,8432,0.0014
5,9907,0.0014
5,9177,0.0014
5,5051,0.0014
5,6059,0.0014
5,7702,0.0014
5,9367,0.0014
5,7910,0.0014
5,6660,0.0014
5,7457,0.0014
5,5333,0.0014
5,7305,0.0014
5,7348,0.0014
5,5124,0.0014
5,6845,0.0014
5,9849,0.0014
5,5777,0.0014
5,8248,0.0014
5,7295,0.0014
5,9563,0.0014
5,6476,0.0014
5,5145,0.0014
5,8042,0.0014
5,5402,0.0014
5,8085,0.0014
5,7946,0.0014
5,8423,0.0014
5,7193,0.0014
5,8563,0.0014
5,5354,0.0014
5,8301,0.0014
5,8507,0.0014
5,9154,0.0014
5,6474,0.0014
5,5628,0.0014
5,9321,0.0014
5,6996,0.0014
5,9718,0.0014
5,7798,0.0014
5,8648,0.0014
5,8950,0.0014
5,5795,0.0014
5,7992,0.0014
5,9990,0.0014
5,5840,0.0014
5,7382,0.0014
5,6805,0.0014
5,7628,0.0014
5,7416,0.0014
5,5781,0.0014
5,6253,0.0014
5,6988,0.0014
5,9638,0.0014
5,5770,0.0014
5,6992,0.0014
5,9932,0.0014
5,7084,0.0014
5,5097,0.0014
5,6754,0.0014
5,7322,0.0014
5,5706,0.0014
5,5386,0.0014
5,9238,0.0014
5,5994,0.0014
5,8324,0.0014
5,9700,0.0014
5,8337,0.0014
5,5056,0.0014
5,6891,0.0014
5,6191,0.0014
5,7462,0.0014
5,9027,0.0014
5,8335,0.0014
5,6888,0.0014
5,5341,0.0014
5,9120,0.0014
5,5031,0.0014
5,8120,0.0014
5,5767,0.0014
5,5379,0.0014
5,7012,0.0014
5,7431,0.0014
5,6093,0.0014
5,7047,0.0014
5,7619,0.0014
5,9878,0.0014
5,5851,0.0014
5,8030,0.0014
5,5862,0.0014
5,7510,0.0014
5,9904,0.0014
5,9534,0.0014
5,8292,0.0014
5,6772,0.0014
5,5309,0.0014
5,9645,0.0014
5,7752,0.0014
5,7079,0.0014
5,6127,0.0014
5,5020,0.0014
5,9017,0.0014
5,8728,0.0014
5,8451,0.0014
5,9474,0.0014
5,7594,0.0014
5,5988,0.0014
5,8399,0.0014
5,6314,0.0014
5,8199,0.0014
5,6278,0.0014
5,6859,0.0014
5,6035,0.0014
5,9746,0.0014
5,6914,0.0014
5,5721,0.0014
5,8139,0.0014
5,7082,0.0014
5,10024,0.0014
5,5511,0.0014
5,8405,0.0014
5,6331,0.0014
5,10016,0.0014
5,5082,0.0014
5,8339,0.0014
5,9384,0.0014
5,5818,0.0014
5,7064,0.0014
5,9865,0.0014
5,6863,0.0014
5,7968,0.0014
5,8700,0.0014
5,8104,0.0014
5,8860,0.0014
5,8847,0.0014
5,8391,0.0014
5,8935,0.0014
5,7641,0.0014
5,8848,0.0014
5,9665,0.0014
5,8063,0.0014
5,5563,0.0014
5,7959,0.0014
5,5855,0.0014
5,7623,0.0014
5,7751,0.0014
5,8438,0.0014
5,5826,0.0014
5,6227,0.0014
5,8548,0.0014
5,8811,0.0014
5,6719,0.0014
5,7923,0.0014
5,9241,0.0014
5,6133,0.0014
5,9518,0.0014
5,9158,0.0014
5,8215,0.0014
5,6357,0.0014
5,9198,0.0014
5,7786,0.0014
5,8674,0.0014
5,7437,0.0014
5,5697,0.0013
5,7697,0.0013
5,7483,0.0013
5,8727,0.0013
5,7156,0.0013
5,6668,0.0013
5,9714,0.0013
5,6886,0.0013
5,8780,0.0013
5,9236,0.0013
5,6154,0.0013
5,8571,0.0013
5,9650,0.0013
5,5554,0.0013
5,6413,0.0013
5,7519,0.0013
5,5100,0.0013
5,6089,0.0013
5,7824,0.0013
5,8822,0.0013
5,7917,0.0013
5,8261,0.0013
5,6868,0.0013
5,5592,0.0013
5,7298,0.0013
5,7038,0.0013
5,8285,0.0013
5,6911,0.0013
5,9240,0.0013
5,5107,0.0013
5,8908,0.0013
5,8084,0.0013
5,8736,0.0013
5,6232,0.0013
5,6627,0.0013
5,9692,0.0013
5,7801,0.0013
5,9485,0.0013
5,8089,0.0013
5,9295,0.0013
5,8348,0.0013
5,6124,0.0013
5,9121,0.0013
5,8028,0.0013
5,7626,0.0013
5,8389,0.0013
5,7013,0.0013
5,7731,0.0013
5,7552,0.0013
5,5519,0.0013
5,9068,0.0013
5,8402,0.0013
5,7284,0.0013
5,8513,0.0013
5,5368,0.0013
5,8330,0.0013
5,7425,0.0013
5,5850,0.0013
5,8320,0.0013
5,9833,0.0013
5,8882,0.0013
5,6807,0.0013
5,9998,0.0013
5,8522,0.0013
5,7019,0.0013
5,5279,0.0013
5,8606,0.0013
5,9124,0.0013
5,7621,0.0013
5,5500,0.0013
5,9859,0.0013
5,5086,0.0013
5,5466,0.0013
5,6295,0.0013
5,7723,0.0013
5,8872,0.0013
5,6916,0.0013
5,9839,0.0013
5,5052,0.0013
5,5085,0.0013
5,7858,0.0013
5,8903,0.0013
5,8295,0.0013
5,8093,0.0013
5,6851,0.0013
5,8947,0.0013
5,7872,0.0013
5,6045,0.0013
5,8349,0.0013
5,9593,0.0013
5,7722,0.0013
5,7017,0.0013
5,8494,0.0013
5,6862,0.0013
5,6329,0.0013
5,5692,0.0013
5,8160,0.0013
5,8170,0.0013
5,6864,0.0013
5,9133,0.0013
5,9086,0.0013
5,5244,0.0013
5,6977,0.0013
5,5374,0.0013
5,5553,0.0013
5,8382,0.0013
5,6242,0.0013
5,5225,0.0013
5,6856,0.0013
5,7303,0.0013
5,9105,0.0013
5,5647,0.0013
5,7792,0.0013
5,6621,0.0013
5,9834,0.0013
5,5352,0.0013
5,6171,0.0013
5,9140,0.0013
5,9352,0.0013
5,5155,0.0013
5,7609,0.0013
5,8607,0.0013
5,5830,0.0013
5,8832,0.0013
5,6762,0.0013
5,8622,0.0013
5,6437,0.0013
5,7892,0.0013
5,6590,0.0013
5,8826,0.0013
5,5326,0.0013
5,6461,0.0013
5,5619,0.0013
5,8660,0.0013
5,7666,0.0013
5,8819,0.0013
5,9611,0.0013
5,7173,0.0013
5,9475,0.0013
5,5022,0.0013
5,7120,0.0013
5,7846,0.0013
5,7459,0.0013
5,7454,0.0013
5,7929,0.0013
5,9536,0.0013
5,5281,0.0013
5,8554,0.0013
5,7734,0.0013
5,6880,0.0013
5,9868,0.0013
5,7007,0.0013
5,6576,0.0013
5,5718,0.0013
5,5755,0.0013
5,5142,0.0013
5,6411,0.0013
5,6881,0.0013
5,7136,0.0013
5,5246,0.0013
5,5048,0.0013
5,5632,0.0013
5,8044,0.0013
5,9201,0.0013
5,6830,0.0013
5,5925,0.0013
5,7168,0.0013
5,9492,0.0013
5,10008,0.0013
5,8404,0.0013
5,7182,0.0013
5,5345,0.0013
5,8834,0.0013
5,9096,0.0013
5,8779,0.0013
5,8729,0.0013
5,9523,0.0013
5,8305,0.0013
5,8578,0.0013
5,8306,0.0013
5,6759,0.0013
5,8654,0.0013
5,8658,0.0013
5,9968,0.0013
5,7359,0.0013
5,5508,0.0013
5,6069,0.0013
5,6071,0.0013
5,9482,0.0013
5,9131,0.0013
5,9927,0.0013
5,7409,0.0013
5,9585,0.0013
5,5399,0.0013
5,6841,0.0013
5,7578,0.0013
5,9325,0.0013
5,8737,0.0013
5,5996,0.0013
5,8859,0.0013
5,7551,0.0013
5,7329,0.0013
5,6085,0.0013
5,7336,0.0013
5,7045,0.0013
5,9343,0.0013
5,5343,0.0013
5,6849,0.0013
5,7473,0.0013
5,9811,0.0013
5,5396,0.0013
5,8383,0.0013
5,8544,0.0013
5,10033,0.0013
5,7738,0.0013
5,7208,0.0013
5,8270,0.0013
5,9042,0.0013
5,8165,0.0013
5,9053,0.0013
5,6766,0.0013
5,6665,0.0013
5,6650,0.0013
5,6395,0.0013
5,8258,0.0013
5,9296,0.0013
5,8754,0.0013
5,9323,0.0013
5,9898,0.0013
5,9293,0.0013
5,5157,0.0013
5,8994,0.0013
5,9404,0.0013
5,7599,0.0013
5,6986,0.0013
5,7172,0.0013
5,5400,0.0013
5,5043,0.0013
5,7069,0.0013
5,7854,0.0013
5,5936,0.0013
5,9765,0.0013
5,8147,0.0013
5,8040,0.0013
5,6784,0.0013
5,7123,0.0013
5,10030,0.0013
5,5539,0.0013
5,9841,0.0013
5,6315,0.0013
5,9627,0.0013
5,6488,0.0013
5,7128,0.0013
5,6634,0.0013
5,8307,0.0013
5,9149,0.0013
5,5605,0.0013
5,6112,0.0013
5,7088,0.0013
5,7602,0.0013
5,7486,0.0013
5,5702,0.0013
5,5261,0.0013
5,9366,0.0013
5,5241,0.0013
5,9385,0.0013
5,5972,0.0013
5,7285,0.0013
5,8061,0.0013
5,6949,0.0013
5,9425,0.0013
5,5997,0.0013
5,9562,0.0013
5,5860,0.0013
5,5959,0.0013
5,6669,0.0013
5,8596,0.0013
5,5593,0.0013
5,5752,0.0013
5,8294,0.0013
5,7828,0.0013
5,7467,0.0013
5,6375,0.0013
5,7024,0.0013
5,6788,0.0013
5,5358,0.0013
5,6505,0.0013
5,6683,0.0013
5,6367,0.0013
5,8690,0.0013
5,5918,0.0013
5,6031,0.0013
5,7888,0.0013
5,7411,0.0013
5,5001,0.0013
5,5362,0.0013
5,7870,0.0013
5,9911,0.0013
5,8266,0.0013
5,8942,0.0013
5,9853,0.0013
5,9567,0.0013
5,6661,0.0013
5,7054,0.0013
5,8190,0.0013
5,8574,0.0013
5,7762,0.0013
5,8045,0.0013
5,7773,0.0013
5,9247,0.0013
5,5586,0.0013
5,8299,0.0013
5,6383,0.0013
5,7181,0.0013
5,5514,0.0013
5,8772,0.0013
5,8656,0.0013
5,8168,0.0013
5,9163,0.0013
5,8869,0.0013
5,7320,0.0013
5,6999,0.0013
5,5780,0.0013
5,9726,0.0013
5,5068,0.0013
5,7051,0.0013
5,5057,0.0013
5,6930,0.0013
5,6429,0.0013
5,8455,0.0013
5,5710,0.0013
5,9881,0.0013
5,8309,0.0013
5,5030,0.0013
5,9142,0.0013
5,5203,0.0013
5,7803,0.0013
5,7527,0.0013
5,7639,0.0013
5,8264,0.0013
5,9055,0.0013
5,5000,0.0013
5,5301,0.0013
5,6942,0.0013
5,5523,0.0013
5,5250,0.0013
5,7971,0.0013
5,7782,0.0013
5,7746,0.0013
5,7842,0.0013
5,7466,0.0013
5,8119,0.0013
5,6793,0.0013
5,6334,0.0013
5,5075,0.0013
5,9749,0.0013
5,8184,0.0013
5,8206,0.0013
5,5131,0.0013
5,5420,0.0013
5,7061,0.0013
5,8501,0.0013
5,9633,0.0013
5,8694,0.0013
5,5394,0.0013
5,7931,0.0013
5,8058,0.0013
5,7777,0.0013
5,5484,0.0013
5,6347,0.0013
5,6073,0.0013
5,8154,0.0013
5,8468,0.0013
5,9092,0.0013
5,9893,0.0013
5,8761,0.0013
5,5716,0.0013
5,8725,0.0013
5,5708,0.0013
5,5746,0.0013
5,7548,0.0013
5,7213,0.0013
5,8786,0.0013
5,6120,0.0013
5,6467,0.0013
5,6649,0.0013
5,9472,0.0013
5,8919,0.0013
5,6681,0.0013
5,6215,0.0013
5,6470,0.0013
5,7482,0.0013
5,6602,0.0013
5,7443,0.0013
5,9243,0.0013
5,8651,0.0013
5,5547,0.0013
5,6620,0.0013
5,8929,0.0013
5,8390,0.0013
5,8723,0.0013
5,9089,0.0013
5,9419,0.0013
5,7518,0.0013
5,6548,0.0013
5,6642,0.0013
5,7304,0.0013
5,7952,0.0013
5,9967,0.0013
5,6361,0.0013
5,5530,0.0013
5,7525,0.0013
5,9972,0.0013
5,7334,0.0013
5,5977,0.0013
5,8384,0.0013
5,6976,0.0013
5,9625,0.0013
5,8577,0.0013
5,10018,0.0013
5,8581,0.0013
5,8110,0.0013
5,6712,0.0013
5,8453,0.0013
5,5448,0.0013
5,9135,0.0013
5,6354,0.0013
5,9828,0.0013
5,7129,0.0013
5,6990,0.0013
5,7363,0.0013
5,7085,0.0013
5,8806,0.0013
5,6579,0.0013
5,6500,0.0013
5,8050,0.0013
5,7980,0.0013
5,5595,0.0013
5,5418,0.0013
5,7805,0.0013
5,5128,0.0013
5,8425,0.0013
5,7200,0.0012
5,5594,0.0012
5,9287,0.0012
5,8128,0.0012
5,5172,0.0012
5,5365,0.0012
5,9914,0.0012
5,9473,0.0012
5,6446,0.0012
5,7485,0.0012
5,9800,0.0012
5,6134,0.0012
5,9697,0.0012
5,5774,0.0012
5,9947,0.0012
5,6905,0.0012
5,8823,0.0012
5,7206,0.0012
5,9973,0.0012
5,8547,0.0012
5,5292,0.0012
5,5865,0.0012
5,6077,0.0012
5,8640,0.0012
5,5922,0.0012
5,9183,0.0012
5,6203,0.0012
5,5395,0.0012
5,6439,0.0012
5,7106,0.0012
5,5370,0.0012
5,8284,0.0012
5,7350,0.0012
5,8580,0.0012
5,9732,0.0012
5,7481,0.0012
5,8083,0.0012
5,9099,0.0012
5,7714,0.0012
5,7528,0.0012
5,5037,0.0012
5,7843,0.0012
5,8070,0.0012
5,6307,0.0012
5,7118,0.0012
5,6658,0.0012
5,6193,0.0012
5,8005,0.0012
5,7335,0.0012
5,9082,0.0012
5,6216,0.0012
5,7568,0.0012
5,7114,0.0012
5,5834,0.0012
5,5337,0.0012
5,9019,0.0012
5,8436,0.0012
5,6573,0.0012
5,6148,0.0012
5,5209,0.0012
5,5181,0.0012
5,9044,0.0012
5,7647,0.0012
5,7352,0.0012
5,5182,0.0012
5,7713,0.0012
5,7536,0.0012
5,6814,0.0012
5,5192,0.0012
5,7290,0.0012
5,7954,0.0012
5,6378,0.0012
5,5109,0.0012
5,9260,0.0012
5,5298,0.0012
5,7036,0.0012
5,5546,0.0012
5,8209,0.0012
5,7589,0.0012
5,8201,0.0012
5,6662,0.0012
5,8159,0.0012
5,8243,0.0012
5,6926,0.0012
5,9946,0.0012
5,8999,0.0012
5,5957,0.0012
5,7100,0.0012
5,5272,0.0012
5,9703,0.0012
5,5926,0.0012
5,6823,0.0012
5,8272,0.0012
5,10021,0.0012
5,6157,0.0012
5,6496,0.0012
5,8465,0.0012
5,8901,0.0012
5,6773,0.0012
5,7042,0.0012
5,8130,0.0012
5,8685,0.0012
5,9226,0.0012
5,6753,0.0012
5,5516,0.0012
5,5255,0.0012
5,8437,0.0012
5,6099,0.0012
5,5033,0.0012
5,9477,0.0012
5,8062,0.0012
5,9505,0.0012
5,8213,0.0012
5,6792,0.0012
5,9621,0.0012
5,10001,0.0012
5,6860,0.0012
5,6161,0.0012
5,5038,0.0012
5,8396,0.0012
5,8245,0.0012
5,6397,0.0012
5,5526,0.0012
5,8854,0.0012
5,7839,0.0012
5,6878,0.0012
5,5759,0.0012
5,6616,0.0012
5,7390,0.0012
5,5817,0.0012
5,5758,0.0012
5,9821,0.0012
5,7784,0.0012
5,5059,0.0012
5,5930,0.0012
5,7587,0.0012
5,9252,0.0012
5,5312,0.0012
5,7102,0.0012
5,6186,0.0012
5,6047,0.0012
5,6325,0.0012
5,8798,0.0012
5,7035,0.0012
5,7386,0.0012
5,9669,0.0012
5,5808,0.0012
5,6497,0.0012
5,6150,0.0012
5,8271,0.0012
5,9679,0.0012
5,9180,0.0012
5,8879,0.0012
5,8876,0.0012
5,7152,0.0012
5,5841,0.0012
5,7040,0.0012
5,7769,0.0012
5,9769,0.0012
5,8699,0.0012
5,6614,0.0012
5,6101,0.0012
5,5355,0.0012
5,7651,0.0012
5,6927,0.0012
5,6890,0.0012
5,7215,0.0012
5,7700,0.0012
5,8503,0.0012
5,8707,0.0012
5,6877,0.0012
5,9663,0.0012
5,6197,0.0012
5,9860,0.0012
5,8302,0.0012
5,5541,0.0012
5,8842,0.0012
5,9484,0.0012
5,5657,0.0012
5,7585,0.0012
5,10022,0.0012
5,9206,0.0012
5,6123,0.0012
5,8575,0.0012
5,6483,0.0012
5,8770,0.0012
5,7831,0.0012
5,6453,0.0012
5,9251,0.0012
5,7756,0.0012
5,7822,0.0012
5,8691,0.0012
5,5534,0.0012
5,6386,0.0012
5,6050,0.0012
5,8665,0.0012
5,8107,0.0012
5,9106,0.0012
5,9891,0.0012
5,7347,0.0012
5,7526,0.0012
5,6491,0.0012
5,8628,0.0012
5,7183,0.0012
5,6970,0.0012
5,9549,0.0012
5,5848,0.0012
5,7277,0.0012
5,8334,0.0012
5,7541,0.0012
5,9935,0.0012
5,5864,0.0012
5,8071,0.0012
5,9000,0.0012
5,6076,0.0012
5,6105,0.0012
5,7904,0.0012
5,6306,0.0012
5,7383,0.0012
5,5137,0.0012
5,8661,0.0012
5,5820,0.0012
5,6625,0.0012
5,6794,0.0012
5,9157,0.0012
5,6251,0.0012
5,8388,0.0012
5,6231,0.0012
5,8693,0.0012
5,9285,0.0012
5,5645,0.0012
5,6778,0.0012
5,9684,0.0012
5,6289,0.0012
5,7487,0.0012
5,6052,0.0012
5,7682,0.0012
5,6303,0.0012
5,5438,0.0012
5,9152,0.0012
5,8652,0.0012
5,8359,0.0012
5,5289,0.0012
5,6452,0.0012
5,9470,0.0012
5,9901,0.0012
5,5667,0.0012
5,7214,0.0012
5,6549,0.0012
5,9514,0.0012
5,6821,0.0012
5,8856,0.0012
5,5700,0.0012
5,7323,0.0012
5,8015,0.0012
5,8210,0.0012
5,9166,0.0012
5,6424,0.0012
5,5776,0.0012
5,5741,0.0012
5,7707,0.0012
5,8748,0.0012
5,9249,0.0012
5,7595,0.0012
5,6478,0.0012
5,8117,0.0012
5,9688,0.0012
5,6730,0.0012
5,6959,0.0012
5,6009,0.0012
5,7291,0.0012
5,10025,0.0012
5,6594,0.0012
5,7815,0.0012
5,7982,0.0012
5,6358,0.0012
5,6761,0.0012
5,8346,0.0012
5,9387,0.0012
5,9401,0.0012
5,8967,0.0012
5,8709,0.0012
5,8836,0.0012
5,8227,0.0012
5,9148,0.0012
5,8276,0.0012
5,5002,0.0012
5,7212,0.0012
5,6164,0.0012
5,9173,0.0012
5,8326,0.0012
5,7505,0.0012
5,5945,0.0012
5,7014,0.0012
5,8447,0.0012
5,9566,0.0012
5,7789,0.0012
5,9371,0.0012
5,8858,0.0012
5,6601,0.0012
5,8145,0.0012
5,5543,0.0012
5,9228,0.0012
5,6906,0.0012
5,6752,0.0012
5,5870,0.0012
5,6873,0.0012
5,5327,0.0012
5,9630,0.0012
5,9511,0.0012
5,9550,0.0012
5,5982,0.0012
5,6797,0.0012
5,7516,0.0012
5,8712,0.0012
5,5271,0.0012
5,9554,0.0012
5,5844,0.0012
5,9851,0.0012
5,6580,0.0012
5,7310,0.0012
5,9760,0.0012
5,9788,0.0012
5,9274,0.0012
5,8630,0.0012
5,5792,0.0012
5,6533,0.0012
5,6165,0.0012
5,7826,0.0012
5,5722,0.0012
5,7560,0.0012
5,5955,0.0012
5,8365,0.0012
5,6382,0.0012
5,7308,0.0012
5,6250,0.0012
5,9284,0.0012
5,9047,0.0012
5,8857,0.0012
5,8911,0.0012
5,8450,0.0012
5,9268,0.0012
5,8358,0.0012
5,7629,0.0012
5,7479,0.0012
5,9964,0.0012
5,6185,0.0012
5,9128,0.0012
5,9283,0.0012
5,9856,0.0012
5,9394,0.0012
5,8992,0.0012
5,8329,0.0012
5,9208,0.0012
5,5837,0.0012
5,5859,0.0012
5,5784,0.0012
5,8974,0.0012
5,6442,0.0012
5,7346,0.0012
5,8091,0.0012
5,5662,0.0012
5,5472,0.0012
5,9594,0.0012
5,9411,0.0012
5,5392,0.0012
5,8251,0.0012
5,6418,0.0012
5,8505,0.0012
5,6908,0.0012
5,9050,0.0012
5,10034,0.0012
5,8230,0.0012
5,9433,0.0012
5,6619,0.0012
5,9006,0.0012
5,7105,0.0012
5,9123,0.0012
5,8982,0.0012
5,7076,0.0012
5,7394,0.0012
5,5061,0.0012
5,8945,0.0012
5,5062,0.0012
5,7134,0.0012
5,6870,0.0012
5,7011,0.0012
5,5005,0.0012
5,9598,0.0012
5,5273,0.0012
5,8246,0.0012
5,5266,0.0012
5,9253,0.0012
5,7388,0.0012
5,7158,0.0012
5,9365,0.0012
5,8594,0.0012
5,7533,0.0012
5,7060,0.0012
5,8760,0.0012
5,8374,0.0012
5,8516,0.0012
5,8813,0.0012
5,8538,0.0012
5,8150,0.0012
5,5761,0.0012
5,8006,0.0012
5,8471,0.0012
5,7799,0.0012
5,6317,0.0012
5,6829,0.0012
5,8837,0.0012
5,9681,0.0012
5,8768,0.0012
5,7833,0.0012
5,8019,0.0012
5,9014,0.0012
5,5545,0.0012
5,5737,0.0012
5,6471,0.0012
5,8590,0.0012
5,6190,0.0012
5,5766,0.0012
5,6293,0.0012
5,6884,0.0012
5,9564,0.0012
5,6187,0.0012
5,9785,0.0012
5,9153,0.0012
5,6699,0.0012
5,8830,0.0012
5,6264,0.0012
5,8895,0.0012
5,7315,0.0012
5,7898,0.0012
5,9988,0.0012
5,5417,0.0012
5,8034,0.0012
5,6527,0.0012
5,10007,0.0012
5,5437,0.0012
5,7476,0.0012
5,7615,0.0012
5,8977,0.0012
5,9664,0.0012
5,6738,0.0012
5,7226,0.0012
5,8891,0.0012
5,7608,0.0012
5,6786,0.0012
5,7813,0.0012
5,9535,0.0012
5,7673,0.0012
5,7903,0.0012
5,6540,0.0012
5,9949,0.0012
5,5363,0.0012
5,5178,0.0012
5,6117,0.0012
5,5429,0.0012
5,9495,0.0012
5,8087,0.0012
5,6152,0.0012
5,7025,0.0012
5,6749,0.0012
5,5715,0.0012
5,7748,0.0012
5,8611,0.0012
5,9182,0.0012
5,9951,0.0012
5,9979,0.0012
5,6825,0.0012
5,9912,0.0012
5,6248,0.0012
5,8102,0.0012
5,6396,0.0012
5,8020,0.0012
5,8679,0.0012
5,6969,0.0012
5,7419,0.0012
5,7781,0.0012
5,6355,0.0012
5,9579,0.0012
5,5669,0.0012
5,9205,0.0012
5,6305,0.0012
5,6324,0.0012
5,9382,0.0012
5,7099,0.0012
5,9413,0.0012
5,9280,0.0012
5,8722,0.0012
5,9221,0.0012
5,9277,0.0012
5,7916,0.0012
5,6697,0.0012
5,8546,0.0012
5,5538,0.0012
5,9913,0.0012
5,5778,0.0012
5,8267,0.0012
5,7192,0.0012
5,7501,0.0012
5,7442,0.0012
5,5170,0.0012
5,6743,0.0012
5,9110,0.0012
5,8446,0.0012
5,5800,0.0012
5,5673,0.0012
5,7691,0.0012
5,9699,0.0012
5,7577,0.0012
5,5979,0.0012
5,5763,0.0012
5,7494,0.0012
5,5769,0.0012
5,5566,0.0012
5,9838,0.0012
5,6755,0.0012
5,7847,0.0012
5,7735,0.0012
5,6244,0.0012
5,9034,0.0012
5,9160,0.0012
5,8877,0.0012
5,6255,0.0012
5,9507,0.0012
5,9609,0.0012
5,7696,0.0012
5,6213,0.0012
5,6967,0.0012
5,6330,0.0012
5,8448,0.0012
5,7345,0.0012
5,7109,0.0012
5,8277,0.0012
5,9459,0.0012
5,7397,0.0012
5,9085,0.0012
5,5846,0.0012
5,6032,0.0012
5,6352,0.0012
5,7202,0.0012
5,7890,0.0012
5,9931,0.0012
5,7783,0.0012
5,7167,0.0012
5,8601,0.0012
5,6757,0.0011
5,7491,0.0011
5,7834,0.0011
5,8892,0.0011
5,6670,0.0011
5,7556,0.0011
5,6599,0.0011
5,8151,0.0011
5,8887,0.0011
5,6296,0.0011
5,8313,0.0011
5,6286,0.0011
5,8943,0.0011
5,7960,0.0011
5,8486,0.0011
5,6781,0.0011
5,8808,0.0011
5,9615,0.0011
5,7053,0.0011
5,5325,0.0011
5,5433,0.0011
5,9910,0.0011
5,8893,0.0011
5,9478,0.0011
5,5377,0.0011
5,5750,0.0011
5,8204,0.0011
5,5584,0.0011
5,9445,0.0011
5,6094,0.0011
5,5825,0.0011
5,5427,0.0011
5,9741,0.0011
5,8008,0.0011
5,5461,0.0011
5,5923,0.0011
5,8928,0.0011
5,9132,0.0011
5,5838,0.0011
5,6933,0.0011
5,8362,0.0011
5,9466,0.0011
5,7745,0.0011
5,9600,0.0011
5,5233,0.0011
5,6974,0.0011
5,6872,0.0011
5,7755,0.0011
5,6617,0.0011
5,9331,0.0011
5,7274,0.0011
5,8570,0.0011
5,6407,0.0011
5,9335,0.0011
5,7965,0.0011
5,6001,0.0011
5,7871,0.0011
5,7031,0.0011
5,6758,0.0011
5,8936,0.0011
5,8222,0.0011
5,6510,0.0011
5,9224,0.0011
5,7749,0.0011
5,5404,0.0011
5,6799,0.0011
5,9304,0.0011
5,7174,0.0011
5,6290,0.0011
5,8566,0.0011
5,8794,0.0011
5,9738,0.0011
5,7739,0.0011
5,8520,0.0011
5,6682,0.0011
5,6040,0.0011
5,6541,0.0011
5,9764,0.0011
5,5569,0.0011
5,5606,0.0011
5,9533,0.0011
5,8488,0.0011
5,8527,0.0011
5,5822,0.0011
5,5319,0.0011
5,5502,0.0011
5,8600,0.0011
5,8129,0.0011
5,8269,0.0011
5,9553,0.0011
5,7654,0.0011
5,7319,0.0011
5,6820,0.0011
5,6284,0.0011
5,7956,0.0011
5,9263,0.0011
5,6997,0.0011
5,10037,0.0011
5,6961,0.0011
5,7197,0.0011
5,9353,0.0011
5,6806,0.0011
5,6857,0.0011
5,6219,0.0011
5,6051,0.0011
5,9644,0.0011
5,7396,0.0011
5,7027,0.0011
5,8666,0.0011
5,8234,0.0011
5,8595,0.0011
5,6529,0.0011
5,9804,0.0011
5,5709,0.0011
5,7970,0.0011
5,9159,0.0011
5,8325,0.0011
5,6385,0.0011
5,9617,0.0011
5,6987,0.0011
5,5842,0.0011
5,9852,0.0011
5,7534,0.0011
5,5787,0.0011
5,8576,0.0011
5,9136,0.0011
5,8774,0.0011
5,5332,0.0011
5,7838,0.0011
5,6294,0.0011
5,6398,0.0011
5,6893,0.0011
5,7179,0.0011
5,8340,0.0011
5,8369,0.0011
5,7280,0.0011
5,5047,0.0011
5,9822,0.0011
5,8392,0.0011
5,5887,0.0011
5,8125,0.0011
5,6600,0.0011
5,8373,0.0011
5,5134,0.0011
5,9984,0.0011
5,6166,0.0011
5,8914,0.0011
5,8484,0.0011
5,8807,0.0011
5,8873,0.0011
5,9468,0.0011
5,8303,0.0011
5,6517,0.0011
5,7062,0.0011
5,5463,0.0011
5,7939,0.0011
5,5084,0.0011
5,5094,0.0011
5,8890,0.0011
5,8964,0.0011
5,7529,0.0011
5,7520,0.0011
5,9943,0.0011
5,7067,0.0011
5,5531,0.0011
5,7191,0.0011
5,6612,0.0011
5,9651,0.0011
5,7922,0.0011
5,5425,0.0011
5,9013,0.0011
5,5600,0.0011
5,5313,0.0011
5,7918,0.0011
5,9230,0.0011
5,9061,0.0011
5,5468,0.0011
5,5190,0.0011
5,9051,0.0011
5,5823,0.0011
5,6234,0.0011
5,7432,0.0011
5,8463,0.0011
5,9824,0.0011
5,5960,0.0011
5,6523,0.0011
5,9342,0.0011
5,9757,0.0011
5,6782,0.0011
5,5183,0.0011
5,9795,0.0011
5,8495,0.0011
5,5858,0.0011
5,9974,0.0011
5,8144,0.0011
5,7764,0.0011
5,5129,0.0011
5,5009,0.0011
5,8175,0.0011
5,9855,0.0011
5,6833,0.0011
5,5175,0.0011
5,8986,0.0011
5,6605,0.0011
5,9339,0.0011
5,5023,0.0011
5,9271,0.0011
5,6468,0.0011
5,5932,0.0011
5,6726,0.0011
5,5906,0.0011
5,6376,0.0011
5,7414,0.0011
5,6336,0.0011
5,5644,0.0011
5,5308,0.0011
5,8011,0.0011
5,6425,0.0011
5,7646,0.0011
5,5964,0.0011
5,9420,0.0011
5,6822,0.0011
5,5608,0.0011
5,5965,0.0011
5,7955,0.0011
5,5296,0.0011
5,10029,0.0011
5,7857,0.0011
5,9225,0.0011
5,7496,0.0011
5,5649,0.0011
5,8256,0.0011
5,5854,0.0011
5,9646,0.0011
5,6379,0.0011
5,9344,0.0011
5,8205,0.0011
5,9227,0.0011
5,7830,0.0011
5,5878,0.0011
5,7176,0.0011
5,9961,0.0011
5,7080,0.0011
5,9602,0.0011
5,8741,0.0011
5,8583,0.0011
5,5307,0.0011
5,9003,0.0011
5,6236,0.0011
5,5482,0.0011
5,7814,0.0011
5,7353,0.0011
5,6645,0.0011
5,7209,0.0011
5,8582,0.0011
5,6512,0.0011
5,7452,0.0011
5,6534,0.0011
5,9660,0.0011
5,8219,0.0011
5,5658,0.0011
5,6490,0.0011
5,7227,0.0011
5,9436,0.0011
5,7389,0.0011
5,7137,0.0011
5,6557,0.0011
5,5801,0.0011
5,5252,0.0011
5,7430,0.0011
5,5983,0.0011
5,5036,0.0011
5,5179,0.0011
5,7905,0.0011
5,9308,0.0011
5,5122,0.0011
5,9444,0.0011
5,9975,0.0011
5,9649,0.0011
5,9969,0.0011
5,6115,0.0011
5,5096,0.0011
5,9519,0.0011
5,5135,0.0011
5,7874,0.0011
5,5199,0.0011
5,5412,0.0011
5,9151,0.0011
5,5939,0.0011
5,6904,0.0011
5,9525,0.0011
5,7110,0.0011
5,8189,0.0011
5,8649,0.0011
5,7503,0.0011
5,8993,0.0011
5,5980,0.0011
5,7538,0.0011
5,8958,0.0011
5,6434,0.0011
5,5101,0.0011
5,5754,0.0011
5,9782,0.0011
5,8101,0.0011
5,5035,0.0011
5,9461,0.0011
5,6966,0.0011
5,9390,0.0011
5,7052,0.0011
5,9245,0.0011
5,8000,0.0011
5,6106,0.0011
5,8504,0.0011
5,9134,0.0011
5,8037,0.0011
5,5065,0.0011
5,5290,0.0011
5,6889,0.0011
5,7296,0.0011
5,7569,0.0011
5,6659,0.0011
5,10039,0.0011
5,6291,0.0011
5,6713,0.0011
5,6494,0.0011
5,6428,0.0011
5,9626,0.0011
5,6695,0.0011
5,9449,0.0011
5,9196,0.0011
5,7127,0.0011
5,5503,0.0011
5,7475,0.0011
5,7008,0.0011
5,5888,0.0011
5,5711,0.0011
5,7893,0.0011
5,5648,0.0011
5,5115,0.0011
5,8615,0.0011
5,8763,0.0011
5,9104,0.0011
5,7863,0.0011
5,8948,0.0011
5,6698,0.0011
5,6173,0.0011
5,8874,0.0011
5,9985,0.0011
5,7033,0.0011
5,6702,0.0011
5,5651,0.0011
5,5532,0.0011
5,5004,0.0011
5,7433,0.0011
5,6875,0.0011
5,8990,0.0011
5,9775,0.0011
5,8422,0.0011
5,8157,0.0011
5,8951,0.0011
5,5914,0.0011
5,8533,0.0011
5,7844,0.0011
5,8252,0.0011
5,9270,0.0011
5,6843,0.0011
5,5049,0.0011
5,8524,0.0011
5,5512,0.0011
5,8641,0.0011
5,6809,0.0011
5,9682,0.0011
5,6972,0.0011
5,6431,0.0011
5,9081,0.0011
5,9939,0.0011
5,8293,0.0011
5,9483,0.0011
5,7558,0.0011
5,5336,0.0011
5,5856,0.0011
5,5533,0.0011
5,6343,0.0011
5,7688,0.0011
5,6925,0.0011
5,9266,0.0011
5,8931,0.0011
5,7780,0.0011
5,7376,0.0011
5,9671,0.0011
5,6795,0.0011
5,7692,0.0011
5,9408,0.0011
5,9735,0.0011
5,5609,0.0011
5,9847,0.0011
5,9334,0.0011
5,9257,0.0011
5,5891,0.0011
5,8757,0.0011
5,7617,0.0011
5,7689,0.0011
5,7282,0.0011
5,9025,0.0011
5,5087,0.0011
5,5459,0.0011
5,6287,0.0011
5,7851,0.0011
5,8510,0.0011
5,5748,0.0011
5,8024,0.0011
5,5739,0.0011
5,7951,0.0011
5,5686,0.0011
5,8225,0.0011
5,6796,0.0011
5,8179,0.0011
5,8733,0.0011
5,9318,0.0011
5,8672,0.0011
5,6252,0.0011
5,5641,0.0011
5,7404,0.0011
5,5411,0.0011
5,8241,0.0011
5,5814,0.0011
5,7990,0.0011
5,9774,0.0011
5,5794,0.0011
5,7423,0.0011
5,7605,0.0011
5,8682,0.0011
5,7829,0.0011
5,7779,0.0011
5,8916,0.0011
5,9346,0.0011
5,5810,0.0011
5,5462,0.0011
5,7825,0.0011
5,9476,0.0011
5,5811,0.0011
5,7610,0.0011
5,9235,0.0011
5,9084,0.0011
5,7978,0.0011
5,7648,0.0011
5,8372,0.0011
5,9527,0.0011
5,8021,0.0011
5,7644,0.0011
5,9275,0.0011
5,6824,0.0011
5,5276,0.0011
5,7216,0.0011
5,8118,0.0011
5,8048,0.0011
5,5476,0.0011
5,8081,0.0011
5,8193,0.0011
5,6158,0.0011
5,5295,0.0011
5,6070,0.0011
5,7090,0.0011
5,6928,0.0011
5,9734,0.0011
5,9184,0.0011
5,6404,0.0011
5,5366,0.0011
5,8327,0.0011
5,9545,0.0011
5,7791,0.0011
5,9262,0.0011
5,7081,0.0011
5,9026,0.0011
5,5588,0.0011
5,8065,0.0011
5,7530,0.0011
5,9656,0.0011
5,9730,0.0011
5,6571,0.0011
5,8526,0.0011
5,8375,0.0011
5,5771,0.0011
5,6678,0.0011
5,9276,0.0011
5,5074,0.0011
5,5223,0.0011
5,8485,0.0011
5,6948,0.0011
5,10012,0.0011
5,8739,0.0011
5,7195,0.0011
5,8379,0.0011
5,5189,0.0011
5,8249,0.0011
5,5130,0.0011
5,6387,0.0011
5,6405,0.0011
5,8979,0.0011
5,7186,0.0011
5,9314,0.0011
5,9119,0.0011
5,6643,0.0011
5,8211,0.0011
5,7398,0.0011
5,9590,0.0011
5,8861,0.0011
5,6012,0.0011
5,8181,0.0011
5,8462,0.0011
5,8592,0.0011
5,9369,0.0011
5,6110,0.0011
5,8828,0.0011
5,6915,0.0011
5,9960,0.0011
5,9888,0.0011
5,6920,0.0011
5,8586,0.0011
5,5222,0.0011
5,5126,0.0011
5,8406,0.0011
5,8478,0.0011
5,7357,0.0011
5,8985,0.0011
5,9395,0.0011
5,9508,0.0011
5,5159,0.0011
5,7616,0.0011
5,7413,0.0011
5,9659,0.0011
5,5779,0.0011
5,6964,0.0011
5,5376,0.0011
5,9498,0.0011
5,7159,0.0011
5,8845,0.0011
5,9758,0.0011
5,6568,0.0011
5,8009,0.0011
5,9001,0.0011
5,9175,0.0011
5,7537,0.0011
5,5017,0.0011
5,6705,0.0011
5,6003,0.0011
5,7341,0.0011
5,9125,0.0011
5,9657,0.0011
5,6240,0.0011
5,7677,0.0011
5,5890,0.0011
5,7458,0.0011
5,9721,0.0011
5,7086,0.0011
5,9890,0.0011
5,5249,0.0011
5,8223,0.0011
5,5207,0.0011
5,7977,0.0011
5,8955,0.0011
5,6844,0.0011
5,9797,0.0011
5,6000,0.0011
5,5613,0.0011
5,7170,0.0011
5,5073,0.0011
5,7891,0.0011
5,6447,0.0011
5,5650,0.0011
5,8415,0.0011
5,8286,0.0011
5,5920,0.0011
5,8555,0.0011
5,5144,0.0011
5,8775,0.0011
5,9457,0.0011
5,5916,0.0011
5,9393,0.0011
5,9093,0.0011
5,9539,0.0011
5,5622,0.0011
5,7591,0.0011
5,8126,0.0011
5,9416,0.0011
5,9744,0.0011
5,5108,0.0011
5,6710,0.0010
5,6226,0.0010
5,5904,0.0010
5,9359,0.0010
5,7913,0.0010
5,8174,0.0010
5,9328,0.0010
5,7078,0.0010
5,6348,0.0010
5,8132,0.0010
5,6592,0.0010
5,5598,0.0010
5,5933,0.0010
5,9216,0.0010
5,8692,0.0010
5,8851,0.0010
5,8949,0.0010
5,7806,0.0010
5,9297,0.0010
5,9819,0.0010
5,5843,0.0010
5,8069,0.0010
5,7655,0.0010
5,7354,0.0010
5,8767,0.0010
5,5465,0.0010
5,5813,0.0010
5,5634,0.0010
5,6770,0.0010
5,8342,0.0010
5,5831,0.0010
5,6211,0.0010
5,9066,0.0010
5,9739,0.0010
5,5535,0.0010
5,6321,0.0010
5,8742,0.0010
5,7449,0.0010
5,9618,0.0010
5,7920,0.0010
5,8103,0.0010
5,6061,0.0010
5,9077,0.0010
5,9065,0.0010
5,9919,0.0010
5,6043,0.0010
5,6261,0.0010
5,9399,0.0010
5,5154,0.0010
5,9614,0.0010
5,7963,0.0010
5,6381,0.0010
5,5452,0.0010
5,5167,0.0010
5,6689,0.0010
5,6835,0.0010
5,6181,0.0010
5,7850,0.0010
5,9825,0.0010
5,7821,0.0010
5,6506,0.0010
5,6146,0.0010
5,8671,0.0010
5,9882,0.0010
5,6514,0.0010
5,6828,0.0010
5,7150,0.0010
5,7460,0.0010
5,9398,0.0010
5,6742,0.0010
5,9078,0.0010
5,9647,0.0010
5,7198,0.0010
5,6537,0.0010
5,9565,0.0010
5,9214,0.0010
5,7674,0.0010
5,9827,0.0010
5,5883,0.0010
5,5311,0.0010
5,5661,0.0010
5,7948,0.0010
5,6448,0.0010
5,6998,0.0010
5,8010,0.0010
5,7426,0.0010
5,7758,0.0010
5,5505,0.0010
5,9668,0.0010
5,6741,0.0010
5,9761,0.0010
5,5510,0.0010
5,6722,0.0010
5,7867,0.0010
5,9883,0.0010
5,7695,0.0010
5,5585,0.0010
5,6217,0.0010
5,7002,0.0010
5,9923,0.0010
5,5839,0.0010
5,5280,0.0010
5,7313,0.0010
5,9603,0.0010
5,5902,0.0010
5,7542,0.0010
5,7593,0.0010
5,5156,0.0010
5,5297,0.0010
5,9876,0.0010
5,8884,0.0010
5,6327,0.0010
5,6285,0.0010
5,9635,0.0010
5,8650,0.0010
5,9953,0.0010
5,7083,0.0010
5,8188,0.0010
5,5816,0.0010
5,5713,0.0010
5,5165,0.0010
5,6901,0.0010
5,8041,0.0010
5,7147,0.0010
5,9731,0.0010
5,6022,0.0010
5,5435,0.0010
5,5637,0.0010
5,6818,0.0010
5,5457,0.0010
5,9032,0.0010
5,9632,0.0010
5,5139,0.0010
5,6632,0.0010
5,8052,0.0010
5,7727,0.0010
5,5815,0.0010
5,9548,0.0010
5,7685,0.0010
5,5627,0.0010
5,6771,0.0010
5,8514,0.0010
5,9591,0.0010
5,5286,0.0010
5,6956,0.0010
5,7883,0.0010
5,5180,0.0010
5,7698,0.0010
5,8818,0.0010
5,9572,0.0010
5,7222,0.0010
5,6963,0.0010
5,9329,0.0010
5,7701,0.0010
5,9324,0.0010
5,7201,0.0010
5,6690,0.0010
5,5674,0.0010
5,7709,0.0010
5,5348,0.0010
5,7943,0.0010
5,9479,0.0010
5,9908,0.0010
5,6139,0.0010
5,9499,0.0010
5,5696,0.0010
5,5357,0.0010
5,7478,0.0010
5,6894,0.0010
5,8559,0.0010
5,9934,0.0010
5,9310,0.0010
5,6282,0.0010
5,7947,0.0010
5,5944,0.0010
5,7835,0.0010
5,7869,0.0010
5,7653,0.0010
5,5747,0.0010
5,7686,0.0010
5,5388,0.0010
5,8689,0.0010
5,5806,0.0010
5,7185,0.0010
5,9500,0.0010
5,8099,0.0010
5,6029,0.0010
5,9902,0.0010
5,5014,0.0010
5,7669,0.0010
5,8747,0.0010
5,9435,0.0010
5,8631,0.0010
5,8535,0.0010
5,6850,0.0010
5,6866,0.0010
5,6108,0.0010
5,6288,0.0010
5,7507,0.0010
5,8038,0.0010
5,7967,0.0010
5,9880,0.0010
5,8441,0.0010
5,9052,0.0010
5,7231,0.0010
5,6853,0.0010
5,6410,0.0010
5,6724,0.0010
5,7588,0.0010
5,9513,0.0010
5,6436,0.0010
5,8500,0.0010
5,6121,0.0010
5,6604,0.0010
5,9075,0.0010
5,9802,0.0010
5,6063,0.0010
5,7068,0.0010
5,8536,0.0010
5,6769,0.0010
5,8310,0.0010
5,7175,0.0010
5,6570,0.0010
5,6005,0.0010
5,9161,0.0010
5,6586,0.0010
5,10026,0.0010
5,5900,0.0010
5,7124,0.0010
5,5607,0.0010
5,5012,0.0010
5,9556,0.0010
5,9203,0.0010
5,7044,0.0010
5,5116,0.0010
5,9970,0.0010
5,9874,0.0010
5,7875,0.0010
5,9278,0.0010
5,8840,0.0010
5,6565,0.0010
5,9588,0.0010
5,7328,0.0010
5,6049,0.0010
5,8954,0.0010
5,5269,0.0010
5,9918,0.0010
5,5506,0.0010
5,7377,0.0010
5,9709,0.0010
5,5616,0.0010
5,5174,0.0010
5,8801,0.0010
5,7092,0.0010
5,9986,0.0010
5,9056,0.0010
5,5099,0.0010
5,5880,0.0010
5,6504,0.0010
5,8889,0.0010
5,6346,0.0010
5,9341,0.0010
5,9989,0.0010
5,7121,0.0010
5,6558,0.0010
5,8614,0.0010
5,5220,0.0010
5,7794,0.0010
5,7010,0.0010
5,5006,0.0010
5,9145,0.0010
5,7928,0.0010
5,7908,0.0010
5,9552,0.0010
5,5408,0.0010
5,9037,0.0010
5,5119,0.0010
5,5123,0.0010
5,7598,0.0010
5,5456,0.0010
5,5879,0.0010
5,6855,0.0010
5,6056,0.0010
5,8913,0.0010
5,5560,0.0010
5,8684,0.0010
5,7378,0.0010
5,5985,0.0010
5,8698,0.0010
5,8235,0.0010
5,8920,0.0010
5,9116,0.0010
5,6235,0.0010
5,5894,0.0010
5,9573,0.0010
5,9711,0.0010
5,6867,0.0010
5,8350,0.0010
5,7049,0.0010
5,5315,0.0010
5,7597,0.0010
5,6159,0.0010
5,9169,0.0010
5,5454,0.0010
5,5623,0.0010
5,6973,0.0010
5,7154,0.0010
5,5653,0.0010
5,9742,0.0010
5,7753,0.0010
5,6539,0.0010
5,9607,0.0010
5,7189,0.0010
5,9743,0.0010
5,5464,0.0010
5,8312,0.0010
5,8961,0.0010
5,6574,0.0010
5,5072,0.0010
5,9530,0.0010
5,7230,0.0010
5,6827,0.0010
5,8542,0.0010
5,6151,0.0010
5,5949,0.0010
5,6297,0.0010
5,9720,0.0010
5,5013,0.0010
5,5931,0.0010
5,7866,0.0010
5,5103,0.0010
5,7757,0.0010
5,8745,0.0010
5,6704,0.0010
5,8482,0.0010
5,5690,0.0010
5,7620,0.0010
5,7171,0.0010
5,6950,0.0010
5,8827,0.0010
5,8791,0.0010
5,6263,0.0010
5,7447,0.0010
5,8686,0.0010
5,6184,0.0010
5,7837,0.0010
5,6578,0.0010
5,8262,0.0010
5,9049,0.0010
5,6359,0.0010
5,7718,0.0010
5,6536,0.0010
5,9584,0.0010
5,5088,0.0010
5,8838,0.0010
5,5911,0.0010
5,5011,0.0010
5,7151,0.0010
5,5540,0.0010
5,6274,0.0010
5,8012,0.0010
5,5735,0.0010
5,5625,0.0010
5,5254,0.0010
5,5829,0.0010
5,6141,0.0010
5,9589,0.0010
5,8035,0.0010
5,9829,0.0010
5,6526,0.0010
5,8355,0.0010
5,8082,0.0010
5,5205,0.0010
5,5169,0.0010
5,5762,0.0010
5,7926,0.0010
5,9307,0.0010
5,9762,0.0010
5,5867,0.0010
5,5486,0.0010
5,8715,0.0010
5,7603,0.0010
5,10036,0.0010
5,7998,0.0010
5,9064,0.0010
5,5664,0.0010
5,8676,0.0010
5,9903,0.0010
5,9543,0.0010
5,8138,0.0010
5,5589,0.0010
5,6126,0.0010
5,9691,0.0010
5,8300,0.0010
5,7451,0.0010
5,8996,0.0010
5,9456,0.0010
5,8025,0.0010
5,8762,0.0010
5,9863,0.0010
5,9896,0.0010
5,7868,0.0010
5,8604,0.0010
5,5114,0.0010
5,9532,0.0010
5,5895,0.0010
5,9193,0.0010
5,5568,0.0010
5,7624,0.0010
5,5928,0.0010
5,5039,0.0010
5,9991,0.0010
5,8108,0.0010
5,5044,0.0010
5,8051,0.0010
5,8217,0.0010
5,8224,0.0010
5,6677,0.0010
5,8726,0.0010
5,6896,0.0010
5,7633,0.0010
5,5416,0.0010
5,8702,0.0010
5,5496,0.0010
5,9510,0.0010
5,7650,0.0010
5,9845,0.0010
5,9597,0.0010
5,8863,0.0010
5,7030,0.0010
5,9875,0.0010
5,6924,0.0010
5,7563,0.0010
5,8036,0.0010
5,5991,0.0010
5,9520,0.0010
5,5682,0.0010
5,8944,0.0010
5,7732,0.0010
5,6469,0.0010
5,9537,0.0010
5,8556,0.0010
5,7495,0.0010
5,8499,0.0010
5,5621,0.0010
5,6349,0.0010
5,5021,0.0010
5,9925,0.0010
5,5331,0.0010
5,8043,0.0010
5,6167,0.0010
5,5882,0.0010
5,5571,0.0010
5,5447,0.0010
5,6774,0.0010
5,6721,0.0010
5,9326,0.0010
5,8797,0.0010
5,9628,0.0010
5,9715,0.0010
5,7306,0.0010
5,6432,0.0010
5,6435,0.0010
5,8469,0.0010
5,6922,0.0010
5,5483,0.0010
5,8675,0.0010
5,9680,0.0010
5,6674,0.0010
5,6335,0.0010
5,9207,0.0010
5,10017,0.0010
5,5809,0.0010
5,7517,0.0010
5,8489,0.0010
5,5095,0.0010
5,9501,0.0010
5,9317,0.0010
5,7326,0.0010
5,6542,0.0010
5,8319,0.0010
5,9292,0.0010
5,6451,0.0010
5,9747,0.0010
5,7549,0.0010
5,6717,0.0010
5,9840,0.0010
5,8278,0.0010
5,7911,0.0010
5,5513,0.0010
5,9648,0.0010
5,7379,0.0010
5,5915,0.0010
5,8525,0.0010
5,7166,0.0010
5,9642,0.0010
5,5611,0.0010
5,6333,0.0010
5,9670,0.0010
5,8259,0.0010
5,7876,0.0010
5,7317,0.0010
5,5582,0.0010
5,7979,0.0010
5,6182,0.0010
5,8620,0.0010
5,7665,0.0010
5,7309,0.0010
5,9817,0.0010
5,6149,0.0010
5,5397,0.0010
5,8852,0.0010
5,8221,0.0010
5,7694,0.0010
5,6102,0.0010
5,9190,0.0010
5,7856,0.0010
5,9460,0.0010
5,10015,0.0010
5,7488,0.0010
5,9332,0.0010
5,6337,0.0010
5,9358,0.0010
5,6138,0.0010
5,8705,0.0010
5,6459,0.0010
5,8515,0.0010
5,8381,0.0010
5,8991,0.0010
5,8805,0.0010
5,7169,0.0010
5,6638,0.0010
5,5060,0.0010
5,9753,0.0010
5,6951,0.0010
5,5263,0.0010
5,8657,0.0010
5,7800,0.0010
5,6339,0.0010
5,7343,0.0010
5,7919,0.0010
5,8474,0.0010
5,5558,0.0010
5,9054,0.0010
5,5493,0.0010
5,6419,0.0010
5,5520,0.0010
5,8988,0.0010
5,5328,0.0010
5,6406,0.0010
5,6460,0.0010
5,9360,0.0010
5,5274,0.0010
5,5240,0.0010
5,8885,0.0010
5,5652,0.0010
5,5986,0.0010
5,8540,0.0010
5,9351,0.0010
5,8677,0.0010
5,8074,0.0010
5,9873,0.0010
5,7403,0.0010
5,9195,0.0010
5,8921,0.0010
5,6389,0.0010
5,7132,0.0010
5,7316,0.0010
5,6257,0.0010
5,9936,0.0010
5,9320,0.0010
5,9686,0.0010
5,7157,0.0010
5,9108,0.0010
5,6100,0.0010
5,6679,0.0010
5,6498,0.0010
5,6779,0.0010
5,7427,0.0010
5,8746,0.0010
5,9578,0.0010
5,5288,0.0010
5,9807,0.0010
5,8290,0.0010
5,9316,0.0010
5,9693,0.0010
5,9087,0.0010
5,7362,0.0010
5,6394,0.0010
5,5367,0.0010
5,7901,0.0010
5,7540,0.0010
5,5903,0.0010
5,7684,0.0010
5,8765,0.0010
5,6715,0.0010
5,7294,0.0010
5,6869,0.0010
5,7453,0.0010
5,8387,0.0010
5,8086,0.0010
5,9076,0.0010
5,6635,0.0010
5,6046,0.0010
5,7301,0.0010
5,6042,0.0010
5,6067,0.0010
5,6262,0.0010
5,8627,0.0010
5,9900,0.0010
5,8817,0.0010
5,5066,0.0010
5,9179,0.0010
5,8560,0.0010
5,8602,0.0010
5,6223,0.0010
5,5548,0.0010
5,9716,0.0010
5,8480,0.0010
5,5302,0.0010
5,9848,0.0010
5,9415,0.0010
5,6647,0.0010
5,9200,0.0010
5,8333,0.0010
5,5430,0.0010
5,6238,0.0010
5,5340,0.0010
5,9685,0.0010
5,9694,0.0010
5,8136,0.0010
5,5321,0.0010
5,7539,0.0010
5,7232,0.0010
5,8472,0.0010
5,8697,0.0010
5,8983,0.0010
5,8605,0.0010
5,6462,0.0010
5,9555,0.0010
5,9526,0.0010
5,5995,0.0010
5,7160,0.0010
5,9515,0.0010
5,9708,0.0010
5,8122,0.0009
5,5981,0.0009
5,9689,0.0009
5,9745,0.0009
5,5618,0.0009
5,6718,0.0009
5,7492,0.0009
5,7544,0.0009
5,8545,0.0009
5,5089,0.0009
5,5604,0.0009
5,6484,0.0009
5,6137,0.0009
5,9809,0.0009
5,7199,0.0009
5,9150,0.0009
5,6169,0.0009
5,8244,0.0009
5,6114,0.0009
5,8226,0.0009
5,6356,0.0009
5,8431,0.0009
5,5901,0.0009
5,8106,0.0009
5,9803,0.0009
5,7177,0.0009
5,7500,0.0009
5,8133,0.0009
5,7899,0.0009
5,6482,0.0009
5,5679,0.0009
5,8075,0.0009
5,9805,0.0009
5,9504,0.0009
5,7508,0.0009
5,7472,0.0009
5,5642,0.0009
5,9654,0.0009
5,5899,0.0009
5,9340,0.0009
5,9101,0.0009
5,5373,0.0009
5,5299,0.0009
5,7768,0.0009
5,8097,0.0009
5,9450,0.0009
5,7218,0.0009
5,9808,0.0009
5,8965,0.0009
5,5927,0.0009
5,5226,0.0009
5,6192,0.0009
5,7133,0.0009
5,5409,0.0009
5,6641,0.0009
5,7981,0.0009
5,6664,0.0009
5,6716,0.0009
5,9348,0.0009
5,6503,0.0009
5,5393,0.0009
5,7592,0.0009
5,8888,0.0009
5,6750,0.0009
5,8178,0.0009
5,6269,0.0009
5,5638,0.0009
5,7865,0.0009
5,8080,0.0009
5,7729,0.0009
5,8344,0.0009
5,7724,0.0009
5,7613,0.0009
5,5753,0.0009
5,9740,0.0009
5,6086,0.0009
5,8250,0.0009
5,9412,0.0009
5,8481,0.0009
5,10009,0.0009
5,8871,0.0009
5,8883,0.0009
5,7765,0.0009
5,9778,0.0009
5,5919,0.0009
5,8735,0.0009
5,5322,0.0009
5,6575,0.0009
5,9895,0.0009
5,8518,0.0009
5,9806,0.0009
5,9568,0.0009
5,8962,0.0009
5,9067,0.0009
5,6522,0.0009
5,8228,0.0009
5,5471,0.0009
5,6104,0.0009
5,9028,0.0009
5,9202,0.0009
5,5204,0.0009
5,8017,0.0009
5,5423,0.0009
5,6979,0.0009
5,7043,0.0009
5,8336,0.0009
5,7576,0.0009
5,8216,0.0009
5,5105,0.0009
5,7417,0.0009
5,5275,0.0009
5,9362,0.0009
5,6929,0.0009
5,7366,0.0009
5,9619,0.0009
5,7787,0.0009
5,6445,0.0009
5,9040,0.0009
5,8870,0.0009
5,9199,0.0009
5,5785,0.0009
5,6826,0.0009
5,9938,0.0009
5,9687,0.0009
5,8265,0.0009
5,9755,0.0009
5,8738,0.0009
5,7572,0.0009
5,6589,0.0009
5,7553,0.0009
5,5597,0.0009
5,6727,0.0009
5,5140,0.0009
5,8247,0.0009
5,5491,0.0009
5,8820,0.0009
5,9424,0.0009
5,9422,0.0009
5,6630,0.0009
5,6525,0.0009
5,8867,0.0009
5,7606,0.0009
5,9503,0.0009
5,7439,0.0009
5,7048,0.0009
5,6311,0.0009
5,8724,0.0009
5,9524,0.0009
5,8361,0.0009
5,8288,0.0009
5,9784,0.0009
5,5684,0.0009
5,5738,0.0009
5,6147,0.0009
5,8308,0.0009
5,8907,0.0009
5,9959,0.0009
5,8412,0.0009
5,5406,0.0009
5,6176,0.0009
5,8031,0.0009
5,8688,0.0009
5,8864,0.0009
5,9448,0.0009
5,6205,0.0009
5,6564,0.0009
5,9987,0.0009
5,5886,0.0009
5,5828,0.0009
5,8940,0.0009
5,5117,0.0009
5,9234,0.0009
5,5507,0.0009
5,7448,0.0009
5,6692,0.0009
5,8162,0.0009
5,9789,0.0009
5,7710,0.0009
5,7564,0.0009
5,5382,0.0009
5,5672,0.0009
5,5958,0.0009
5,5403,0.0009
5,9551,0.0009
5,8049,0.0009
5,9801,0.0009
5,6953,0.0009
5,6943,0.0009
5,8283,0.0009
5,9558,0.0009
5,5221,0.0009
5,8585,0.0009
5,6118,0.0009
5,5055,0.0009
5,6728,0.0009
5,6298,0.0009
5,9305,0.0009
5,8523,0.0009
5,6457,0.0009
5,7840,0.0009
5,7974,0.0009
5,7408,0.0009
5,7022,0.0009
5,9220,0.0009
5,9576,0.0009
5,9885,0.0009
5,9766,0.0009
5,5338,0.0009
5,7148,0.0009
5,8732,0.0009
5,7093,0.0009
5,6989,0.0009
5,8734,0.0009
5,6132,0.0009
5,6206,0.0009
5,7567,0.0009
5,9072,0.0009
5,6957,0.0009
5,7964,0.0009
5,7220,0.0009
5,5050,0.0009
5,8187,0.0009
5,8476,0.0009
5,7671,0.0009
5,6971,0.0009
5,9423,0.0009
5,8208,0.0009
5,7733,0.0009
5,9771,0.0009
5,6723,0.0009
5,9780,0.0009
5,6441,0.0009
5,5147,0.0009
5,8400,0.0009
5,7001,0.0009
5,6493,0.0009
5,9167,0.0009
5,7645,0.0009
5,7178,0.0009
5,6720,0.0009
5,8756,0.0009
5,7949,0.0009
5,5104,0.0009
5,6892,0.0009
5,5874,0.0009
5,5305,0.0009
5,5656,0.0009
5,5529,0.0009
5,6520,0.0009
5,7438,0.0009
5,5432,0.0009
5,8731,0.0009
5,9547,0.0009
5,6732,0.0009
5,6054,0.0009
5,5578,0.0009
5,8623,0.0009
5,9963,0.0009
5,7279,0.0009
5,6501,0.0009
5,5024,0.0009
5,7332,0.0009
5,9831,0.0009
5,6607,0.0009
5,8543,0.0009
5,5158,0.0009
5,5026,0.0009
5,6923,0.0009
5,5428,0.0009
5,8192,0.0009
5,5148,0.0009
5,7721,0.0009
5,7131,0.0009
5,6587,0.0009
5,8378,0.0009
5,5303,0.0009
5,8039,0.0009
5,7566,0.0009
5,9299,0.0009
5,6039,0.0009
5,9729,0.0009
5,5485,0.0009
5,7355,0.0009
5,6954,0.0009
5,10010,0.0009
5,6275,0.0009
5,9966,0.0009
5,6168,0.0009
5,5583,0.0009
5,6210,0.0009
5,6156,0.0009
5,5324,0.0009
5,8930,0.0009
5,8467,0.0009
5,5734,0.0009
5,5536,0.0009
5,8298,0.0009
5,9981,0.0009
5,5591,0.0009
5,7302,0.0009
5,8397,0.0009
5,8141,0.0009
5,6145,0.0009
5,5551,0.0009
5,5375,0.0009
5,8442,0.0009
5,8978,0.0009
5,6486,0.0009
5,5573,0.0009
5,9194,0.0009
5,6267,0.0009
5,6023,0.0009
5,6941,0.0009
5,6991,0.0009
5,6256,0.0009
5,6700,0.0009
5,5631,0.0009
5,5549,0.0009
5,7055,0.0009
5,6472,0.0009
5,9724,0.0009
5,7497,0.0009
5,5805,0.0009
5,8413,0.0009
5,6812,0.0009
5,6839,0.0009
5,7853,0.0009
5,6131,0.0009
5,5875,0.0009
5,7720,0.0009
5,8416,0.0009
5,6079,0.0009
5,5743,0.0009
5,6945,0.0009
5,8220,0.0009
5,7902,0.0009
5,5615,0.0009
5,8409,0.0009
5,9631,0.0009
5,9279,0.0009
5,9403,0.0009
5,7184,0.0009
5,5488,0.0009
5,8534,0.0009
5,8668,0.0009
5,7719,0.0009
5,10006,0.0009
5,6783,0.0009
5,8681,0.0009
5,6629,0.0009
5,7897,0.0009
5,9707,0.0009
5,8073,0.0009
5,6313,0.0009
5,5877,0.0009
5,7162,0.0009
5,8115,0.0009
5,5106,0.0009
5,7464,0.0009
5,8552,0.0009
5,6737,0.0009
5,9580,0.0009
5,9610,0.0009
5,6802,0.0009
5,8016,0.0009
5,5693,0.0009
5,5414,0.0009
5,8643,0.0009
5,7693,0.0009
5,6420,0.0009
5,7728,0.0009
5,5876,0.0009
5,9772,0.0009
5,9070,0.0009
5,9005,0.0009
5,6919,0.0009
5,6572,0.0009
5,7331,0.0009
5,9357,0.0009
5,7894,0.0009
5,5247,0.0009
5,7374,0.0009
5,5893,0.0009
5,5599,0.0009
5,6836,0.0009
5,9386,0.0009
5,5200,0.0009
5,5973,0.0009
5,7117,0.0009
5,9370,0.0009
5,9540,0.0009
5,8079,0.0009
5,5889,0.0009
5,8475,0.0009
5,8331,0.0009
5,7820,0.0009
5,5683,0.0009
5,8751,0.0009
5,5335,0.0009
5,6319,0.0009
5,6686,0.0009
5,7627,0.0009
5,9616,0.0009
5,7391,0.0009
5,9629,0.0009
5,9544,0.0009
5,6978,0.0009
5,6443,0.0009
5,6854,0.0009
5,6791,0.0009
5,7849,0.0009
5,6640,0.0009
5,5719,0.0009
5,6323,0.0009
5,6058,0.0009
5,9356,0.0009
5,9704,0.0009
5,9705,0.0009
5,5162,0.0009
5,8229,0.0009
5,8380,0.0009
5,8866,0.0009
5,6455,0.0009
5,9662,0.0009
5,5334,0.0009
5,9675,0.0009
5,9041,0.0009
5,8579,0.0009
5,6834,0.0009
5,7075,0.0009
5,5832,0.0009
5,9581,0.0009
5,9958,0.0009
5,5093,0.0009
5,5489,0.0009
5,7511,0.0009
5,7387,0.0009
5,8989,0.0009
5,8796,0.0009
5,5968,0.0009
5,8242,0.0009
5,5473,0.0009
5,5966,0.0009
5,8609,0.0009
5,9170,0.0009
5,8177,0.0009
5,9826,0.0009
5,9059,0.0009
5,8713,0.0009
5,9402,0.0009
5,9601,0.0009
5,8231,0.0009
5,6341,0.0009
5,9350,0.0009
5,6053,0.0009
5,7074,0.0009
5,6116,0.0009
5,5788,0.0009
5,9559,0.0009
5,9162,0.0009
5,6024,0.0009
5,9237,0.0009
5,7574,0.0009
5,9666,0.0009
5,5436,0.0009
5,6744,0.0009
5,6610,0.0009
5,6415,0.0009
5,6671,0.0009
5,6962,0.0009
5,8587,0.0009
5,8452,0.0009
5,8633,0.0009
5,5177,0.0009
5,9643,0.0009
5,10038,0.0009
5,9673,0.0009
5,8253,0.0009
5,7138,0.0009
5,8433,0.0009
5,6593,0.0009
5,8678,0.0009
5,6747,0.0009
5,8850,0.0009
5,5620,0.0009
5,8625,0.0009
5,7077,0.0009
5,5570,0.0009
5,8001,0.0009
5,9586,0.0009
5,6516,0.0009
5,8112,0.0009
5,5756,0.0009
5,9113,0.0009
5,7164,0.0009
5,7356,0.0009
5,9678,0.0009
5,8257,0.0009
5,8550,0.0009
5,7293,0.0009
5,9971,0.0009
5,7878,0.0009
5,7705,0.0009
5,6019,0.0009
5,9311,0.0009
5,7143,0.0009
5,9155,0.0009
5,6633,0.0009
5,5467,0.0009
5,8551,0.0009
5,8558,0.0009
5,8427,0.0009
5,9577,0.0009
5,8773,0.0009
5,7635,0.0009
5,8114,0.0009
5,7887,0.0009
5,8094,0.0009
5,8198,0.0009
5,9209,0.0009
5,8238,0.0009
5,6002,0.0009
5,5528,0.0009
5,9886,0.0009
5,5665,0.0009
5,6535,0.0009
5,6703,0.0009
5,9695,0.0009
5,8717,0.0009
5,8670,0.0009
5,9781,0.0009
5,8776,0.0009
5,9088,0.0009
5,9889,0.0009
5,8905,0.0009
5,6608,0.0009
5,7940,0.0009
5,9048,0.0009
5,7163,0.0009
5,6596,0.0009
5,9658,0.0009
5,6789,0.0009
5,6624,0.0009
5,9451,0.0009
5,9773,0.0009
5,6393,0.0009
5,7547,0.0009
5,5474,0.0009
5,9677,0.0009
5,7958,0.0009
5,6861,0.0009
5,9330,0.0009
5,9107,0.0009
5,9719,0.0009
5,9639,0.0009
5,7484,0.0009
5,6907,0.0009
5,6509,0.0009
5,9467,0.0009
5,5069,0.0009
5,8418,0.0009
5,5187,0.0009
5,7435,0.0009
5,9592,0.0009
5,9962,0.0009
5,6736,0.0009
5,5821,0.0009
5,8218,0.0009
5,8158,0.0009
5,8401,0.0009
5,7664,0.0009
5,5951,0.0009
5,5112,0.0009
5,5469,0.0009
5,7327,0.0009
5,9710,0.0009
5,9599,0.0009
5,6657,0.0008
5,7314,0.0008
5,6074,0.0008
5,6044,0.0008
5,8783,0.0008
5,8371,0.0008
5,6651,0.0008
5,8111,0.0008
5,7095,0.0008
5,8957,0.0008
5,6258,0.0008
5,5998,0.0008
5,9294,0.0008
5,8377,0.0008
5,5676,0.0008
5,9090,0.0008
5,8439,0.0008
5,8792,0.0008
5,8194,0.0008
5,9993,0.0008
5,9058,0.0008
5,5141,0.0008
5,9185,0.0008
5,7975,0.0008
5,6487,0.0008
5,7188,0.0008
5,6057,0.0008
5,5504,0.0008
5,7349,0.0008
5,8195,0.0008
5,8788,0.0008
5,8573,0.0008
5,5143,0.0008
5,7196,0.0008
5,5419,0.0008
5,8493,0.0008
5,7115,0.0008
5,6318,0.0008
5,9583,0.0008
5,6220,0.0008
5,9010,0.0008
5,10019,0.0008
5,7744,0.0008
5,6955,0.0008
5,8316,0.0008
5,9002,0.0008
5,6981,0.0008
5,6233,0.0008
5,8984,0.0008
5,6140,0.0008
5,6938,0.0008
5,8232,0.0008
5,9950,0.0008
5,6475,0.0008
5,6426,0.0008
5,9062,0.0008
5,9204,0.0008
5,9378,0.0008
5,9038,0.0008
5,5494,0.0008
5,8593,0.0008
5,8662,0.0008
5,6852,0.0008
5,8092,0.0008
5,8363,0.0008
5,7281,0.0008
5,8022,0.0008
5,5490,0.0008
5,5509,0.0008
5,7859,0.0008
5,7351,0.0008
5,8360,0.0008
5,7420,0.0008
5,6701,0.0008
5,9418,0.0008
5,5426,0.0008
5,6729,0.0008
5,7402,0.0008
5,6111,0.0008
5,9767,0.0008
5,9440,0.0008
5,9383,0.0008
5,8613,0.0008
5,9823,0.0008
5,9434,0.0008
5,6170,0.0008
5,5016,0.0008
5,6687,0.0008
5,9924,0.0008
5,8960,0.0008
5,6454,0.0008
5,9098,0.0008
5,7896,0.0008
5,5487,0.0008
5,9982,0.0008
5,6144,0.0008
5,7113,0.0008
5,6618,0.0008
5,10013,0.0008
5,6444,0.0008
5,7187,0.0008
5,7855,0.0008
5,8711,0.0008
5,6609,0.0008
5,7997,0.0008
5,8743,0.0008
5,8755,0.0008
5,5969,0.0008
5,8759,0.0008
5,8704,0.0008
5,6917,0.0008
5,7229,0.0008
5,6438,0.0008
5,8963,0.0008
5,7330,0.0008
5,7907,0.0008
5,7219,0.0008
5,9892,0.0008
5,6706,0.0008
5,6344,0.0008
5,5740,0.0008
5,6007,0.0008
5,8880,0.0008
5,7583,0.0008
5,8632,0.0008
5,5670,0.0008
5,8553,0.0008
5,9696,0.0008
5,7384,0.0008
5,6909,0.0008
5,7881,0.0008
5,6684,0.0008
5,5300,0.0008
5,7126,0.0008
5,9830,0.0008
5,5495,0.0008
5,7725,0.0008
5,8275,0.0008
5,7969,0.0008
5,9281,0.0008
5,8918,0.0008
5,6639,0.0008
5,6984,0.0008
5,9443,0.0008
5,5078,0.0008
5,8637,0.0008
5,6304,0.0008
5,9858,0.0008
5,7221,0.0008
5,9813,0.0008
5,7704,0.0008
5,7034,0.0008
5,7759,0.0008
5,9717,0.0008
5,7972,0.0008
5,8508,0.0008
5,7631,0.0008
5,7286,0.0008
5,8332,0.0008
5,5857,0.0008
5,9312,0.0008
5,6837,0.0008
5,8790,0.0008
5,7683,0.0008
5,6430,0.0008
5,7571,0.0008
5,9233,0.0008
5,8322,0.0008
5,6709,0.0008
5,9429,0.0008
5,7180,0.0008
5,5152,0.0008
5,7601,0.0008
5,5480,0.0008
5,7104,0.0008
5,9212,0.0008
5,8473,0.0008
5,5943,0.0008
5,7668,0.0008
5,8841,0.0008
5,5685,0.0008
5,6030,0.0008
5,5446,0.0008
5,8886,0.0008
5,7474,0.0008
5,5691,0.0008
5,7557,0.0008
5,7775,0.0008
5,8202,0.0008
5,6626,0.0008
5,6831,0.0008
5,8171,0.0008
5,7973,0.0008
5,7785,0.0008
5,5197,0.0008
5,6401,0.0008
5,8376,0.0008
5,6247,0.0008
5,5160,0.0008
5,9094,0.0008
5,9471,0.0008
5,7141,0.0008
5,8787,0.0008
5,9315,0.0008
5,9777,0.0008
5,8938,0.0008
5,6780,0.0008
5,6301,0.0008
5,5153,0.0008
5,8090,0.0008
5,6808,0.0008
5,6958,0.0008
5,5287,0.0008
5,9794,0.0008
5,6899,0.0008
5,5191,0.0008
5,6606,0.0008
5,9941,0.0008
5,9798,0.0008
5,6302,0.0008
5,9812,0.0008
5,8454,0.0008
5,7841,0.0008
5,7228,0.0008
5,7984,0.0008
5,5314,0.0008
5,5749,0.0008
5,5015,0.0008
5,9171,0.0008
5,6209,0.0008
5,7771,0.0008
5,9871,0.0008
5,9837,0.0008
5,9846,0.0008
5,5579,0.0008
5,5688,0.0008
5,8915,0.0008
5,5868,0.0008
5,7450,0.0008
5,6785,0.0008
5,6380,0.0008
5,7456,0.0008
5,6569,0.0008
5,9899,0.0008
5,9980,0.0008
5,5961,0.0008
5,7153,0.0008
5,5544,0.0008
5,6222,0.0008
5,5028,0.0008
5,7032,0.0008
5,9569,0.0008
5,6810,0.0008
5,7393,0.0008
5,5666,0.0008
5,5481,0.0008
5,9683,0.0008
5,6932,0.0008
5,7371,0.0008
5,9100,0.0008
5,7504,0.0008
5,5125,0.0008
5,8696,0.0008
5,5527,0.0008
5,5853,0.0008
5,9655,0.0008
5,8642,0.0008
5,6731,0.0008
5,5186,0.0008
5,8785,0.0008
5,9490,0.0008
5,8953,0.0008
5,9538,0.0008
5,9751,0.0008
5,6708,0.0008
5,8956,0.0008
5,6995,0.0008
5,9338,0.0008
5,8287,0.0008
5,5449,0.0008
5,8795,0.0008
5,5206,0.0008
5,5151,0.0008
5,7604,0.0008
5,7726,0.0008
5,7823,0.0008
5,7135,0.0008
5,8667,0.0008
5,9595,0.0008
5,5999,0.0008
5,9779,0.0008
5,5935,0.0008
5,7573,0.0008
5,8357,0.0008
5,8833,0.0008
5,7225,0.0008
5,8971,0.0008
5,7273,0.0008
5,6353,0.0008
5,6103,0.0008
5,5733,0.0008
5,8716,0.0008
5,8003,0.0008
5,5166,0.0008
5,8076,0.0008
5,5917,0.0008
5,7565,0.0008
5,10032,0.0008
5,9261,0.0008
5,9776,0.0008
5,9020,0.0008
5,9542,0.0008
5,9242,0.0008
5,5019,0.0008
5,8459,0.0008
5,8255,0.0008
5,10000,0.0008
5,6175,0.0008
5,9313,0.0008
5,6277,0.0008
5,7652,0.0008
5,9396,0.0008
5,9637,0.0008
5,8236,0.0008
5,8239,0.0008
5,6838,0.0008
5,7407,0.0008
5,5866,0.0008
5,5698,0.0008
5,9502,0.0008
5,8664,0.0008
5,5803,0.0008
5,5575,0.0008
5,5378,0.0008
5,5389,0.0008
5,7365,0.0008
5,7015,0.0008
5,9109,0.0008
5,6060,0.0008
5,10005,0.0008
5,7550,0.0008
5,6449,0.0008
5,9337,0.0008
5,6819,0.0008
5,6983,0.0008
5,8458,0.0008
5,5195,0.0008
5,5477,0.0008
5,6345,0.0008
5,8410,0.0008
5,7737,0.0008
5,9126,0.0008
5,9122,0.0008
5,6241,0.0008
5,5561,0.0008
5,5827,0.0008
5,6128,0.0008
5,6328,0.0008
5,8072,0.0008
5,5764,0.0008
5,7489,0.0008
5,8134,0.0008
5,9156,0.0008
5,8804,0.0008
5,9264,0.0008
5,8835,0.0008
5,5896,0.0008
5,8100,0.0008
5,8539,0.0008
5,6603,0.0008
5,7741,0.0008
5,5522,0.0008
5,6283,0.0008
5,8917,0.0008
5,9606,0.0008
5,9174,0.0008
5,10035,0.0008
5,5003,0.0008
5,7299,0.0008
5,7059,0.0008
5,9111,0.0008
5,6672,0.0008
5,8274,0.0008
5,5444,0.0008
5,5515,0.0008
5,8752,0.0008
5,5081,0.0008
5,7367,0.0008
5,5525,0.0008
5,8497,0.0008
5,5796,0.0008
5,8254,0.0008
5,8800,0.0008
5,6910,0.0008
5,9405,0.0008
5,5422,0.0008
5,5441,0.0008
5,6021,0.0008
5,5633,0.0008
5,6531,0.0008
5,6768,0.0008
5,7852,0.0008
5,7941,0.0008
5,5681,0.0008
5,5704,0.0008
5,9722,0.0008
5,8970,0.0008
5,8900,0.0008
5,5079,0.0008
5,9796,0.0008
5,7096,0.0008
5,6135,0.0008
5,6528,0.0008
5,9965,0.0008
5,8214,0.0008
5,6423,0.0008
5,8403,0.0008
5,6201,0.0008
5,8565,0.0008
5,8156,0.0008
5,5521,0.0008
5,5415,0.0008
5,6377,0.0008
5,7455,0.0008
5,8812,0.0008
5,5705,0.0008
5,9186,0.0008
5,6707,0.0008
5,9541,0.0008
5,7909,0.0008
5,5076,0.0008
5,6011,0.0008
5,7770,0.0008
5,9127,0.0008
5,5310,0.0008
5,8844,0.0008
5,5639,0.0008
5,5938,0.0008
5,9768,0.0008
5,6259,0.0008
5,9956,0.0008
5,8680,0.0008
5,6874,0.0008
5,9349,0.0008
5,9596,0.0008
5,5910,0.0008
5,6489,0.0008
5,9035,0.0008
5,5460,0.0008
5,5833,0.0008
5,8323,0.0008
5,7554,0.0008
5,5118,0.0008
5,8846,0.0008
5,8449,0.0007
5,8317,0.0007
5,7976,0.0007
5,5372,0.0007
5,9011,0.0007
5,8096,0.0007
5,8865,0.0007
5,8200,0.0007
5,6014,0.0007
5,8056,0.0007
5,7521,0.0007
5,9612,0.0007
5,5018,0.0007
5,7632,0.0007
5,5555,0.0007
5,6041,0.0007
5,7809,0.0007
5,7422,0.0007
5,8311,0.0007
5,5947,0.0007
5,9529,0.0007
5,6098,0.0007
5,5660,0.0007
5,6871,0.0007
5,5248,0.0007
5,8351,0.0007
5,9118,0.0007
5,6947,0.0007
5,5008,0.0007
5,5458,0.0007
5,9748,0.0007
5,5659,0.0007
5,8599,0.0007
5,5121,0.0007
5,9391,0.0007
5,6450,0.0007
5,6155,0.0007
5,9244,0.0007
5,9452,0.0007
5,7103,0.0007
5,8095,0.0007
5,5948,0.0007
5,8004,0.0007
5,5385,0.0007
5,9144,0.0007
5,6556,0.0007
5,9983,0.0007
5,9231,0.0007
5,9531,0.0007
5,7288,0.0007
5,5041,0.0007
5,9069,0.0007
5,6364,0.0007
5,9043,0.0007
5,8744,0.0007
5,7772,0.0007
5,8444,0.0007
5,9575,0.0007
5,5724,0.0007
5,5475,0.0007
5,6027,0.0007
5,6143,0.0007
5,9570,0.0007
5,10004,0.0007
5,9723,0.0007
5,8843,0.0007
5,6342,0.0007
5,8140,0.0007
5,7988,0.0007
5,6195,0.0007
5,9442,0.0007
5,9246,0.0007
5,9441,0.0007
5,7778,0.0007
5,9667,0.0007
5,8875,0.0007
5,5695,0.0007
5,5224,0.0007
5,5054,0.0007
5,7985,0.0007
5,5029,0.0007
5,5993,0.0007
5,8608,0.0007
5,8297,0.0007
5,9080,0.0007
5,6734,0.0007
5,7392,0.0007
5,5193,0.0007
5,6562,0.0007
5,8483,0.0007
5,8598,0.0007
5,9786,0.0007
5,6530,0.0007
5,9018,0.0007
5,5946,0.0007
5,6817,0.0007
5,5909,0.0007
5,6597,0.0007
5,7862,0.0007
5,8591,0.0007
5,5268,0.0007
5,5278,0.0007
5,8352,0.0007
5,6588,0.0007
5,7676,0.0007
5,5912,0.0007
5,7155,0.0007
5,7368,0.0007
5,6667,0.0007
5,9375,0.0007
5,5884,0.0007
5,9815,0.0007
5,5907,0.0007
5,9267,0.0007
5,7712,0.0007
5,5924,0.0007
5,8932,0.0007
5,6584,0.0007
5,8881,0.0007
5,8997,0.0007
5,6322,0.0007
5,8937,0.0007
5,9582,0.0007
5,8721,0.0007
5,8491,0.0007
5,7381,0.0007
5,7912,0.0007
5,6804,0.0007
5,7933,0.0007
5,6696,0.0007
5,7337,0.0007
5,6748,0.0007
5,7667,0.0007
5,5712,0.0007
5,6714,0.0007
5,7130,0.0007
5,6310,0.0007
5,9791,0.0007
5,8417,0.0007
5,6015,0.0007
5,6017,0.0007
5,8959,0.0007
5,7418,0.0007
5,6028,0.0007
5,7399,0.0007
5,5127,0.0007
5,5728,0.0007
5,7884,0.0007
5,9029,0.0007
5,9406,0.0007
5,8793,0.0007
5,6440,0.0007
5,7716,0.0007
5,7983,0.0007
5,8701,0.0007
5,7581,0.0007
5,7039,0.0007
5,6960,0.0007
5,5626,0.0007
5,5668,0.0007
5,9060,0.0007
5,7812,0.0007
5,8973,0.0007
5,9453,0.0007
5,9165,0.0007
5,9421,0.0007
5,6946,0.0007
5,5235,0.0007
5,5802,0.0007
5,5443,0.0007
5,6711,0.0007
5,9417,0.0007
5,5270,0.0007
5,5836,0.0007
5,6228,0.0007
5,9814,0.0007
5,8428,0.0007
5,7934,0.0007
5,8769,0.0007
5,9636,0.0007
5,8321,0.0007
5,8407,0.0007
5,5492,0.0007
5,9187,0.0007
5,5892,0.0007
5,6595,0.0007
5,6265,0.0007
5,6968,0.0007
5,7142,0.0007
5,6733,0.0007
5,7546,0.0007
5,5956,0.0007
5,5976,0.0007
5,8673,0.0007
5,8496,0.0007
5,8703,0.0007
5,9462,0.0007
5,6513,0.0007
5,7444,0.0007
5,9574,0.0007
5,5383,0.0007
5,7026,0.0007
5,7401,0.0007
5,8720,0.0007
5,8127,0.0007
5,8663,0.0007
5,8980,0.0007
5,8460,0.0007
5,5942,0.0007
5,5453,0.0007
5,5937,0.0007
5,7687,0.0007
5,8466,0.0007
5,8784,0.0007
5,7915,0.0007
5,7938,0.0007
5,5194,0.0007
5,6237,0.0007
5,7149,0.0007
5,7584,0.0007
5,9215,0.0007
5,7736,0.0007
5,8338,0.0007
5,7339,0.0007
5,5680,0.0007
5,8564,0.0007
5,6026,0.0007
5,6066,0.0007
5,7795,0.0007
5,5253,0.0007
5,7614,0.0007
5,6403,0.0007
5,9816,0.0007
5,5885,0.0007
5,6816,0.0007
5,8116,0.0007
5,7424,0.0007
5,9290,0.0007
5,6518,0.0007
5,6994,0.0007
5,6561,0.0007
5,5687,0.0007
5,8273,0.0007
5,5913,0.0007
5,8173,0.0007
5,6691,0.0007
5,9608,0.0007
5,6765,0.0007
5,7429,0.0007
5,5136,0.0007
5,8318,0.0007
5,8933,0.0007
5,9164,0.0007
5,7395,0.0007
5,8509,0.0007
5,7421,0.0007
5,8730,0.0007
5,6524,0.0007
5,8328,0.0007
5,8610,0.0007
5,5168,0.0007
5,9168,0.0007
5,9897,0.0007
5,6006,0.0007
5,9319,0.0007
5,6939,0.0007
5,7966,0.0007
5,6038,0.0007
5,9130,0.0007
5,8687,0.0007
5,5677,0.0007
5,6652,0.0007
5,9702,0.0007
5,6390,0.0007
5,9071,0.0007
5,8289,0.0007
5,9033,0.0007
5,6521,0.0007
5,5138,0.0007
5,7681,0.0007
5,6178,0.0007
5,5150,0.0007
5,5849,0.0007
5,5727,0.0007
5,6075,0.0007
5,7370,0.0007
5,9083,0.0007
5,7986,0.0007
5,6918,0.0007
5,8169,0.0007
5,7436,0.0007
5,7730,0.0007
5,9414,0.0007
5,8561,0.0007
5,8023,0.0007
5,9345,0.0007
5,8719,0.0007
5,7066,0.0007
5,7405,0.0007
5,6900,0.0007
5,7333,0.0007
5,7041,0.0007
5,8981,0.0007
5,8007,0.0007
5,7283,0.0007
5,9430,0.0007
5,8408,0.0007
5,9464,0.0007
5,5410,0.0007
5,5577,0.0007
5,9079,0.0007
5,5562,0.0007
5,7514,0.0007
5,9210,0.0007
5,9955,0.0007
5,6508,0.0007
5,8626,0.0007
5,10011,0.0007
5,7224,0.0007
5,8909,0.0007
5,5731,0.0007
5,8032,0.0006
5,8155,0.0006
5,5451,0.0006
5,8529,0.0006
5,7811,0.0006
5,8364,0.0006
5,5793,0.0006
5,5934,0.0006
5,6676,0.0006
5,6813,0.0006
5,7996,0.0006
5,5729,0.0006
5,9652,0.0006
5,6931,0.0006
5,9063,0.0006
5,8766,0.0006
5,9587,0.0006
5,7028,0.0006
5,8975,0.0006
5,7995,0.0006
5,6180,0.0006
5,8618,0.0006
5,6414,0.0006
5,5208,0.0006
5,7802,0.0006
5,7935,0.0006
5,9288,0.0006
5,9309,0.0006
5,9701,0.0006
5,8589,0.0006
5,9920,0.0006
5,7021,0.0006
5,7400,0.0006
5,7490,0.0006
5,9922,0.0006
5,9909,0.0006
5,9978,0.0006
5,6507,0.0006
5,6466,0.0006
5,8557,0.0006
5,6598,0.0006
5,7670,0.0006
5,8456,0.0006
5,9957,0.0006
5,6583,0.0006
5,6628,0.0006
5,8603,0.0006
5,6266,0.0006
5,9031,0.0006
5,9836,0.0006
5,7009,0.0006
5,7989,0.0006
5,8710,0.0006
5,7663,0.0006
5,6965,0.0006
5,5132,0.0006
5,9300,0.0006
5,8353,0.0006
5,8033,0.0006
5,8781,0.0006
5,6631,0.0006
5,7512,0.0006
5,9634,0.0006
5,8799,0.0006
5,6803,0.0006
5,5342,0.0006
5,5027,0.0006
5,6944,0.0006
5,7804,0.0006
5,8898,0.0006
5,9073,0.0006
5,7993,0.0006
5,9458,0.0006
5,5264,0.0006
5,7711,0.0006
5,8718,0.0006
5,5552,0.0006
5,8196,0.0006
5,9493,0.0006
5,6338,0.0006
5,9269,0.0006
5,5967,0.0006
5,6790,0.0006
5,7144,0.0006
5,5745,0.0006
5,6980,0.0006
5,6940,0.0006
5,7680,0.0006
5,7703,0.0006
5,8176,0.0006
5,9546,0.0006
5,5602,0.0006
5,6798,0.0006
5,8137,0.0006
5,9733,0.0006
5,5077,0.0006
5,8634,0.0006
5,7817,0.0006
5,6898,0.0006
5,6552,0.0006
5,8597,0.0006
5,8635,0.0006
5,9347,0.0006
5,5339,0.0006
5,6033,0.0006
5,5921,0.0006
5,5726,0.0006
5,9376,0.0006
5,5007,0.0006
5,6801,0.0006
5,9377,0.0006
5,5353,0.0006
5,5470,0.0006
5,7385,0.0006
5,9374,0.0006
5,7535,0.0006
5,9952,0.0006
5,9557,0.0006
5,7740,0.0006
5,6177,0.0006
5,9942,0.0006
5,6952,0.0006
5,8972,0.0006
5,5675,0.0006
5,6016,0.0006
5,5215,0.0006
5,7344,0.0006
5,9706,0.0006
5,6480,0.0006
5,6199,0.0006
5,6160,0.0006
5,5445,0.0006
5,7029,0.0006
5,7145,0.0006
5,7375,0.0006
5,7836,0.0006
5,6088,0.0006
5,7611,0.0006
5,5897,0.0006
5,8588,0.0006
5,8046,0.0006
5,8212,0.0006
5,9301,0.0006
5,8281,0.0006
5,6646,0.0006
5,7580,0.0006
5,9571,0.0006
5,6129,0.0006
5,5479,0.0006
5,9139,0.0006
5,5707,0.0006
5,8026,0.0006
5,6391,0.0006
5,5655,0.0006
5,8906,0.0006
5,7023,0.0006
5,6767,0.0006
5,7203,0.0006
5,7660,0.0006
5,10003,0.0006
5,6685,0.0006
5,6122,0.0006
5,5063,0.0006
5,7999,0.0006
5,6025,0.0006
5,9364,0.0006
5,6125,0.0006
5,6815,0.0006
5,6374,0.0006
5,7637,0.0006
5,7808,0.0006
5,6008,0.0006
5,7140,0.0006
5,9222,0.0006
5,5663,0.0005
5,9674,0.0005
5,7961,0.0005
5,9172,0.0005
5,8419,0.0005
5,5581,0.0005
5,7586,0.0005
5,9306,0.0005
5,6013,0.0005
5,5259,0.0005
5,7373,0.0005
5,6366,0.0005
5,5861,0.0005
5,5537,0.0005
5,8027,0.0005
5,7543,0.0005
5,7360,0.0005
5,7607,0.0005
5,9850,0.0005
5,9023,0.0005
5,5291,0.0005
5,5845,0.0005
5,7807,0.0005
5,6551,0.0005
5,5790,0.0005
5,6271,0.0005
5,8385,0.0005
5,5236,0.0005
5,6739,0.0005
5,9605,0.0005
5,7864,0.0005
5,8923,0.0005
5,7205,0.0005
5,8142,0.0005
5,9336,0.0005
5,8706,0.0005
5,7991,0.0005
5,6299,0.0005
5,8647,0.0005
5,7372,0.0005
5,8669,0.0005
5,7656,0.0005
5,9915,0.0005
5,9995,0.0005
5,5952,0.0005
5,8109,0.0005
5,5723,0.0005
5,7690,0.0005
5,7146,0.0005
5,5323,0.0005
5,7006,0.0005
5,7445,0.0005
5,8477,0.0005
5,5216,0.0005
5,7210,0.0005
5,9218,0.0005
5,7636,0.0005
5,5407,0.0005
5,9737,0.0005
5,7287,0.0005
5,8414,0.0005
5,6312,0.0005
5,7217,0.0005
5,6068,0.0005
5,8521,0.0005
5,5034,0.0005
5,9322,0.0005
5,7766,0.0005
5,5164,0.0005
5,9787,0.0005
5,8925,0.0005
5,5188,0.0005
5,6934,0.0005
5,8708,0.0005
5,6421,0.0005
5,5694,0.0005
5,8995,0.0005
5,9389,0.0005
5,5227,0.0005
5,9333,0.0005
5,7994,0.0005
5,8683,0.0005
5,8987,0.0005
5,5798,0.0005
5,8927,0.0005
5,5111,0.0005
5,6623,0.0005
5,9258,0.0005
5,10014,0.0005
5,5736,0.0005
5,8279,0.0005
5,9940,0.0005
5,8191,0.0005
5,9999,0.0005
5,7087,0.0005
5,7165,0.0005
5,6811,0.0005
5,5963,0.0005
5,7945,0.0005
5,5184,0.0005
5,5990,0.0005
5,9917,0.0005
5,5953,0.0005
5,5799,0.0005
5,8825,0.0005
5,7658,0.0005
5,9409,0.0005
5,7774,0.0005
5,5217,0.0005
5,8782,0.0005
5,8152,0.0005
5,8968,0.0005
5,7018,0.0005
5,5550,0.0005
5,9661,0.0005
5,8777,0.0005
5,5344,0.0005
5,5229,0.0005
5,6936,0.0005
5,5678,0.0005
5,9770,0.0005
5,5161,0.0005
5,5146,0.0005
5,8530,0.0005
5,8203,0.0005
5,9506,0.0005
5,7410,0.0005
5,6567,0.0005
5,9022,0.0005
5,6153,0.0005
5,8029,0.0005
5,9790,0.0005
5,9906,0.0005
5,8430,0.0005
5,8183,0.0005
5,5557,0.0005
5,9380,0.0005
5,9818,0.0005
5,7094,0.0005
5,6279,0.0005
5,8750,0.0005
5,8904,0.0005
5,7406,0.0005
5,5391,0.0005
5,9832,0.0005
5,7369,0.0005
5,5565,0.0005
5,5149,0.0005
5,9273,0.0005
5,6553,0.0005
5,7810,0.0005
5,7818,0.0005
5,5356,0.0005
5,5285,0.0005
5,7523,0.0005
5,7122,0.0005
5,7058,0.0005
5,6107,0.0005
5,5349,0.0005
5,9820,0.0005
5,8531,0.0005
5,8492,0.0005
5,9712,0.0005
5,7649,0.0005
5,6582,0.0005
5,6113,0.0005
5,8057,0.0005
5,7618,0.0005
5,5163,0.0004
5,8078,0.0004
5,8167,0.0004
5,5091,0.0004
5,9522,0.0004
5,8345,0.0004
5,5689,0.0004
5,9400,0.0004
5,8197,0.0004
5,7987,0.0004
5,5905,0.0004
5,8068,0.0004
5,8899,0.0004
5,6800,0.0004
5,7358,0.0004
5,9561,0.0004
5,5978,0.0004
5,8862,0.0004
5,9303,0.0004
5,6538,0.0004
5,8815,0.0004
5,9862,0.0004
5,7657,0.0004
5,8922,0.0004
5,5542,0.0004
5,5067,0.0004
5,7953,0.0004
5,5260,0.0004
5,8612,0.0004
5,8240,0.0004
5,7440,0.0004
5,8714,0.0004
5,9298,0.0004
5,9373,0.0004
5,5284,0.0004
5,5442,0.0004
5,6388,0.0004
5,6764,0.0004
5,8572,0.0004
5,7582,0.0004
5,7625,0.0004
5,8055,0.0004
5,8998,0.0004
5,5804,0.0004
5,8054,0.0004
5,7706,0.0004
5,5643,0.0004
5,6119,0.0004
5,6091,0.0004
5,7465,0.0004
5,9147,0.0004
5,6402,0.0004
5,5283,0.0004
5,9997,0.0004
5,6735,0.0004
5,7139,0.0004
5,8153,0.0004
5,6693,0.0004
5,6010,0.0004
5,8814,0.0004
5,6935,0.0004
5,5872,0.0004
5,8645,0.0004
5,5384,0.0004
5,7932,0.0004
5,5196,0.0004
5,8976,0.0004
5,6020,0.0004
5,9141,0.0004
5,7522,0.0004
5,7005,0.0004
5,6653,0.0004
5,9944,0.0004
5,7380,0.0004
5,5908,0.0004
5,5351,0.0004
5,8502,0.0004
5,5624,0.0004
5,6545,0.0004
5,6865,0.0004
5,9736,0.0004
5,6188,0.0004
5,9129,0.0004
5,7089,0.0004
5,7675,0.0004
5,7559,0.0004
5,9690,0.0004
5,9754,0.0004
5,6065,0.0003
5,6221,0.0003
5,7561,0.0003
5,5398,0.0003
5,5772,0.0003
5,5371,0.0003
5,7936,0.0003
5,6163,0.0003
5,7895,0.0003
5,5501,0.0003
5,6511,0.0003
5,7112,0.0003
5,5381,0.0003
5,5720,0.0003
5,7211,0.0003
5,6300,0.0003
5,5350,0.0003
5,9992,0.0003
5,6281,0.0003
5,5040,0.0003
5,5576,0.0003
5,5198,0.0003
5,9117,0.0003
5,6937,0.0003
5,8506,0.0003
5,9146,0.0003
5,6363,0.0003
5,9219,0.0003
5,9945,0.0003
5,6654,0.0003
5,6350,0.0003
5,9996,0.0003
5,5574,0.0003
5,6308,0.0003
5,8749,0.0003
5,8182,0.0003
5,6680,0.0003
5,7545,0.0003
5,8498,0.0003
5,9937,0.0003
5,9302,0.0003
5,5316,0.0003
5,5725,0.0003
5,8653,0.0003
5,7361,0.0003
5,6309,0.0003
5,5133,0.0002
5,7446,0.0002
5,9835,0.0002
5,8636,0.0002
5,6194,0.0002
5,7579,0.0002
5,9030,0.0002
5,5390,0.0002
5,6502,0.0002
5,8172,0.0002
5,5773,0.0002
5,9613,0.0002
5,8490,0.0002
5,5617,0.0002
5,9864,0.0002
5,9516,0.0002
5,7493,0.0002
5,6130,0.0002
5,7944,0.0001
5,9272,0.0001
5,7672,0.0001
5,5782,0.0001
6,6736,0.1800
6,9736,0.1480
6,8070,0.0679
6,5609,0.0593
6,7194,0.0549
6,8540,0.0526
6,8358,0.0487
6,8844,0.0466
6,7047,0.0389
6,5712,0.0389
6,7425,0.0365
6,6689,0.0360
6,5606,0.0359
6,8593,0.0358
6,6866,0.0357
6,9143,0.0333
6,6010,0.0327
6,6353,0.0324
6,8470,0.0295
6,6791,0.0290
6,9634,0.0280
6,5726,0.0278
6,9413,0.0272
6,5754,0.0258
6,5305,0.0258
6,7058,0.0253
6,9111,0.0253
6,10023,0.0246
6,6710,0.0246
6,5850,0.0243
6,8371,0.0232
6,7670,0.0231
6,8120,0.0227
6,6081,0.0219
6,7877,0.0218
6,6774,0.0214
6,5188,0.0211
6,9920,0.0210
6,5326,0.0209
6,7108,0.0207
6,6634,0.0202
6,8433,0.0200
6,6694,0.0197
6,7410,0.0197
6,7487,0.0193
6,9905,0.0193
6,6506,0.0190
6,5727,0.0188
6,8024,0.0187
6,8520,0.0187
6,9260,0.0184
6,8261,0.0183
6,7562,0.0183
6,7737,0.0174
6,5989,0.0166
6,5339,0.0164
6,8258,0.0164
6,7172,0.0163
6,8260,0.0161
6,5189,0.0159
6,7055,0.0158
6,9897,0.0157
6,7424,0.0155
6,8265,0.0153
6,7224,0.0152
6,5724,0.0151
6,6837,0.0149
6,7061,0.0148
6,5928,0.0147
6,6980,0.0143
6,9113,0.0142
6,6345,0.0142
6,8752,0.0140
6,8889,0.0138
6,8028,0.0137
6,9607,0.0136
6,6382,0.0136
6,9870,0.0136
6,6688,0.0134
6,10011,0.0134
6,6799,0.0134
6,9715,0.0134
6,8956,0.0133
6,6611,0.0133
6,6761,0.0131
6,5204,0.0128
6,8854,0.0126
6,9227,0.0122
6,7527,0.0120
6,6062,0.0120
6,8231,0.0119
6,5490,0.0119
6,5620,0.0119
6,9311,0.0118
6,9339,0.0118
6,8040,0.0118
6,6804,0.0117
6,5950,0.0117
6,8072,0.0116
6,8241,0.0114
6,5974,0.0113
6,6786,0.0113
6,7296,0.0113
6,8116,0.0112
6,7592,0.0110
6,6387,0.0109
6,7223,0.0109
6,9345,0.0108
6,10005,0.0107
6,8976,0.0106
6,8615,0.0106
6,8074,0.0105
6,9904,0.0102
6,9806,0.0102
6,7557,0.0102
6,9222,0.0100
6,7426,0.0100
6,9077,0.0098
6,6313,0.0098
6,6110,0.0097
6,9722,0.0097
6,9537,0.0096
6,6839,0.0096
6,5742,0.0096
6,9094,0.0095
6,8486,0.0094
6,8474,0.0093
6,7106,0.0093
6,6605,0.0092
6,6773,0.0092
6,9815,0.0091
6,5949,0.0091
6,7075,0.0090
6,5167,0.0090
6,9880,0.0088
6,7885,0.0087
6,9115,0.0086
6,5477,0.0084
6,9769,0.0083
6,6285,0.0083
6,5094,0.0083
6,8057,0.0083
6,7327,0.0082
6,7229,0.0081
6,5494,0.0081
6,6979,0.0081
6,8691,0.0080
6,6459,0.0079
6,5337,0.0078
6,9639,0.0078
6,6181,0.0078
6,7724,0.0077
6,5766,0.0077
6,8211,0.0076
6,7784,0.0076
6,9460,0.0076
6,5613,0.0075
6,8765,0.0075
6,8773,0.0075
6,5874,0.0075
6,9526,0.0074
6,9420,0.0073
6,8018,0.0073
6,6435,0.0073
6,7503,0.0073
6,7656,0.0072
6,8291,0.0072
6,7875,0.0072
6,6071,0.0071
6,9893,0.0071
6,5669,0.0070
6,6466,0.0070
6,9477,0.0070
6,7031,0.0069
6,6630,0.0069
6,9541,0.0068
6,5917,0.0068
6,7216,0.0068
6,8731,0.0068
6,9729,0.0067
6,5324,0.0067
6,8184,0.0067
6,9202,0.0067
6,8532,0.0065
6,5865,0.0065
6,7622,0.0065
6,8789,0.0064
6,9073,0.0064
6,7728,0.0064
6,7168,0.0063
6,7722,0.0062
6,5036,0.0062
6,7323,0.0062
6,8481,0.0062
6,6910,0.0061
6,8380,0.0060
6,9057,0.0060
6,6632,0.0060
6,5219,0.0060
6,8013,0.0060
6,6932,0.0060
6,6311,0.0058
6,6203,0.0058
6,9681,0.0058
6,8869,0.0058
6,5332,0.0058
6,6559,0.0058
6,5153,0.0058
6,5175,0.0057
6,8126,0.0057
6,5459,0.0057
6,9178,0.0057
6,9241,0.0057
6,6472,0.0057
6,5554,0.0057
6,7872,0.0057
6,9828,0.0056
6,5593,0.0055
6,7063,0.0055
6,9894,0.0055
6,9385,0.0054
6,6011,0.0054
6,5973,0.0054
6,7514,0.0054
6,8583,0.0054
6,7375,0.0053
6,5965,0.0052
6,5351,0.0052
6,8101,0.0052
6,9989,0.0051
6,5600,0.0050
6,5829,0.0050
6,8617,0.0050
6,7579,0.0049
6,8317,0.0049
6,9058,0.0049
6,9214,0.0049
6,7605,0.0049
6,6299,0.0048
6,8696,0.0048
6,5330,0.0048
6,7282,0.0048
6,6907,0.0048
6,7879,0.0047
6,5468,0.0047
6,5185,0.0047
6,5716,0.0046
6,7109,0.0045
6,9042,0.0045
6,9944,0.0045
6,6905,0.0044
6,5877,0.0044
6,6491,0.0044
6,7328,0.0044
6,6183,0.0043
6,8955,0.0043
6,7118,0.0042
6,5830,0.0042
6,7822,0.0041
6,5954,0.0041
6,8638,0.0041
6,8117,0.0041
6,8611,0.0041
6,9361,0.0041
6,7664,0.0040
6,8230,0.0040
6,5870,0.0039
6,7725,0.0039
6,8925,0.0039
6,8114,0.0038
6,5940,0.0038
6,8050,0.0037
6,6920,0.0037
6,7678,0.0037
6,9437,0.0036
6,5301,0.0035
6,5471,0.0035
6,9187,0.0035
6,6320,0.0035
6,10028,0.0035
6,8954,0.0034
6,7845,0.0034
6,6856,0.0034
6,6496,0.0034
6,5472,0.0034
6,7178,0.0034
6,6433,0.0034
6,5474,0.0034
6,9067,0.0033
6,9205,0.0033
6,8524,0.0032
6,9849,0.0032
6,5777,0.0032
6,6757,0.0032
6,6189,0.0032
6,6259,0.0032
6,8533,0.0031
6,9688,0.0031
6,5652,0.0031
6,5254,0.0031
6,6287,0.0031
6,6796,0.0031
6,7708,0.0030
6,5118,0.0030
6,6182,0.0030
6,5106,0.0030
6,7530,0.0030
6,8158,0.0030
6,6586,0.0030
6,8034,0.0030
6,9548,0.0030
6,7230,0.0029
6,8566,0.0029
6,6424,0.0029
6,10030,0.0029
6,8309,0.0029
6,8764,0.0029
6,5017,0.0029
6,9090,0.0029
6,6638,0.0029
6,8234,0.0029
6,8785,0.0028
6,9538,0.0028
6,7709,0.0028
6,9563,0.0028
6,9055,0.0027
6,9569,0.0027
6,9973,0.0027
6,7928,0.0027
6,8641,0.0027
6,5242,0.0027
6,5781,0.0026
6,8741,0.0026
6,5597,0.0026
6,8613,0.0026
6,6607,0.0026
6,7697,0.0026
6,5558,0.0026
6,7925,0.0026
6,5729,0.0026
6,9546,0.0026
6,9532,0.0026
6,7187,0.0026
6,6325,0.0025
6,7791,0.0025
6,8964,0.0025
6,8912,0.0025
6,8784,0.0025
6,5023,0.0024
6,7228,0.0024
6,5255,0.0024
6,8377,0.0024
6,5811,0.0024
6,9059,0.0024
6,8788,0.0023
6,5937,0.0023
6,6216,0.0023
6,6213,0.0023
6,9049,0.0022
6,9405,0.0022
6,6359,0.0022
6,7051,0.0022
6,5831,0.0022
6,8451,0.0022
6,9060,0.0022
6,7704,0.0022
6,9616,0.0020
6,5769,0.0020
6,6473,0.0019
6,8025,0.0019
6,8966,0.0019
6,8307,0.0019
6,6993,0.0019
6,5308,0.0018
6,8298,0.0018
6,5495,0.0018
6,5294,0.0017
6,5350,0.0017
6,9389,0.0017
6,5470,0.0017
6,7289,0.0014
6,7688,0.0014
6,5445,0.0014
6,5496,0.0013
7,8091,0.2566
7,7113,0.2111
7,9937,0.1782
7,8141,0.1493
7,5514,0.1361
7,7941,0.1228
7,5871,0.1216
7,6097,0.1216
7,5092,0.1216
7,6417,0.1203
7,8426,0.1203
7,7342,0.1203
7,7661,0.1203
7,5439,0.1203
7,7930,0.1203
7,8659,0.1203
7,9024,0.1192
7,5630,0.1192
7,6895,0.1192
7,9250,0.1192
7,8164,0.1192
7,7111,0.1192
7,6648,0.1180
7,5124,0.1119
7,6673,0.1111
7,9273,0.1103
7,9864,0.1026
7,9516,0.1016
7,5378,0.0961
7,9391,0.0914
7,8971,0.0899
7,8573,0.0899
7,9559,0.0878
7,9098,0.0831
7,9750,0.0831
7,9265,0.0831
7,6105,0.0810
7,8457,0.0810
7,9941,0.0810
7,8661,0.0810
7,7754,0.0810
7,6446,0.0782
7,7116,0.0752
7,5888,0.0735
7,6492,0.0735
7,6921,0.0735
7,5000,0.0734
7,7348,0.0702
7,8174,0.0702
7,7726,0.0682
7,9871,0.0680
7,9662,0.0650
7,9150,0.0642
7,7746,0.0635
7,8340,0.0634
7,8480,0.0631
7,5846,0.0627
7,9099,0.0623
7,5583,0.0622
7,8707,0.0612
7,5995,0.0602
7,5562,0.0596
7,6378,0.0583
7,7603,0.0580
7,9817,0.0567
7,7011,0.0539
7,9556,0.0536
7,9464,0.0535
7,9552,0.0524
7,6780,0.0515
7,7283,0.0513
7,7777,0.0507
7,7825,0.0493
7,5793,0.0491
7,7995,0.0473
7,7743,0.0471
7,6474,0.0470
7,8082,0.0458
7,5157,0.0458
7,8337,0.0457
7,6148,0.0435
7,5061,0.0434
7,5653,0.0433
7,8053,0.0431
7,7006,0.0428
7,7210,0.0428
7,7315,0.0425
7,8708,0.0421
7,9311,0.0421
7,9113,0.0413
7,5101,0.0412
7,5847,0.0408
7,7956,0.0407
7,7943,0.0404
7,6237,0.0398
7,9354,0.0389
7,6334,0.0388
7,6677,0.0386
7,5025,0.0386
7,8692,0.0385
7,9288,0.0383
7,9276,0.0378
7,7827,0.0374
7,7931,0.0371
7,6557,0.0367
7,7761,0.0359
7,7323,0.0359
7,7033,0.0358
7,6066,0.0357
7,6113,0.0357
7,5517,0.0356
7,9388,0.0349
7,7949,0.0347
7,9838,0.0347
7,6764,0.0343
7,7010,0.0342
7,6778,0.0339
7,5122,0.0339
7,5120,0.0338
7,8562,0.0337
7,7435,0.0330
7,6707,0.0329
7,7610,0.0327
7,9741,0.0323
7,7431,0.0321
7,6785,0.0321
7,6919,0.0318
7,7887,0.0318
7,7748,0.0317
7,5269,0.0317
7,5616,0.0316
7,6289,0.0314
7,6491,0.0311
7,5356,0.0310
7,8244,0.0310
7,7563,0.0308
7,6865,0.0306
7,5044,0.0305
7,5277,0.0304
7,7947,0.0304
7,5123,0.0302
7,8027,0.0302
7,5422,0.0300
7,7038,0.0300
7,8414,0.0300
7,6675,0.0296
7,9763,0.0296
7,8081,0.0296
7,6009,0.0294
7,7349,0.0293
7,5505,0.0291
7,8940,0.0289
7,7939,0.0289
7,8180,0.0289
7,5249,0.0288
7,7350,0.0287
7,9148,0.0285
7,9082,0.0285
7,5889,0.0285
7,9554,0.0284
7,8177,0.0284
7,6668,0.0283
7,5772,0.0282
7,9710,0.0281
7,5336,0.0280
7,9677,0.0280
7,7897,0.0280
7,7833,0.0280
7,8475,0.0279
7,8662,0.0278
7,8660,0.0277
7,5972,0.0277
7,5560,0.0276
7,9102,0.0274
7,8455,0.0274
7,5251,0.0273
7,7626,0.0273
7,8110,0.0273
7,8257,0.0272
7,5885,0.0272
7,7016,0.0271
7,5261,0.0269
7,9747,0.0268
7,7937,0.0268
7,7824,0.0267
7,6102,0.0267
7,5009,0.0266
7,9263,0.0266
7,9109,0.0266
7,6873,0.0266
7,5639,0.0264
7,6723,0.0263
7,9561,0.0263
7,6092,0.0262
7,6389,0.0262
7,5375,0.0262
7,5817,0.0261
7,7669,0.0261
7,5138,0.0261
7,5214,0.0257
7,6676,0.0257
7,6670,0.0257
7,5662,0.0253
7,9100,0.0252
7,7299,0.0252
7,9888,0.0248
7,7117,0.0248
7,5074,0.0248
7,9547,0.0247
7,8318,0.0246
7,5796,0.0245
7,9606,0.0242
7,5850,0.0242
7,5832,0.0242
7,9997,0.0240
7,9262,0.0240
7,8356,0.0239
7,6190,0.0239
7,5322,0.0239
7,5782,0.0239
7,7758,0.0239
7,9555,0.0238
7,5746,0.0238
7,8749,0.0238
7,7198,0.0237
7,6693,0.0237
7,8519,0.0236
7,9787,0.0236
7,10023,0.0235
7,6777,0.0235
7,8255,0.0234
7,9543,0.0233
7,7347,0.0232
7,6297,0.0232
7,5883,0.0230
7,6220,0.0229
7,5865,0.0226
7,7321,0.0226
7,5809,0.0226
7,8209,0.0226
7,7426,0.0225
7,8454,0.0224
7,5299,0.0223
7,5612,0.0223
7,6575,0.0223
7,7854,0.0223
7,8039,0.0221
7,5320,0.0221
7,6936,0.0220
7,7751,0.0220
7,8345,0.0219
7,6702,0.0219
7,5503,0.0218
7,7988,0.0218
7,9792,0.0218
7,8350,0.0217
7,6906,0.0217
7,6800,0.0216
7,6829,0.0215
7,6104,0.0215
7,6405,0.0215
7,5638,0.0215
7,6023,0.0214
7,7635,0.0214
7,5766,0.0213
7,5128,0.0213
7,7965,0.0212
7,5183,0.0211
7,9110,0.0211
7,7646,0.0211
7,5964,0.0211
7,6036,0.0210
7,6836,0.0209
7,6645,0.0209
7,5118,0.0209
7,7497,0.0209
7,5089,0.0209
7,9863,0.0209
7,6497,0.0208
7,6672,0.0208
7,9444,0.0207
7,8671,0.0207
7,7948,0.0206
7,6794,0.0206
7,6054,0.0206
7,8847,0.0206
7,6874,0.0206
7,9560,0.0205
7,5958,0.0205
7,7756,0.0204
7,9742,0.0204
7,8619,0.0203
7,5601,0.0202
7,6231,0.0202
7,7639,0.0202
7,10019,0.0202
7,8512,0.0202
7,8138,0.0201
7,9768,0.0201
7,7599,0.0200
7,10016,0.0200
7,5403,0.0199
7,5913,0.0199
7,5980,0.0199
7,6627,0.0199
7,6755,0.0198
7,9000,0.0198
7,8636,0.0198
7,6578,0.0197
7,5701,0.0197
7,7553,0.0197
7,7077,0.0197
7,8210,0.0197
7,8867,0.0196
7,7589,0.0196
7,5026,0.0196
7,8201,0.0196
7,7335,0.0196
7,5410,0.0195
7,5890,0.0195
7,9549,0.0195
7,7453,0.0193
7,7973,0.0193
7,7771,0.0192
7,6571,0.0191
7,7131,0.0190
7,8401,0.0190
7,6396,0.0190
7,7046,0.0189
7,6489,0.0189
7,7821,0.0189
7,7500,0.0188
7,5783,0.0188
7,9700,0.0188
7,9943,0.0187
7,5792,0.0187
7,9834,0.0187
7,6296,0.0185
7,8308,0.0185
7,8339,0.0185
7,7810,0.0184
7,5957,0.0184
7,6400,0.0183
7,5953,0.0183
7,6209,0.0183
7,8876,0.0182
7,7618,0.0182
7,9271,0.0182
7,5518,0.0182
7,5756,0.0181
7,5657,0.0181
7,7192,0.0181
7,8295,0.0181
7,5983,0.0181
7,9523,0.0180
7,9940,0.0180
7,7755,0.0179
7,6486,0.0179
7,5573,0.0179
7,6384,0.0178
7,5921,0.0178
7,7069,0.0178
7,9563,0.0177
7,7114,0.0177
7,7425,0.0177
7,9550,0.0176
7,6779,0.0176
7,8892,0.0176
7,5934,0.0176
7,5260,0.0176
7,10017,0.0176
7,6055,0.0175
7,9746,0.0175
7,6804,0.0175
7,9917,0.0175
7,5497,0.0174
7,6962,0.0174
7,6392,0.0174
7,9688,0.0173
7,7760,0.0173
7,7620,0.0173
7,6385,0.0172
7,9771,0.0172
7,8175,0.0172
7,9081,0.0172
7,8132,0.0171
7,7852,0.0171
7,5647,0.0171
7,6881,0.0170
7,5894,0.0170
7,7728,0.0170
7,9278,0.0170
7,9802,0.0170
7,7800,0.0169
7,9159,0.0169
7,6310,0.0169
7,5011,0.0169
7,9739,0.0169
7,6421,0.0168
7,5323,0.0168
7,8427,0.0168
7,8010,0.0168
7,6875,0.0167
7,6318,0.0167
7,6790,0.0167
7,5810,0.0167
7,8824,0.0166
7,5158,0.0165
7,9558,0.0165
7,7843,0.0164
7,9519,0.0164
7,8389,0.0164
7,9743,0.0164
7,8452,0.0162
7,6681,0.0161
7,6530,0.0161
7,6106,0.0161
7,8972,0.0161
7,6193,0.0161
7,10000,0.0161
7,6252,0.0161
7,8888,0.0160
7,9798,0.0160
7,9144,0.0160
7,8495,0.0160
7,9207,0.0160
7,9246,0.0159
7,9266,0.0159
7,9126,0.0159
7,8901,0.0158
7,8151,0.0158
7,9967,0.0158
7,9680,0.0157
7,9719,0.0157
7,8172,0.0157
7,7390,0.0157
7,8728,0.0156
7,8346,0.0155
7,8591,0.0155
7,8820,0.0155
7,5908,0.0155
7,7214,0.0154
7,6468,0.0154
7,5797,0.0154
7,8976,0.0154
7,7118,0.0154
7,8222,0.0154
7,5896,0.0154
7,6309,0.0154
7,9749,0.0153
7,5376,0.0153
7,8343,0.0153
7,9604,0.0153
7,9279,0.0152
7,8827,0.0152
7,8690,0.0152
7,5072,0.0152
7,5212,0.0152
7,6970,0.0152
7,7951,0.0152
7,7532,0.0152
7,5223,0.0151
7,6291,0.0151
7,9286,0.0149
7,5050,0.0149
7,8008,0.0149
7,8587,0.0149
7,8925,0.0149
7,9756,0.0148
7,9104,0.0148
7,9580,0.0147
7,7976,0.0147
7,7623,0.0147
7,7459,0.0147
7,7035,0.0146
7,9707,0.0146
7,7144,0.0146
7,6182,0.0146
7,6495,0.0146
7,9210,0.0145
7,9942,0.0145
7,9280,0.0145
7,9092,0.0145
7,8236,0.0145
7,9091,0.0145
7,6918,0.0145
7,6995,0.0144
7,8088,0.0144
7,6459,0.0144
7,6138,0.0144
7,7164,0.0144
7,5334,0.0144
7,6460,0.0144
7,8300,0.0144
7,7950,0.0142
7,6327,0.0142
7,7583,0.0142
7,6364,0.0141
7,6523,0.0141
7,5377,0.0141
7,9769,0.0140
7,6273,0.0140
7,7434,0.0140
7,7814,0.0140
7,5571,0.0140
7,9398,0.0139
7,5641,0.0139
7,6536,0.0139
7,9477,0.0138
7,5489,0.0138
7,5858,0.0138
7,9390,0.0138
7,6765,0.0138
7,6506,0.0138
7,6146,0.0138
7,9203,0.0138
7,8688,0.0137
7,8988,0.0137
7,6684,0.0137
7,9785,0.0137
7,6187,0.0137
7,5559,0.0136
7,9324,0.0136
7,5728,0.0136
7,5412,0.0135
7,7592,0.0135
7,5882,0.0135
7,7518,0.0134
7,6303,0.0134
7,7134,0.0134
7,5895,0.0134
7,8044,0.0134
7,8384,0.0134
7,6747,0.0134
7,5156,0.0133
7,5673,0.0133
7,6443,0.0133
7,8278,0.0132
7,9944,0.0132
7,5150,0.0132
7,8664,0.0132
7,5004,0.0132
7,6181,0.0132
7,9261,0.0132
7,8776,0.0131
7,5986,0.0131
7,7316,0.0131
7,5576,0.0131
7,8924,0.0131
7,5887,0.0131
7,6689,0.0131
7,6286,0.0131
7,9542,0.0131
7,9975,0.0131
7,5117,0.0130
7,7757,0.0130
7,9474,0.0130
7,5490,0.0130
7,5548,0.0130
7,6618,0.0130
7,5218,0.0130
7,5319,0.0130
7,6593,0.0130
7,6253,0.0129
7,5515,0.0129
7,5393,0.0129
7,8831,0.0129
7,6288,0.0129
7,7300,0.0128
7,7978,0.0128
7,5910,0.0128
7,9551,0.0128
7,8800,0.0128
7,5837,0.0128
7,6212,0.0128
7,8382,0.0128
7,5268,0.0127
7,8294,0.0127
7,9356,0.0127
7,8181,0.0127
7,7886,0.0127
7,5690,0.0127
7,7372,0.0127
7,5351,0.0127
7,6558,0.0126
7,8654,0.0126
7,5715,0.0126
7,5651,0.0126
7,7225,0.0125
7,5111,0.0125
7,9540,0.0125
7,8699,0.0125
7,9073,0.0124
7,6824,0.0124
7,6838,0.0124
7,7968,0.0124
7,6130,0.0124
7,6210,0.0123
7,7579,0.0123
7,8397,0.0122
7,9591,0.0122
7,8572,0.0122
7,6562,0.0122
7,5235,0.0122
7,8630,0.0122
7,7331,0.0121
7,7955,0.0121
7,6798,0.0121
7,8412,0.0121
7,9438,0.0121
7,5102,0.0121
7,7940,0.0120
7,6490,0.0120
7,9956,0.0120
7,5162,0.0120
7,6349,0.0120
7,9969,0.0120
7,5275,0.0120
7,7920,0.0119
7,8438,0.0119
7,6775,0.0119
7,7985,0.0119
7,5788,0.0119
7,9744,0.0119
7,6299,0.0119
7,5043,0.0119
7,7975,0.0119
7,5603,0.0118
7,9954,0.0118
7,6298,0.0118
7,8625,0.0118
7,5637,0.0118
7,7029,0.0118
7,7146,0.0117
7,6556,0.0117
7,9593,0.0117
7,6418,0.0117
7,5808,0.0117
7,7396,0.0117
7,9600,0.0117
7,8817,0.0117
7,9630,0.0117
7,6496,0.0117
7,6917,0.0117
7,5884,0.0116
7,7123,0.0115
7,5112,0.0115
7,5569,0.0115
7,7538,0.0115
7,8973,0.0115
7,7374,0.0115
7,5650,0.0115
7,9155,0.0115
7,8024,0.0114
7,6006,0.0114
7,7957,0.0114
7,6336,0.0114
7,5082,0.0114
7,6797,0.0114
7,8474,0.0114
7,5685,0.0114
7,8742,0.0114
7,5317,0.0114
7,6714,0.0114
7,7590,0.0114
7,6807,0.0114
7,7495,0.0113
7,5738,0.0113
7,9775,0.0113
7,5734,0.0113
7,8620,0.0113
7,9779,0.0113
7,9599,0.0113
7,6154,0.0113
7,7766,0.0113
7,6131,0.0113
7,6886,0.0112
7,7647,0.0112
7,8461,0.0112
7,7470,0.0112
7,8408,0.0112
7,5777,0.0111
7,6837,0.0111
7,8693,0.0111
7,5311,0.0111
7,7150,0.0111
7,7900,0.0110
7,7789,0.0110
7,5799,0.0110
7,5994,0.0110
7,6018,0.0110
7,6505,0.0109
7,7222,0.0109
7,8765,0.0109
7,7073,0.0109
7,6635,0.0109
7,8859,0.0108
7,9553,0.0108
7,9661,0.0108
7,8169,0.0108
7,6666,0.0108
7,9753,0.0108
7,8716,0.0107
7,5540,0.0107
7,8554,0.0107
7,5704,0.0107
7,6555,0.0107
7,5121,0.0107
7,5988,0.0107
7,8098,0.0107
7,6175,0.0107
7,8312,0.0107
7,6776,0.0107
7,10005,0.0106
7,7356,0.0106
7,9454,0.0106
7,8682,0.0106
7,6355,0.0105
7,5236,0.0105
7,5854,0.0105
7,8550,0.0104
7,5781,0.0104
7,8042,0.0104
7,8119,0.0104
7,5892,0.0104
7,6510,0.0104
7,8673,0.0104
7,9874,0.0103
7,7108,0.0103
7,8986,0.0103
7,7084,0.0103
7,8666,0.0103
7,5812,0.0103
7,9139,0.0103
7,9349,0.0103
7,7844,0.0103
7,9140,0.0103
7,5564,0.0102
7,6649,0.0102
7,8315,0.0102
7,5205,0.0102
7,9800,0.0102
7,9496,0.0102
7,7517,0.0102
7,5929,0.0101
7,6240,0.0101
7,8893,0.0101
7,6573,0.0101
7,6466,0.0101
7,7229,0.0101
7,9125,0.0101
7,6311,0.0101
7,8080,0.0100
7,8176,0.0100
7,8290,0.0100
7,9264,0.0100
7,7142,0.0100
7,9533,0.0100
7,8220,0.0100
7,7902,0.0100
7,5993,0.0099
7,6469,0.0099
7,8200,0.0099
7,8298,0.0099
7,9049,0.0099
7,6978,0.0099
7,6082,0.0099
7,8487,0.0099
7,7009,0.0099
7,7407,0.0098
7,5947,0.0098
7,5670,0.0098
7,6060,0.0098
7,6694,0.0098
7,6678,0.0098
7,8532,0.0098
7,9267,0.0098
7,7288,0.0098
7,9783,0.0098
7,7780,0.0097
7,6701,0.0097
7,9852,0.0097
7,5345,0.0097
7,8306,0.0097
7,9570,0.0097
7,8020,0.0097
7,9154,0.0097
7,9128,0.0097
7,5513,0.0097
7,8464,0.0097
7,8150,0.0097
7,8202,0.0097
7,7154,0.0097
7,8750,0.0097
7,6482,0.0097
7,5679,0.0097
7,8299,0.0096
7,9892,0.0096
7,7954,0.0096
7,9740,0.0096
7,7156,0.0096
7,8065,0.0096
7,8352,0.0096
7,7174,0.0095
7,5672,0.0095
7,9077,0.0095
7,6382,0.0095
7,5620,0.0095
7,8011,0.0095
7,7574,0.0095
7,7471,0.0095
7,5878,0.0095
7,9214,0.0095
7,8511,0.0095
7,6030,0.0095
7,8794,0.0094
7,5880,0.0094
7,9896,0.0094
7,7322,0.0094
7,6911,0.0094
7,9352,0.0094
7,6440,0.0094
7,7324,0.0094
7,6752,0.0093
7,8416,0.0093
7,9215,0.0093
7,8136,0.0093
7,8652,0.0093
7,7360,0.0093
7,9487,0.0093
7,8124,0.0093
7,5652,0.0093
7,7598,0.0092
7,7959,0.0092
7,9156,0.0092
7,9642,0.0092
7,7613,0.0092
7,8047,0.0092
7,6145,0.0092
7,6287,0.0092
7,9748,0.0092
7,8089,0.0091
7,8197,0.0091
7,10018,0.0091
7,8819,0.0091
7,6111,0.0091
7,7823,0.0091
7,6213,0.0091
7,7692,0.0091
7,8093,0.0090
7,6284,0.0090
7,9762,0.0090
7,5300,0.0090
7,9958,0.0090
7,7075,0.0090
7,7842,0.0090
7,8514,0.0089
7,8344,0.0089
7,9435,0.0089
7,8537,0.0088
7,8665,0.0088
7,6731,0.0088
7,9208,0.0088
7,9877,0.0088
7,5747,0.0088
7,9025,0.0087
7,7732,0.0087
7,6365,0.0087
7,6952,0.0087
7,5825,0.0087
7,5332,0.0087
7,7745,0.0086
7,7837,0.0086
7,5622,0.0086
7,7706,0.0086
7,9983,0.0086
7,9213,0.0086
7,5010,0.0086
7,8668,0.0086
7,7772,0.0086
7,7177,0.0086
7,8303,0.0086
7,9524,0.0086
7,8470,0.0086
7,6821,0.0086
7,9872,0.0086
7,5665,0.0086
7,8170,0.0085
7,7491,0.0085
7,5068,0.0085
7,9665,0.0085
7,5923,0.0085
7,5863,0.0085
7,9287,0.0085
7,9103,0.0085
7,8305,0.0085
7,8283,0.0085
7,6128,0.0085
7,8598,0.0085
7,8129,0.0085
7,9395,0.0084
7,9791,0.0084
7,8869,0.0084
7,5496,0.0084
7,6757,0.0084
7,9062,0.0084
7,5780,0.0084
7,8497,0.0084
7,9569,0.0084
7,5492,0.0083
7,7286,0.0083
7,5798,0.0083
7,9628,0.0083
7,5656,0.0083
7,6324,0.0083
7,5778,0.0083
7,7130,0.0083
7,5830,0.0083
7,5309,0.0083
7,8139,0.0083
7,7388,0.0083
7,8467,0.0083
7,5561,0.0082
7,9539,0.0082
7,6732,0.0082
7,7277,0.0082
7,7487,0.0082
7,6079,0.0082
7,6008,0.0082
7,5107,0.0082
7,7334,0.0082
7,6183,0.0082
7,7378,0.0082
7,5245,0.0082
7,5567,0.0082
7,7477,0.0082
7,6913,0.0081
7,7193,0.0081
7,7172,0.0081
7,5211,0.0081
7,9612,0.0081
7,8496,0.0081
7,6947,0.0081
7,5886,0.0081
7,7128,0.0081
7,6292,0.0081
7,5805,0.0081
7,6285,0.0081
7,7738,0.0081
7,8957,0.0081
7,7820,0.0081
7,6696,0.0081
7,6005,0.0080
7,9546,0.0080
7,6904,0.0080
7,6935,0.0080
7,5273,0.0080
7,8987,0.0080
7,7015,0.0080
7,9169,0.0079
7,6823,0.0079
7,7622,0.0079
7,6484,0.0079
7,8379,0.0079
7,7412,0.0079
7,8848,0.0079
7,8756,0.0079
7,8198,0.0079
7,8805,0.0079
7,6501,0.0079
7,10030,0.0079
7,9221,0.0079
7,5258,0.0079
7,5069,0.0079
7,9482,0.0079
7,7055,0.0079
7,5973,0.0078
7,5859,0.0078
7,6915,0.0078
7,6671,0.0078
7,6596,0.0078
7,5313,0.0078
7,7135,0.0078
7,5506,0.0078
7,7484,0.0078
7,9647,0.0077
7,5201,0.0077
7,8272,0.0077
7,10034,0.0077
7,5707,0.0077
7,5169,0.0077
7,6934,0.0077
7,7231,0.0077
7,9532,0.0077
7,9029,0.0077
7,6404,0.0076
7,8302,0.0076
7,5740,0.0076
7,8663,0.0076
7,9660,0.0076
7,8095,0.0076
7,7488,0.0076
7,5016,0.0075
7,5296,0.0075
7,5349,0.0075
7,9925,0.0075
7,6770,0.0075
7,5234,0.0075
7,9149,0.0075
7,6796,0.0075
7,7351,0.0075
7,5613,0.0075
7,5814,0.0075
7,9686,0.0075
7,5841,0.0075
7,7586,0.0075
7,8453,0.0075
7,6250,0.0074
7,7220,0.0074
7,7791,0.0074
7,5005,0.0074
7,9745,0.0074
7,6317,0.0074
7,5911,0.0074
7,9424,0.0074
7,9643,0.0074
7,9774,0.0074
7,6691,0.0074
7,7107,0.0073
7,5516,0.0073
7,5054,0.0073
7,5099,0.0073
7,9557,0.0073
7,7326,0.0073
7,9386,0.0073
7,8923,0.0073
7,5370,0.0073
7,8338,0.0072
7,5116,0.0072
7,5566,0.0072
7,8003,0.0072
7,9346,0.0072
7,5611,0.0072
7,7536,0.0072
7,6568,0.0072
7,7228,0.0072
7,8291,0.0072
7,9440,0.0072
7,9089,0.0072
7,5330,0.0072
7,6638,0.0072
7,5018,0.0072
7,6591,0.0071
7,8319,0.0071
7,8571,0.0071
7,6056,0.0071
7,6961,0.0071
7,6940,0.0071
7,6116,0.0071
7,7967,0.0071
7,5023,0.0071
7,9893,0.0071
7,8425,0.0071
7,8521,0.0071
7,7179,0.0071
7,6498,0.0071
7,9327,0.0071
7,9898,0.0071
7,8370,0.0071
7,5706,0.0071
7,9471,0.0070
7,5495,0.0070
7,7319,0.0070
7,5591,0.0070
7,7888,0.0070
7,6031,0.0070
7,6522,0.0070
7,6189,0.0070
7,7398,0.0070
7,5001,0.0070
7,7221,0.0070
7,9853,0.0069
7,7759,0.0069
7,5521,0.0069
7,6294,0.0069
7,8173,0.0069
7,9732,0.0069
7,6857,0.0069
7,5331,0.0069
7,5833,0.0069
7,7960,0.0068
7,6931,0.0068
7,8099,0.0068
7,6071,0.0068
7,6419,0.0068
7,7857,0.0068
7,6973,0.0068
7,8959,0.0068
7,8734,0.0068
7,7001,0.0068
7,7907,0.0068
7,6563,0.0068
7,8118,0.0068
7,9382,0.0068
7,5104,0.0068
7,7984,0.0067
7,9247,0.0067
7,5586,0.0067
7,6325,0.0067
7,6057,0.0067
7,7460,0.0067
7,7394,0.0067
7,8930,0.0067
7,6483,0.0067
7,9397,0.0067
7,8798,0.0067
7,7180,0.0067
7,5877,0.0066
7,8990,0.0066
7,6129,0.0066
7,5671,0.0066
7,8538,0.0066
7,7379,0.0066
7,7891,0.0066
7,9296,0.0066
7,7712,0.0066
7,9153,0.0066
7,5064,0.0066
7,7158,0.0066
7,6125,0.0066
7,9027,0.0066
7,9544,0.0066
7,9389,0.0066
7,7124,0.0066
7,8203,0.0066
7,8530,0.0066
7,7873,0.0065
7,5167,0.0065
7,7373,0.0065
7,9170,0.0065
7,8378,0.0065
7,7540,0.0065
7,8135,0.0065
7,5464,0.0065
7,7399,0.0065
7,9205,0.0065
7,6525,0.0065
7,8679,0.0065
7,6543,0.0065
7,6103,0.0065
7,9947,0.0065
7,9283,0.0065
7,6197,0.0064
7,5411,0.0064
7,6665,0.0064
7,7462,0.0064
7,5538,0.0064
7,7942,0.0064
7,9419,0.0064
7,5348,0.0064
7,6363,0.0064
7,8732,0.0064
7,5684,0.0064
7,8225,0.0064
7,5831,0.0064
7,8000,0.0064
7,5434,0.0064
7,5802,0.0064
7,5204,0.0064
7,9821,0.0064
7,7162,0.0063
7,9687,0.0063
7,9535,0.0063
7,8134,0.0063
7,6219,0.0063
7,5308,0.0063
7,5565,0.0063
7,8211,0.0063
7,8436,0.0063
7,7137,0.0063
7,8603,0.0063
7,6266,0.0063
7,6100,0.0063
7,8854,0.0063
7,8516,0.0063
7,5851,0.0062
7,8918,0.0062
7,8404,0.0062
7,5955,0.0062
7,7822,0.0062
7,10025,0.0062
7,9284,0.0062
7,5952,0.0062
7,9434,0.0062
7,9101,0.0062
7,5037,0.0062
7,6381,0.0062
7,5700,0.0061
7,5084,0.0061
7,8481,0.0061
7,5694,0.0061
7,7287,0.0061
7,8784,0.0061
7,8193,0.0061
7,7549,0.0061
7,5824,0.0061
7,8304,0.0061
7,7709,0.0061
7,9618,0.0061
7,8437,0.0061
7,6984,0.0061
7,9725,0.0061
7,8611,0.0061
7,5703,0.0061
7,5857,0.0061
7,9291,0.0060
7,7297,0.0060
7,5230,0.0060
7,9108,0.0060
7,7050,0.0060
7,6305,0.0060
7,8128,0.0060
7,9209,0.0060
7,5977,0.0060
7,8681,0.0060
7,7528,0.0060
7,5108,0.0060
7,8801,0.0060
7,7289,0.0060
7,7096,0.0059
7,7182,0.0059
7,6050,0.0059
7,6932,0.0059
7,7750,0.0059
7,5148,0.0059
7,6439,0.0059
7,9235,0.0059
7,8510,0.0059
7,6863,0.0059
7,9097,0.0059
7,8246,0.0059
7,5113,0.0058
7,9830,0.0058
7,5698,0.0058
7,9545,0.0058
7,8133,0.0058
7,6861,0.0058
7,8589,0.0058
7,7483,0.0058
7,7762,0.0058
7,6360,0.0058
7,9367,0.0058
7,9697,0.0058
7,8676,0.0058
7,9310,0.0057
7,8726,0.0057
7,8208,0.0057
7,8328,0.0057
7,5175,0.0057
7,7704,0.0057
7,7511,0.0057
7,6733,0.0057
7,8970,0.0057
7,5933,0.0057
7,5507,0.0057
7,8192,0.0057
7,5705,0.0057
7,6430,0.0057
7,6820,0.0056
7,5771,0.0056
7,5554,0.0056
7,7929,0.0056
7,8205,0.0056
7,7813,0.0056
7,5297,0.0056
7,5469,0.0056
7,7529,0.0056
7,5599,0.0056
7,8468,0.0056
7,8050,0.0056
7,5289,0.0056
7,8806,0.0056
7,8232,0.0056
7,8560,0.0056
7,6217,0.0055
7,7507,0.0055
7,9028,0.0055
7,6457,0.0055
7,6123,0.0055
7,9161,0.0055
7,8910,0.0055
7,8259,0.0055
7,8965,0.0055
7,6494,0.0055
7,9601,0.0055
7,8264,0.0055
7,8821,0.0055
7,9114,0.0054
7,6215,0.0054
7,6622,0.0054
7,8754,0.0054
7,9124,0.0054
7,9498,0.0054
7,6533,0.0054
7,6920,0.0054
7,6599,0.0054
7,9529,0.0054
7,5381,0.0054
7,7368,0.0054
7,9188,0.0053
7,6117,0.0053
7,6953,0.0053
7,9017,0.0053
7,6721,0.0053
7,10033,0.0053
7,9481,0.0053
7,6664,0.0053
7,6955,0.0053
7,9953,0.0053
7,7014,0.0052
7,5732,0.0052
7,7437,0.0052
7,6937,0.0052
7,5533,0.0052
7,7826,0.0052
7,6395,0.0052
7,7017,0.0052
7,8899,0.0052
7,8818,0.0052
7,9525,0.0052
7,8310,0.0051
7,8101,0.0051
7,9371,0.0051
7,8762,0.0051
7,6586,0.0051
7,5303,0.0051
7,7187,0.0051
7,5172,0.0051
7,7557,0.0051
7,7853,0.0051
7,9548,0.0051
7,7171,0.0051
7,5906,0.0051
7,7876,0.0051
7,5659,0.0051
7,8760,0.0051
7,7452,0.0050
7,6126,0.0050
7,5106,0.0050
7,6634,0.0050
7,8207,0.0050
7,7689,0.0050
7,9616,0.0050
7,8363,0.0050
7,7966,0.0050
7,5602,0.0050
7,8823,0.0050
7,6521,0.0050
7,8513,0.0050
7,8179,0.0050
7,6331,0.0049
7,8115,0.0049
7,5512,0.0049
7,7389,0.0049
7,8449,0.0049
7,6738,0.0049
7,6869,0.0049
7,5324,0.0049
7,7653,0.0049
7,9347,0.0048
7,5731,0.0048
7,9667,0.0048
7,8935,0.0048
7,7367,0.0048
7,5006,0.0048
7,6110,0.0048
7,5870,0.0048
7,8727,0.0048
7,6119,0.0048
7,5281,0.0048
7,5125,0.0048
7,5735,0.0048
7,5904,0.0048
7,7357,0.0048
7,5600,0.0048
7,5879,0.0047
7,9192,0.0047
7,6507,0.0047
7,5034,0.0047
7,5902,0.0047
7,9673,0.0047
7,6379,0.0047
7,8317,0.0047
7,6473,0.0047
7,8120,0.0047
7,8788,0.0047
7,6108,0.0047
7,6003,0.0047
7,8281,0.0047
7,7952,0.0047
7,9773,0.0047
7,8787,0.0047
7,7614,0.0047
7,8254,0.0046
7,6907,0.0046
7,6139,0.0046
7,5687,0.0046
7,7106,0.0046
7,5614,0.0046
7,6262,0.0046
7,5546,0.0046
7,5103,0.0046
7,7735,0.0046
7,5315,0.0046
7,6248,0.0046
7,6621,0.0046
7,9807,0.0046
7,6949,0.0046
7,8697,0.0046
7,8406,0.0046
7,9436,0.0046
7,8608,0.0046
7,5291,0.0046
7,6884,0.0046
7,5881,0.0046
7,8092,0.0046
7,6216,0.0046
7,7402,0.0045
7,7879,0.0045
7,6051,0.0045
7,6503,0.0045
7,7831,0.0045
7,6258,0.0045
7,7534,0.0045
7,10035,0.0045
7,7451,0.0045
7,9611,0.0045
7,6910,0.0045
7,5433,0.0045
7,9212,0.0044
7,8488,0.0044
7,5030,0.0044
7,8076,0.0044
7,8221,0.0044
7,5713,0.0044
7,5145,0.0044
7,7051,0.0044
7,7224,0.0044
7,9014,0.0044
7,7467,0.0044
7,9443,0.0044
7,5328,0.0044
7,5660,0.0044
7,8543,0.0044
7,6851,0.0043
7,6927,0.0043
7,7530,0.0043
7,6667,0.0043
7,6300,0.0043
7,5482,0.0043
7,9075,0.0043
7,7170,0.0043
7,8062,0.0043
7,5999,0.0043
7,6925,0.0043
7,7736,0.0043
7,9782,0.0043
7,6149,0.0043
7,8336,0.0043
7,8505,0.0043
7,8178,0.0043
7,8238,0.0043
7,7710,0.0043
7,8955,0.0043
7,8570,0.0043
7,8879,0.0043
7,7230,0.0042
7,8785,0.0042
7,5770,0.0042
7,6170,0.0042
7,6012,0.0042
7,5572,0.0042
7,7872,0.0042
7,5476,0.0042
7,7088,0.0042
7,8301,0.0042
7,5017,0.0042
7,6967,0.0042
7,6158,0.0042
7,9504,0.0042
7,8499,0.0042
7,9583,0.0042
7,8739,0.0042
7,5063,0.0041
7,7166,0.0041
7,6720,0.0041
7,9475,0.0041
7,7115,0.0041
7,7377,0.0041
7,8700,0.0041
7,8680,0.0041
7,9541,0.0041
7,8849,0.0041
7,6549,0.0041
7,8418,0.0041
7,5071,0.0041
7,7580,0.0041
7,5835,0.0041
7,5096,0.0041
7,5321,0.0041
7,6330,0.0041
7,7539,0.0041
7,9457,0.0041
7,5085,0.0041
7,9181,0.0041
7,7305,0.0041
7,9973,0.0041
7,5726,0.0041
7,6661,0.0041
7,8838,0.0041
7,6709,0.0040
7,9116,0.0040
7,6452,0.0040
7,6353,0.0040
7,7479,0.0040
7,5014,0.0040
7,5105,0.0040
7,9645,0.0040
7,8590,0.0040
7,7365,0.0040
7,8641,0.0040
7,5534,0.0040
7,9066,0.0040
7,7159,0.0039
7,7408,0.0039
7,8297,0.0039
7,9813,0.0039
7,8841,0.0039
7,9860,0.0039
7,9445,0.0039
7,9716,0.0039
7,7310,0.0039
7,5834,0.0039
7,9019,0.0039
7,9573,0.0039
7,9328,0.0039
7,5648,0.0039
7,8771,0.0039
7,9515,0.0039
7,5350,0.0039
7,6862,0.0039
7,7925,0.0039
7,6099,0.0039
7,5875,0.0039
7,9340,0.0039
7,6590,0.0038
7,9403,0.0038
7,5022,0.0038
7,6151,0.0038
7,8604,0.0038
7,5855,0.0038
7,8729,0.0038
7,5483,0.0038
7,8786,0.0038
7,8114,0.0038
7,8261,0.0038
7,5166,0.0038
7,5948,0.0038
7,7784,0.0038
7,9460,0.0038
7,7856,0.0038
7,9308,0.0038
7,7747,0.0038
7,8911,0.0038
7,8326,0.0037
7,9891,0.0037
7,8410,0.0037
7,7773,0.0037
7,7341,0.0037
7,7223,0.0037
7,6094,0.0037
7,9053,0.0037
7,6659,0.0037
7,7093,0.0037
7,6753,0.0037
7,8795,0.0037
7,5867,0.0037
7,6386,0.0037
7,8884,0.0037
7,5359,0.0037
7,9985,0.0037
7,8021,0.0037
7,7730,0.0037
7,5765,0.0037
7,5110,0.0036
7,8073,0.0036
7,9933,0.0036
7,9572,0.0036
7,9119,0.0036
7,6455,0.0036
7,7416,0.0036
7,8067,0.0036
7,6602,0.0036
7,6564,0.0036
7,6713,0.0036
7,8792,0.0036
7,9236,0.0036
7,5367,0.0036
7,8448,0.0036
7,6085,0.0035
7,8504,0.0035
7,6238,0.0035
7,9972,0.0035
7,7062,0.0035
7,9678,0.0035
7,7481,0.0035
7,8446,0.0035
7,9858,0.0035
7,9901,0.0035
7,9979,0.0035
7,7355,0.0035
7,8667,0.0035
7,7070,0.0035
7,6902,0.0035
7,5443,0.0035
7,5326,0.0035
7,9812,0.0035
7,9362,0.0035
7,7455,0.0035
7,5402,0.0035
7,10028,0.0034
7,5493,0.0034
7,7847,0.0034
7,7424,0.0034
7,7832,0.0034
7,7980,0.0034
7,8567,0.0034
7,8898,0.0034
7,9870,0.0034
7,7178,0.0034
7,7216,0.0034
7,7644,0.0034
7,9421,0.0034
7,7353,0.0033
7,5210,0.0033
7,5621,0.0033
7,8362,0.0033
7,6688,0.0033
7,9922,0.0033
7,5522,0.0033
7,8962,0.0033
7,8960,0.0033
7,6589,0.0033
7,7686,0.0033
7,6127,0.0033
7,8954,0.0033
7,6184,0.0033
7,5751,0.0033
7,6180,0.0033
7,5749,0.0033
7,6793,0.0033
7,7687,0.0033
7,7109,0.0033
7,7352,0.0033
7,7295,0.0033
7,8219,0.0032
7,7359,0.0032
7,7998,0.0032
7,6200,0.0032
7,9312,0.0032
7,9396,0.0032
7,9405,0.0032
7,7829,0.0032
7,6705,0.0032
7,6839,0.0032
7,7865,0.0032
7,5047,0.0032
7,6871,0.0032
7,7868,0.0032
7,5717,0.0032
7,9233,0.0032
7,5625,0.0032
7,7309,0.0032
7,9056,0.0032
7,8376,0.0032
7,7168,0.0031
7,5316,0.0031
7,7691,0.0031
7,9485,0.0031
7,8253,0.0031
7,7121,0.0031
7,6887,0.0031
7,5282,0.0031
7,5914,0.0031
7,8019,0.0031
7,5179,0.0031
7,6872,0.0031
7,5298,0.0031
7,7667,0.0031
7,6244,0.0031
7,8974,0.0030
7,9936,0.0030
7,8723,0.0030
7,6493,0.0030
7,9578,0.0030
7,8751,0.0030
7,8871,0.0030
7,9329,0.0030
7,5461,0.0030
7,7181,0.0030
7,6866,0.0030
7,8102,0.0030
7,5420,0.0030
7,9537,0.0029
7,9206,0.0029
7,5140,0.0029
7,5950,0.0029
7,6134,0.0029
7,6646,0.0029
7,7110,0.0029
7,7395,0.0029
7,9987,0.0029
7,6903,0.0029
7,7428,0.0029
7,8966,0.0029
7,9294,0.0029
7,9185,0.0029
7,8825,0.0029
7,9231,0.0029
7,8230,0.0029
7,9663,0.0028
7,5795,0.0028
7,8826,0.0028
7,7938,0.0028
7,6261,0.0028
7,5097,0.0028
7,6499,0.0028
7,7012,0.0028
7,9392,0.0028
7,9320,0.0028
7,5478,0.0028
7,8341,0.0028
7,7473,0.0028
7,7838,0.0028
7,8165,0.0028
7,5279,0.0028
7,5627,0.0028
7,6437,0.0028
7,8725,0.0028
7,9903,0.0028
7,5530,0.0028
7,5940,0.0028
7,8309,0.0028
7,6476,0.0028
7,7552,0.0028
7,5593,0.0028
7,7677,0.0028
7,6453,0.0028
7,5094,0.0027
7,7787,0.0027
7,10026,0.0027
7,5743,0.0027
7,8084,0.0027
7,9176,0.0027
7,8828,0.0027
7,9945,0.0027
7,8469,0.0027
7,9252,0.0027
7,9136,0.0027
7,8799,0.0027
7,9198,0.0027
7,8137,0.0027
7,8991,0.0027
7,8583,0.0027
7,5508,0.0027
7,5306,0.0027
7,7871,0.0027
7,7899,0.0027
7,6165,0.0027
7,7858,0.0026
7,5374,0.0026
7,9772,0.0026
7,8456,0.0026
7,5965,0.0026
7,7448,0.0026
7,5247,0.0026
7,5779,0.0026
7,9076,0.0026
7,6848,0.0026
7,5729,0.0026
7,8085,0.0026
7,8450,0.0026
7,7227,0.0026
7,7719,0.0025
7,9989,0.0025
7,6728,0.0025
7,7226,0.0025
7,5472,0.0025
7,8617,0.0025
7,8961,0.0025
7,5946,0.0025
7,6410,0.0024
7,6802,0.0024
7,8058,0.0024
7,9229,0.0024
7,8698,0.0024
7,9530,0.0024
7,8596,0.0024
7,5400,0.0024
7,8563,0.0024
7,7219,0.0024
7,9694,0.0024
7,5477,0.0023
7,5737,0.0023
7,9780,0.0023
7,8271,0.0023
7,8767,0.0023
7,6960,0.0023
7,10027,0.0023
7,5760,0.0023
7,5394,0.0023
7,9039,0.0023
7,9751,0.0023
7,8743,0.0023
7,9133,0.0023
7,8592,0.0022
7,6214,0.0022
7,6905,0.0022
7,6444,0.0022
7,5816,0.0022
7,5465,0.0022
7,8736,0.0022
7,10039,0.0022
7,5764,0.0022
7,7788,0.0022
7,7674,0.0022
7,7690,0.0022
7,8627,0.0022
7,9484,0.0022
7,8322,0.0021
7,5397,0.0021
7,6909,0.0021
7,5093,0.0021
7,5280,0.0021
7,7693,0.0021
7,8323,0.0021
7,5049,0.0021
7,8195,0.0021
7,5595,0.0021
7,7516,0.0021
7,9738,0.0021
7,5241,0.0020
7,5634,0.0020
7,8638,0.0020
7,5826,0.0020
7,9518,0.0020
7,5769,0.0020
7,5130,0.0020
7,7671,0.0020
7,6142,0.0020
7,9833,0.0020
7,5498,0.0020
7,7961,0.0020
7,9531,0.0019
7,6825,0.0019
7,8956,0.0019
7,5238,0.0019
7,7701,0.0019
7,6742,0.0019
7,7725,0.0019
7,7419,0.0019
7,8307,0.0019
7,7053,0.0019
7,5168,0.0019
7,6049,0.0019
7,6077,0.0019
7,6751,0.0019
7,6428,0.0019
7,8116,0.0019
7,9950,0.0019
7,8445,0.0019
7,8606,0.0018
7,6045,0.0018
7,5982,0.0018
7,6249,0.0018
7,5774,0.0018
7,8434,0.0018
7,5239,0.0018
7,7702,0.0018
7,6383,0.0018
7,7609,0.0018
7,8740,0.0018
7,6166,0.0018
7,7605,0.0018
7,8857,0.0017
7,8578,0.0017
7,9480,0.0017
7,6856,0.0017
7,5294,0.0017
7,9059,0.0017
7,8649,0.0017
7,9038,0.0017
7,9536,0.0017
7,5474,0.0017
7,9067,0.0017
7,7273,0.0017
7,7919,0.0016
7,7415,0.0016
7,5592,0.0016
7,5463,0.0016
7,5262,0.0016
7,5941,0.0016
7,5813,0.0016
7,6660,0.0016
7,10031,0.0016
7,8789,0.0016
7,7666,0.0016
7,9501,0.0016
7,6870,0.0016
7,9788,0.0015
7,8609,0.0015
7,10029,0.0015
7,6574,0.0015
7,5954,0.0015
7,9179,0.0015
7,5696,0.0015
7,5307,0.0015
7,6368,0.0015
7,8793,0.0015
7,7699,0.0015
7,8314,0.0015
7,5485,0.0015
7,5775,0.0015
7,7450,0.0015
7,5008,0.0015
7,8822,0.0014
7,9186,0.0014
7,9090,0.0014
7,5114,0.0014
7,9684,0.0014
7,6263,0.0014
7,5115,0.0014
7,8874,0.0014
7,7086,0.0014
7,7206,0.0014
7,7232,0.0014
7,8797,0.0014
7,9052,0.0014
7,9344,0.0014
7,8057,0.0014
7,8313,0.0014
7,5629,0.0014
7,5646,0.0014
7,8883,0.0013
7,8585,0.0013
7,5304,0.0013
7,5293,0.0013
7,9831,0.0013
7,5033,0.0013
7,8613,0.0013
7,5558,0.0013
7,8774,0.0013
7,5329,0.0013
7,7694,0.0013
7,5144,0.0013
7,5727,0.0013
7,7869,0.0012
7,5776,0.0012
7,5396,0.0012
7,5100,0.0012
7,8790,0.0012
7,7683,0.0012
7,8063,0.0012
7,8447,0.0012
7,10020,0.0012
7,8912,0.0012
7,7054,0.0012
7,8377,0.0012
7,5811,0.0012
7,7851,0.0012
7,9339,0.0012
7,6171,0.0011
7,6605,0.0011
7,9625,0.0011
7,10015,0.0011
7,7684,0.0010
7,6834,0.0010
7,5036,0.0010
7,8922,0.0010
7,9685,0.0010
7,6485,0.0009
7,7063,0.0009
7,6916,0.0009
7,8791,0.0009
7,5119,0.0009
7,8327,0.0009
7,8939,0.0008
7,8374,0.0007
7,5449,0.0007
7,8245,0.0007
7,5338,0.0007
7,7713,0.0006
8,7211,0.1814
8,8419,0.1271
8,5608,0.1067
8,8564,0.1061
8,7314,0.0990
8,7449,0.0889
8,7380,0.0810
8,5486,0.0749
8,9805,0.0742
8,6578,0.0731
8,6567,0.0722
8,6342,0.0702
8,9192,0.0701
8,7146,0.0695
8,8547,0.0694
8,8860,0.0690
8,6187,0.0685
8,7413,0.0685
8,7892,0.0671
8,8041,0.0671
8,7820,0.0669
8,7883,0.0668
8,7821,0.0661
8,9490,0.0653
8,9069,0.0648
8,7577,0.0632
8,8370,0.0624
8,7367,0.0614
8,5579,0.0610
8,6335,0.0610
8,8270,0.0610
8,9281,0.0603
8,7155,0.0594
8,7909,0.0587
8,8243,0.0587
8,9478,0.0586
8,7433,0.0581
8,6850,0.0579
8,8358,0.0576
8,7980,0.0574
8,5347,0.0571
8,9671,0.0565
8,7390,0.0549
8,9086,0.0549
8,5676,0.0546
8,6611,0.0542
8,6122,0.0542
8,8170,0.0541
8,5798,0.0537
8,5192,0.0534
8,5014,0.0519
8,7079,0.0518
8,7723,0.0513
8,8015,0.0511
8,7369,0.0508
8,7822,0.0503
8,5930,0.0503
8,6461,0.0500
8,8490,0.0497
8,6462,0.0494
8,8838,0.0493
8,7890,0.0491
8,8709,0.0489
8,5184,0.0487
8,7434,0.0482
8,8264,0.0482
8,7542,0.0480
8,10004,0.0480
8,5424,0.0479
8,5316,0.0474
8,7021,0.0473
8,6537,0.0472
8,6817,0.0467
8,9625,0.0467
8,9698,0.0466
8,6008,0.0462
8,6471,0.0461
8,7298,0.0461
8,5790,0.0461
8,7733,0.0457
8,7771,0.0454
8,7575,0.0454
8,8712,0.0448
8,6262,0.0448
8,5386,0.0448
8,8050,0.0446
8,6583,0.0445
8,5807,0.0443
8,9485,0.0442
8,9402,0.0439
8,5197,0.0437
8,8418,0.0437
8,9455,0.0437
8,6375,0.0437
8,6075,0.0435
8,9897,0.0431
8,7559,0.0430
8,7735,0.0430
8,5848,0.0428
8,5660,0.0428
8,6411,0.0426
8,6719,0.0424
8,9995,0.0424
8,7023,0.0424
8,7732,0.0422
8,6126,0.0416
8,9840,0.0416
8,6025,0.0416
8,9574,0.0414
8,5799,0.0414
8,7879,0.0412
8,8013,0.0411
8,7194,0.0410
8,7965,0.0408
8,9078,0.0408
8,7499,0.0407
8,6309,0.0406
8,5494,0.0406
8,6027,0.0405
8,7106,0.0404
8,7142,0.0399
8,6470,0.0396
8,9784,0.0394
8,6032,0.0394
8,6579,0.0393
8,9197,0.0392
8,5578,0.0390
8,8588,0.0390
8,5957,0.0389
8,5657,0.0386
8,6904,0.0385
8,7736,0.0385
8,7906,0.0385
8,7811,0.0384
8,5109,0.0383
8,6808,0.0383
8,9615,0.0383
8,7652,0.0383
8,5266,0.0382
8,6791,0.0381
8,5174,0.0380
8,8708,0.0380
8,6623,0.0380
8,7818,0.0380
8,5911,0.0379
8,8294,0.0378
8,7216,0.0376
8,7498,0.0376
8,6851,0.0375
8,6285,0.0375
8,5680,0.0375
8,5695,0.0375
8,6354,0.0374
8,5952,0.0374
8,6693,0.0374
8,9795,0.0373
8,8166,0.0373
8,8957,0.0371
8,6158,0.0370
8,9963,0.0369
8,7581,0.0368
8,6686,0.0368
8,9494,0.0367
8,6696,0.0366
8,5278,0.0366
8,9499,0.0365
8,9427,0.0364
8,9327,0.0364
8,8536,0.0363
8,6169,0.0362
8,7385,0.0362
8,6018,0.0362
8,7022,0.0361
8,8556,0.0360
8,7165,0.0360
8,7486,0.0360
8,6974,0.0360
8,7573,0.0360
8,7130,0.0359
8,8717,0.0358
8,7953,0.0358
8,9652,0.0358
8,5039,0.0357
8,8899,0.0356
8,7025,0.0355
8,5675,0.0355
8,6884,0.0355
8,9306,0.0354
8,5825,0.0354
8,5570,0.0354
8,7734,0.0353
8,6235,0.0352
8,6116,0.0352
8,7078,0.0351
8,5953,0.0351
8,9079,0.0351
8,8434,0.0350
8,6164,0.0349
8,6112,0.0348
8,6513,0.0348
8,9961,0.0347
8,9904,0.0346
8,6125,0.0346
8,5502,0.0346
8,5283,0.0346
8,6147,0.0345
8,8214,0.0345
8,9624,0.0343
8,8399,0.0343
8,9241,0.0343
8,7279,0.0343
8,8407,0.0342
8,6460,0.0342
8,6589,0.0342
8,6983,0.0341
8,7198,0.0341
8,5834,0.0340
8,8203,0.0340
8,9616,0.0340
8,5170,0.0339
8,8183,0.0339
8,5549,0.0338
8,8103,0.0338
8,5681,0.0337
8,7670,0.0337
8,8417,0.0335
8,5870,0.0334
8,7296,0.0334
8,5803,0.0333
8,5748,0.0333
8,6766,0.0332
8,8192,0.0331
8,9406,0.0330
8,7144,0.0330
8,9565,0.0330
8,6811,0.0330
8,5435,0.0330
8,7213,0.0329
8,7571,0.0329
8,8710,0.0329
8,5488,0.0328
8,9705,0.0328
8,8887,0.0328
8,9410,0.0328
8,5318,0.0327
8,9589,0.0327
8,8628,0.0327
8,7545,0.0327
8,9212,0.0326
8,5535,0.0326
8,8005,0.0326
8,7428,0.0325
8,7090,0.0325
8,9488,0.0325
8,7614,0.0325
8,5007,0.0325
8,5495,0.0325
8,7872,0.0324
8,8703,0.0324
8,8100,0.0324
8,7744,0.0323
8,5690,0.0323
8,5385,0.0323
8,9766,0.0323
8,5974,0.0323
8,7089,0.0322
8,9208,0.0321
8,5172,0.0321
8,7519,0.0321
8,7197,0.0321
8,8926,0.0321
8,9110,0.0320
8,6029,0.0320
8,9868,0.0320
8,6789,0.0319
8,5501,0.0319
8,7475,0.0319
8,6304,0.0318
8,5801,0.0317
8,8702,0.0317
8,6999,0.0316
8,5905,0.0316
8,6233,0.0314
8,6130,0.0314
8,9996,0.0313
8,5614,0.0313
8,5043,0.0313
8,9232,0.0313
8,5151,0.0312
8,6023,0.0311
8,8854,0.0311
8,6973,0.0311
8,9267,0.0309
8,5540,0.0309
8,6181,0.0309
8,9134,0.0308
8,5925,0.0307
8,8823,0.0307
8,9428,0.0307
8,5583,0.0306
8,6515,0.0306
8,5391,0.0306
8,5586,0.0304
8,5921,0.0304
8,5841,0.0303
8,8874,0.0303
8,8506,0.0303
8,5388,0.0303
8,5804,0.0302
8,8044,0.0302
8,9859,0.0302
8,8644,0.0302
8,5390,0.0301
8,8290,0.0300
8,9595,0.0300
8,9070,0.0300
8,5682,0.0299
8,8540,0.0298
8,7182,0.0298
8,6818,0.0298
8,5384,0.0298
8,5363,0.0298
8,9343,0.0298
8,7139,0.0297
8,9050,0.0297
8,5487,0.0297
8,5360,0.0297
8,7315,0.0297
8,9422,0.0297
8,8997,0.0296
8,9472,0.0296
8,6710,0.0295
8,9414,0.0295
8,8701,0.0295
8,5833,0.0295
8,5598,0.0294
8,8684,0.0294
8,6479,0.0293
8,6020,0.0293
8,9407,0.0293
8,7990,0.0292
8,9198,0.0291
8,8727,0.0291
8,8813,0.0291
8,8714,0.0290
8,6524,0.0290
8,9085,0.0289
8,6119,0.0289
8,7467,0.0289
8,7950,0.0289
8,5919,0.0288
8,7724,0.0288
8,8276,0.0288
8,5728,0.0288
8,6339,0.0287
8,6311,0.0286
8,8047,0.0286
8,7485,0.0285
8,5101,0.0285
8,6263,0.0284
8,9359,0.0284
8,8910,0.0283
8,6464,0.0282
8,5708,0.0282
8,9303,0.0282
8,8345,0.0282
8,9715,0.0281
8,7036,0.0281
8,8932,0.0281
8,5185,0.0281
8,5916,0.0281
8,6955,0.0281
8,9990,0.0281
8,7028,0.0281
8,9483,0.0280
8,8871,0.0280
8,5099,0.0280
8,8698,0.0280
8,8014,0.0279
8,7317,0.0278
8,5403,0.0278
8,7277,0.0278
8,7160,0.0278
8,9600,0.0278
8,5373,0.0278
8,5090,0.0278
8,9386,0.0278
8,8463,0.0277
8,7871,0.0276
8,6643,0.0276
8,9187,0.0276
8,6360,0.0276
8,5506,0.0276
8,8851,0.0276
8,6465,0.0276
8,9853,0.0275
8,8729,0.0275
8,9310,0.0275
8,6577,0.0274
8,6006,0.0273
8,7992,0.0273
8,8141,0.0273
8,8003,0.0272
8,9326,0.0272
8,6511,0.0272
8,9664,0.0271
8,8719,0.0271
8,7354,0.0271
8,6813,0.0271
8,5743,0.0271
8,9876,0.0270
8,9781,0.0270
8,7996,0.0270
8,5936,0.0270
8,9384,0.0270
8,9630,0.0269
8,8046,0.0269
8,6627,0.0268
8,6966,0.0268
8,6174,0.0268
8,6503,0.0268
8,8008,0.0267
8,8435,0.0267
8,8834,0.0267
8,6143,0.0267
8,7220,0.0267
8,8856,0.0267
8,5029,0.0267
8,5655,0.0266
8,9891,0.0266
8,9684,0.0266
8,9609,0.0266
8,7600,0.0266
8,8273,0.0265
8,6718,0.0265
8,5940,0.0265
8,6065,0.0264
8,6743,0.0264
8,6786,0.0264
8,8542,0.0264
8,9537,0.0263
8,5191,0.0263
8,7346,0.0263
8,6306,0.0262
8,6581,0.0261
8,9501,0.0261
8,5604,0.0261
8,8570,0.0261
8,8322,0.0261
8,6909,0.0260
8,6488,0.0260
8,7335,0.0260
8,7623,0.0260
8,6512,0.0259
8,9319,0.0259
8,6381,0.0258
8,9288,0.0258
8,8464,0.0258
8,7153,0.0258
8,9967,0.0258
8,5703,0.0257
8,9621,0.0257
8,5679,0.0257
8,7408,0.0257
8,9300,0.0257
8,9418,0.0257
8,9591,0.0257
8,7396,0.0257
8,5325,0.0256
8,8445,0.0256
8,5135,0.0256
8,7138,0.0256
8,8190,0.0256
8,8095,0.0255
8,5693,0.0255
8,7964,0.0255
8,5763,0.0254
8,6516,0.0254
8,7156,0.0254
8,8731,0.0254
8,6970,0.0254
8,9882,0.0254
8,8230,0.0253
8,9408,0.0253
8,6489,0.0253
8,9584,0.0253
8,7062,0.0252
8,7968,0.0252
8,7140,0.0252
8,6071,0.0252
8,5264,0.0252
8,6988,0.0252
8,5725,0.0251
8,9468,0.0251
8,8689,0.0251
8,8433,0.0251
8,8704,0.0251
8,7951,0.0251
8,5408,0.0251
8,5577,0.0251
8,6936,0.0251
8,6030,0.0250
8,6809,0.0250
8,9979,0.0250
8,6509,0.0250
8,8615,0.0250
8,5387,0.0249
8,5662,0.0249
8,6800,0.0249
8,6395,0.0249
8,5658,0.0249
8,9760,0.0249
8,7925,0.0248
8,7430,0.0248
8,5923,0.0248
8,6506,0.0248
8,9577,0.0248
8,7397,0.0247
8,9550,0.0247
8,9777,0.0247
8,8362,0.0247
8,5542,0.0246
8,9587,0.0246
8,9128,0.0246
8,8576,0.0246
8,9473,0.0246
8,8375,0.0246
8,9491,0.0245
8,7926,0.0245
8,8669,0.0245
8,5688,0.0245
8,8360,0.0245
8,7436,0.0245
8,7172,0.0245
8,8529,0.0245
8,8040,0.0244
8,5915,0.0244
8,6773,0.0244
8,7169,0.0244
8,6915,0.0244
8,5776,0.0244
8,7386,0.0244
8,9162,0.0244
8,7940,0.0243
8,7221,0.0243
8,6848,0.0243
8,5674,0.0243
8,8579,0.0243
8,5926,0.0243
8,9210,0.0243
8,5159,0.0243
8,7988,0.0243
8,8028,0.0242
8,9782,0.0242
8,6227,0.0242
8,8502,0.0241
8,8602,0.0241
8,7300,0.0241
8,5907,0.0240
8,6888,0.0240
8,6108,0.0240
8,5333,0.0240
8,8829,0.0240
8,7982,0.0240
8,5406,0.0239
8,7392,0.0239
8,8479,0.0239
8,5641,0.0239
8,5651,0.0238
8,6401,0.0238
8,6546,0.0238
8,9291,0.0238
8,9951,0.0238
8,7578,0.0238
8,9383,0.0238
8,5830,0.0237
8,8760,0.0237
8,8231,0.0237
8,5173,0.0237
8,7027,0.0237
8,9480,0.0237
8,6681,0.0237
8,9972,0.0236
8,6815,0.0236
8,7593,0.0236
8,5065,0.0236
8,9228,0.0236
8,5727,0.0236
8,6953,0.0235
8,6950,0.0235
8,6308,0.0235
8,7918,0.0235
8,9084,0.0234
8,8500,0.0234
8,9287,0.0234
8,7029,0.0234
8,6007,0.0234
8,9129,0.0234
8,6619,0.0234
8,9994,0.0234
8,6517,0.0233
8,8314,0.0233
8,9284,0.0233
8,6731,0.0233
8,5346,0.0233
8,6967,0.0233
8,9411,0.0233
8,6519,0.0233
8,8557,0.0233
8,9678,0.0233
8,8777,0.0232
8,8842,0.0232
8,7956,0.0232
8,9757,0.0232
8,5331,0.0232
8,5618,0.0231
8,5150,0.0231
8,7322,0.0231
8,5569,0.0231
8,9090,0.0231
8,6129,0.0231
8,9911,0.0231
8,9843,0.0230
8,5025,0.0230
8,8933,0.0230
8,6951,0.0230
8,9696,0.0230
8,6678,0.0230
8,9105,0.0229
8,6261,0.0229
8,5774,0.0229
8,9780,0.0229
8,9394,0.0229
8,9965,0.0229
8,7745,0.0229
8,8530,0.0229
8,7779,0.0228
8,8001,0.0228
8,8478,0.0228
8,9471,0.0228
8,9420,0.0228
8,8799,0.0228
8,6035,0.0228
8,5269,0.0227
8,8193,0.0227
8,7911,0.0227
8,7844,0.0227
8,8678,0.0227
8,5141,0.0226
8,8467,0.0226
8,8438,0.0226
8,9673,0.0226
8,8581,0.0226
8,7741,0.0226
8,6182,0.0226
8,7394,0.0226
8,7981,0.0226
8,8986,0.0225
8,5698,0.0225
8,5212,0.0225
8,6962,0.0225
8,9807,0.0225
8,9665,0.0225
8,9938,0.0225
8,6188,0.0225
8,8020,0.0225
8,7991,0.0225
8,6314,0.0224
8,8223,0.0224
8,8606,0.0224
8,8517,0.0224
8,5345,0.0224
8,9707,0.0224
8,7853,0.0224
8,6083,0.0224
8,6859,0.0224
8,8914,0.0223
8,7840,0.0223
8,5152,0.0223
8,6474,0.0223
8,6825,0.0223
8,9556,0.0223
8,9213,0.0223
8,6844,0.0223
8,7975,0.0223
8,9572,0.0223
8,8835,0.0222
8,6754,0.0222
8,8741,0.0222
8,9785,0.0222
8,9586,0.0222
8,5906,0.0221
8,5558,0.0221
8,5145,0.0221
8,6022,0.0221
8,7675,0.0221
8,7164,0.0221
8,8232,0.0221
8,7748,0.0220
8,5149,0.0220
8,5239,0.0220
8,9296,0.0220
8,5929,0.0220
8,8713,0.0220
8,8987,0.0219
8,7852,0.0219
8,8626,0.0219
8,9702,0.0219
8,5815,0.0219
8,7540,0.0219
8,8252,0.0219
8,9087,0.0219
8,6806,0.0219
8,7800,0.0219
8,9806,0.0219
8,7551,0.0219
8,8389,0.0218
8,8184,0.0218
8,8359,0.0218
8,7985,0.0218
8,8930,0.0217
8,8567,0.0217
8,9456,0.0217
8,8195,0.0217
8,9588,0.0217
8,9993,0.0217
8,5175,0.0217
8,5339,0.0217
8,8515,0.0217
8,6957,0.0216
8,9116,0.0216
8,5178,0.0216
8,5513,0.0216
8,5625,0.0216
8,8785,0.0216
8,6012,0.0216
8,7585,0.0216
8,7532,0.0215
8,5110,0.0215
8,9293,0.0215
8,5211,0.0215
8,9714,0.0215
8,9694,0.0215
8,9270,0.0215
8,5835,0.0215
8,9140,0.0214
8,6266,0.0214
8,8424,0.0214
8,9419,0.0214
8,5260,0.0214
8,6720,0.0214
8,5664,0.0214
8,7015,0.0214
8,7157,0.0214
8,7888,0.0214
8,8225,0.0213
8,7877,0.0213
8,6094,0.0213
8,5787,0.0213
8,9295,0.0213
8,8371,0.0213
8,6652,0.0212
8,9779,0.0212
8,6334,0.0212
8,7091,0.0212
8,7903,0.0212
8,7838,0.0212
8,7173,0.0212
8,8715,0.0212
8,8012,0.0212
8,6487,0.0212
8,6163,0.0212
8,5663,0.0211
8,8217,0.0211
8,7987,0.0211
8,8475,0.0211
8,8955,0.0211
8,7887,0.0211
8,9156,0.0211
8,6630,0.0211
8,7500,0.0211
8,6549,0.0210
8,8753,0.0210
8,5704,0.0210
8,6819,0.0210
8,7572,0.0210
8,5780,0.0210
8,6688,0.0210
8,8804,0.0210
8,7206,0.0210
8,8364,0.0209
8,8908,0.0209
8,6849,0.0209
8,7706,0.0209
8,5389,0.0209
8,5493,0.0209
8,7426,0.0209
8,8187,0.0209
8,5809,0.0208
8,7999,0.0208
8,9497,0.0208
8,9620,0.0208
8,9484,0.0208
8,6977,0.0208
8,8604,0.0208
8,7995,0.0208
8,5411,0.0207
8,5023,0.0207
8,7371,0.0207
8,6229,0.0207
8,5551,0.0207
8,6348,0.0207
8,6459,0.0207
8,7120,0.0207
8,7781,0.0207
8,9657,0.0207
8,6629,0.0207
8,9462,0.0207
8,9481,0.0207
8,8468,0.0206
8,6463,0.0206
8,6641,0.0206
8,8410,0.0206
8,6064,0.0206
8,7860,0.0206
8,5653,0.0206
8,7949,0.0206
8,6933,0.0206
8,5805,0.0206
8,9094,0.0206
8,8845,0.0206
8,9544,0.0205
8,7901,0.0205
8,8386,0.0205
8,6353,0.0205
8,7634,0.0205
8,9507,0.0205
8,5163,0.0205
8,6934,0.0205
8,5702,0.0205
8,5358,0.0204
8,5933,0.0204
8,8593,0.0204
8,6978,0.0204
8,5313,0.0204
8,5290,0.0204
8,9732,0.0204
8,8278,0.0204
8,8379,0.0204
8,8213,0.0204
8,7749,0.0204
8,7510,0.0204
8,9592,0.0204
8,5521,0.0203
8,8034,0.0203
8,6938,0.0203
8,6062,0.0203
8,7810,0.0203
8,6876,0.0203
8,5250,0.0203
8,7474,0.0203
8,7628,0.0203
8,7318,0.0202
8,8162,0.0202
8,8827,0.0202
8,6036,0.0202
8,8621,0.0202
8,7070,0.0202
8,9251,0.0202
8,8474,0.0202
8,9214,0.0202
8,6521,0.0202
8,7598,0.0201
8,6565,0.0201
8,7942,0.0201
8,5081,0.0201
8,8102,0.0201
8,8670,0.0201
8,8233,0.0201
8,7836,0.0201
8,8988,0.0201
8,6019,0.0201
8,6605,0.0201
8,5671,0.0201
8,7184,0.0200
8,6927,0.0200
8,5127,0.0200
8,7715,0.0200
8,7546,0.0200
8,6236,0.0200
8,8537,0.0200
8,5857,0.0200
8,9309,0.0200
8,7411,0.0200
8,8686,0.0200
8,6964,0.0200
8,6787,0.0200
8,8018,0.0200
8,5820,0.0200
8,5082,0.0200
8,6090,0.0199
8,6781,0.0199
8,5672,0.0199
8,10006,0.0199
8,9495,0.0199
8,5026,0.0199
8,9316,0.0199
8,6532,0.0199
8,7841,0.0199
8,6326,0.0199
8,9605,0.0199
8,9401,0.0199
8,8495,0.0199
8,5883,0.0198
8,8865,0.0198
8,6602,0.0198
8,9654,0.0198
8,8415,0.0198
8,8726,0.0198
8,6186,0.0198
8,5585,0.0198
8,9181,0.0198
8,5705,0.0198
8,9939,0.0198
8,5661,0.0197
8,9545,0.0197
8,8668,0.0197
8,8326,0.0197
8,8736,0.0197
8,7435,0.0197
8,8408,0.0197
8,9082,0.0197
8,7616,0.0197
8,9167,0.0197
8,6310,0.0197
8,8455,0.0197
8,5987,0.0197
8,9360,0.0197
8,6580,0.0197
8,9466,0.0196
8,6246,0.0196
8,5112,0.0196
8,6679,0.0196
8,6004,0.0196
8,6996,0.0196
8,5154,0.0196
8,9547,0.0196
8,9118,0.0196
8,6757,0.0196
8,9727,0.0196
8,6050,0.0196
8,6177,0.0196
8,6005,0.0196
8,5867,0.0195
8,6472,0.0195
8,7643,0.0195
8,7069,0.0195
8,7876,0.0195
8,6331,0.0195
8,8744,0.0195
8,8575,0.0195
8,5576,0.0195
8,6234,0.0195
8,8124,0.0194
8,9679,0.0194
8,6712,0.0194
8,8673,0.0194
8,10016,0.0194
8,7784,0.0194
8,6522,0.0194
8,9415,0.0194
8,6598,0.0194
8,7058,0.0194
8,7407,0.0194
8,5771,0.0194
8,9280,0.0194
8,6523,0.0194
8,9122,0.0193
8,7962,0.0193
8,7488,0.0193
8,8743,0.0193
8,8647,0.0193
8,9518,0.0193
8,5831,0.0193
8,6044,0.0193
8,5444,0.0193
8,6805,0.0193
8,8546,0.0193
8,9800,0.0193
8,9074,0.0193
8,9672,0.0193
8,7046,0.0193
8,7171,0.0192
8,6717,0.0192
8,5036,0.0192
8,9670,0.0192
8,7368,0.0192
8,5752,0.0192
8,5323,0.0192
8,6204,0.0191
8,9821,0.0191
8,6715,0.0191
8,7222,0.0191
8,7143,0.0191
8,9435,0.0191
8,6473,0.0191
8,6467,0.0191
8,9107,0.0191
8,6906,0.0191
8,6398,0.0191
8,7785,0.0190
8,6514,0.0190
8,7290,0.0190
8,5510,0.0190
8,7550,0.0190
8,9328,0.0190
8,5409,0.0190
8,5335,0.0190
8,7731,0.0190
8,6937,0.0189
8,9320,0.0189
8,5097,0.0189
8,9763,0.0189
8,9423,0.0189
8,8220,0.0189
8,5430,0.0189
8,7768,0.0189
8,5489,0.0189
8,6943,0.0189
8,9981,0.0189
8,9597,0.0189
8,5103,0.0189
8,7370,0.0189
8,9726,0.0188
8,6445,0.0188
8,8945,0.0188
8,7812,0.0188
8,6902,0.0188
8,5853,0.0188
8,8404,0.0188
8,8300,0.0187
8,9470,0.0187
8,7299,0.0187
8,7729,0.0187
8,5201,0.0187
8,9464,0.0187
8,9329,0.0187
8,6796,0.0187
8,9479,0.0187
8,6640,0.0187
8,6840,0.0187
8,7637,0.0186
8,7178,0.0186
8,5466,0.0186
8,5114,0.0186
8,7783,0.0186
8,9194,0.0186
8,8821,0.0186
8,5691,0.0186
8,7897,0.0186
8,7359,0.0186
8,8113,0.0186
8,6380,0.0185
8,7828,0.0185
8,6185,0.0185
8,9986,0.0185
8,8499,0.0185
8,7284,0.0185
8,8674,0.0185
8,10020,0.0185
8,8446,0.0185
8,6192,0.0185
8,8327,0.0185
8,9020,0.0185
8,8923,0.0185
8,8890,0.0184
8,5687,0.0184
8,7738,0.0184
8,8179,0.0184
8,7389,0.0184
8,7405,0.0184
8,8453,0.0184
8,6667,0.0184
8,7158,0.0184
8,7557,0.0184
8,7617,0.0184
8,8897,0.0184
8,8512,0.0184
8,8844,0.0184
8,6732,0.0184
8,5738,0.0184
8,7451,0.0184
8,6295,0.0184
8,9976,0.0184
8,6336,0.0183
8,5259,0.0183
8,7568,0.0183
8,5034,0.0183
8,9931,0.0183
8,9037,0.0183
8,5298,0.0183
8,7730,0.0183
8,7336,0.0183
8,9203,0.0183
8,7804,0.0183
8,5108,0.0183
8,9533,0.0182
8,6518,0.0182
8,6117,0.0182
8,9429,0.0182
8,6410,0.0182
8,7190,0.0182
8,5593,0.0182
8,6821,0.0182
8,7541,0.0182
8,5329,0.0182
8,7857,0.0182
8,9770,0.0182
8,9317,0.0182
8,7400,0.0182
8,8120,0.0182
8,6429,0.0182
8,5147,0.0182
8,8805,0.0182
8,5060,0.0182
8,9039,0.0181
8,7495,0.0181
8,6894,0.0181
8,9582,0.0181
8,7330,0.0181
8,8350,0.0181
8,6739,0.0181
8,6573,0.0181
8,9765,0.0181
8,6166,0.0181
8,6059,0.0181
8,9155,0.0181
8,7764,0.0181
8,7484,0.0181
8,6510,0.0181
8,7285,0.0181
8,7402,0.0181
8,9643,0.0181
8,6028,0.0181
8,7547,0.0181
8,9447,0.0180
8,9982,0.0180
8,6564,0.0180
8,8982,0.0180
8,6107,0.0180
8,6992,0.0180
8,8936,0.0180
8,8733,0.0180
8,7391,0.0180
8,5895,0.0180
8,8833,0.0180
8,8875,0.0180
8,6133,0.0179
8,8175,0.0179
8,6830,0.0179
8,7455,0.0179
8,6659,0.0179
8,9080,0.0179
8,8107,0.0179
8,9663,0.0179
8,5100,0.0179
8,5511,0.0179
8,7352,0.0179
8,6393,0.0179
8,8320,0.0179
8,7183,0.0179
8,5076,0.0179
8,7864,0.0179
8,9365,0.0179
8,6454,0.0179
8,6455,0.0178
8,5224,0.0178
8,7305,0.0178
8,9514,0.0178
8,5169,0.0178
8,9804,0.0178
8,7410,0.0178
8,6093,0.0178
8,7847,0.0178
8,6982,0.0178
8,9225,0.0178
8,5160,0.0178
8,8378,0.0178
8,7554,0.0178
8,5568,0.0178
8,5571,0.0178
8,5822,0.0178
8,5845,0.0178
8,7668,0.0178
8,5392,0.0177
8,8786,0.0177
8,6601,0.0177
8,8509,0.0177
8,9438,0.0177
8,7727,0.0177
8,5673,0.0177
8,8977,0.0177
8,6714,0.0177
8,7345,0.0177
8,8466,0.0177
8,9031,0.0177
8,6868,0.0177
8,8425,0.0176
8,7943,0.0176
8,8297,0.0176
8,7121,0.0176
8,9536,0.0176
8,5422,0.0176
8,6965,0.0176
8,7151,0.0176
8,8153,0.0176
8,8413,0.0175
8,5689,0.0175
8,7052,0.0175
8,9012,0.0175
8,5858,0.0175
8,7641,0.0175
8,9476,0.0175
8,7513,0.0175
8,6190,0.0175
8,7185,0.0175
8,7409,0.0175
8,6317,0.0175
8,5008,0.0175
8,8221,0.0175
8,6593,0.0175
8,7035,0.0175
8,5153,0.0174
8,9307,0.0174
8,6775,0.0174
8,6104,0.0174
8,7489,0.0174
8,5171,0.0174
8,5747,0.0174
8,9709,0.0174
8,6123,0.0174
8,5584,0.0174
8,7403,0.0174
8,9393,0.0174
8,5142,0.0174
8,5412,0.0174
8,8361,0.0174
8,6547,0.0174
8,5032,0.0174
8,9437,0.0174
8,5055,0.0173
8,5700,0.0173
8,9191,0.0173
8,8732,0.0173
8,8272,0.0173
8,8235,0.0173
8,6980,0.0173
8,6248,0.0173
8,7647,0.0173
8,8909,0.0173
8,6644,0.0173
8,5143,0.0173
8,5206,0.0173
8,9457,0.0173
8,7622,0.0172
8,7954,0.0172
8,7959,0.0172
8,8298,0.0172
8,9803,0.0172
8,6922,0.0172
8,8929,0.0172
8,5902,0.0172
8,10001,0.0172
8,9207,0.0172
8,10033,0.0172
8,6209,0.0172
8,7419,0.0172
8,7899,0.0172
8,9531,0.0172
8,6961,0.0172
8,5229,0.0172
8,6486,0.0172
8,7192,0.0171
8,5279,0.0171
8,9133,0.0171
8,6085,0.0171
8,6585,0.0171
8,7929,0.0171
8,5072,0.0171
8,8486,0.0171
8,6595,0.0171
8,8589,0.0171
8,5001,0.0171
8,6616,0.0171
8,5768,0.0171
8,9787,0.0171
8,8694,0.0171
8,8927,0.0171
8,7952,0.0171
8,8211,0.0171
8,9059,0.0171
8,9366,0.0171
8,9892,0.0171
8,9460,0.0171
8,8148,0.0171
8,6159,0.0171
8,7884,0.0171
8,6485,0.0171
8,9666,0.0170
8,8522,0.0170
8,6987,0.0170
8,8706,0.0170
8,7174,0.0170
8,6672,0.0170
8,5484,0.0170
8,8169,0.0170
8,8245,0.0170
8,5130,0.0170
8,9449,0.0170
8,8089,0.0170
8,6798,0.0170
8,8275,0.0170
8,7561,0.0170
8,5399,0.0170
8,6469,0.0170
8,6626,0.0170
8,6175,0.0170
8,6504,0.0170
8,7839,0.0169
8,7819,0.0169
8,9071,0.0169
8,9305,0.0169
8,7776,0.0169
8,6588,0.0169
8,5955,0.0169
8,7388,0.0169
8,5881,0.0169
8,7503,0.0168
8,5052,0.0168
8,8878,0.0168
8,8336,0.0168
8,5546,0.0168
8,5742,0.0168
8,8960,0.0168
8,9185,0.0168
8,9798,0.0168
8,9443,0.0168
8,9558,0.0168
8,5666,0.0168
8,5876,0.0168
8,9920,0.0168
8,8675,0.0168
8,8961,0.0167
8,8826,0.0167
8,5724,0.0167
8,8886,0.0167
8,6837,0.0167
8,8497,0.0167
8,9160,0.0167
8,8139,0.0167
8,8452,0.0167
8,8779,0.0167
8,6925,0.0166
8,5324,0.0166
8,6490,0.0166
8,10025,0.0166
8,6963,0.0166
8,9452,0.0166
8,6620,0.0166
8,7986,0.0166
8,6428,0.0166
8,7671,0.0166
8,9936,0.0166
8,9713,0.0166
8,8229,0.0166
8,5967,0.0166
8,7824,0.0166
8,9146,0.0166
8,5912,0.0166
8,7910,0.0166
8,8898,0.0166
8,5736,0.0166
8,7902,0.0166
8,7166,0.0166
8,7859,0.0165
8,9381,0.0165
8,8268,0.0165
8,6149,0.0165
8,5600,0.0165
8,9092,0.0165
8,8514,0.0165
8,6742,0.0165
8,7294,0.0165
8,9152,0.0165
8,10021,0.0165
8,5332,0.0165
8,6838,0.0165
8,5882,0.0165
8,9667,0.0165
8,8758,0.0165
8,7134,0.0165
8,5098,0.0165
8,8242,0.0165
8,7855,0.0165
8,5966,0.0165
8,5879,0.0164
8,9991,0.0164
8,5964,0.0164
8,6843,0.0164
8,8201,0.0164
8,5749,0.0164
8,9286,0.0164
8,9889,0.0164
8,7601,0.0164
8,5047,0.0164
8,8199,0.0164
8,6505,0.0164
8,9960,0.0164
8,8051,0.0164
8,5342,0.0164
8,6597,0.0164
8,6954,0.0164
8,8791,0.0164
8,5615,0.0164
8,5932,0.0163
8,8263,0.0163
8,5533,0.0163
8,8025,0.0163
8,9279,0.0163
8,5415,0.0163
8,8918,0.0163
8,10022,0.0163
8,9487,0.0163
8,5118,0.0163
8,5980,0.0163
8,6675,0.0163
8,8086,0.0163
8,6995,0.0163
8,7843,0.0163
8,7530,0.0163
8,5611,0.0163
8,6160,0.0163
8,5244,0.0163
8,5473,0.0163
8,8437,0.0163
8,7008,0.0163
8,5194,0.0163
8,8099,0.0163
8,6343,0.0163
8,7590,0.0162
8,7747,0.0162
8,8236,0.0162
8,7789,0.0162
8,7168,0.0162
8,7303,0.0162
8,9511,0.0162
8,9475,0.0162
8,8596,0.0162
8,5917,0.0162
8,9809,0.0162
8,8563,0.0162
8,7226,0.0162
8,8302,0.0161
8,5344,0.0161
8,7280,0.0161
8,8372,0.0161
8,6443,0.0161
8,8850,0.0161
8,9199,0.0161
8,7786,0.0161
8,5012,0.0161
8,8718,0.0161
8,9903,0.0161
8,7543,0.0161
8,9604,0.0161
8,6214,0.0161
8,5760,0.0161
8,6178,0.0161
8,7777,0.0160
8,5030,0.0160
8,9416,0.0160
8,8180,0.0160
8,5874,0.0160
8,5296,0.0160
8,9345,0.0160
8,6772,0.0160
8,8416,0.0160
8,7131,0.0160
8,9682,0.0160
8,6939,0.0160
8,5954,0.0160
8,5821,0.0160
8,8797,0.0160
8,7983,0.0160
8,7694,0.0160
8,7454,0.0159
8,5762,0.0159
8,9542,0.0159
8,8123,0.0159
8,9984,0.0159
8,8349,0.0159
8,6555,0.0159
8,9808,0.0159
8,8868,0.0159
8,6321,0.0159
8,5300,0.0159
8,9758,0.0159
8,7582,0.0159
8,5712,0.0159
8,7102,0.0159
8,8449,0.0159
8,5721,0.0159
8,5544,0.0158
8,9124,0.0158
8,5534,0.0158
8,7907,0.0158
8,9893,0.0158
8,9569,0.0158
8,9331,0.0158
8,9049,0.0158
8,5988,0.0158
8,7366,0.0158
8,9446,0.0158
8,8292,0.0158
8,8248,0.0158
8,6558,0.0158
8,5015,0.0158
8,7720,0.0158
8,6349,0.0158
8,7632,0.0157
8,7273,0.0157
8,10031,0.0157
8,6613,0.0157
8,9881,0.0157
8,5131,0.0157
8,6600,0.0157
8,8620,0.0157
8,8304,0.0157
8,7674,0.0157
8,8907,0.0157
8,6919,0.0157
8,9831,0.0157
8,6802,0.0157
8,5826,0.0157
8,9030,0.0157
8,9601,0.0157
8,9943,0.0157
8,7799,0.0157
8,6700,0.0157
8,5158,0.0157
8,8011,0.0157
8,7553,0.0157
8,6171,0.0157
8,7393,0.0157
8,7208,0.0156
8,6249,0.0156
8,9761,0.0156
8,8843,0.0156
8,7750,0.0156
8,5588,0.0156
8,8504,0.0156
8,9337,0.0156
8,7586,0.0156
8,8520,0.0156
8,9068,0.0156
8,5523,0.0156
8,6926,0.0156
8,9354,0.0156
8,5865,0.0156
8,8793,0.0156
8,8652,0.0156
8,7955,0.0156
8,6586,0.0156
8,8397,0.0156
8,5732,0.0156
8,6226,0.0156
8,8639,0.0156
8,6845,0.0156
8,9971,0.0156
8,8325,0.0156
8,8448,0.0155
8,5256,0.0155
8,5433,0.0155
8,6382,0.0155
8,9829,0.0155
8,8066,0.0155
8,6823,0.0155
8,9091,0.0155
8,7878,0.0155
8,9510,0.0155
8,5596,0.0155
8,7414,0.0155
8,5522,0.0155
8,8062,0.0155
8,8962,0.0155
8,6098,0.0155
8,5340,0.0155
8,5113,0.0154
8,7669,0.0154
8,9774,0.0154
8,7450,0.0154
8,8967,0.0154
8,8824,0.0154
8,7595,0.0154
8,5869,0.0154
8,7788,0.0154
8,7162,0.0154
8,7708,0.0154
8,7842,0.0154
8,9553,0.0154
8,9095,0.0154
8,6137,0.0154
8,6890,0.0154
8,5338,0.0154
8,6323,0.0154
8,8822,0.0154
8,7276,0.0154
8,6452,0.0154
8,8587,0.0154
8,7882,0.0154
8,5480,0.0154
8,5443,0.0153
8,6211,0.0153
8,9686,0.0153
8,7004,0.0153
8,6531,0.0153
8,7304,0.0153
8,7608,0.0153
8,5837,0.0153
8,8117,0.0153
8,5297,0.0153
8,7873,0.0153
8,9872,0.0153
8,9596,0.0153
8,9282,0.0153
8,8735,0.0153
8,8308,0.0152
8,6054,0.0152
8,8403,0.0152
8,6042,0.0152
8,7453,0.0152
8,7365,0.0152
8,8748,0.0152
8,6870,0.0152
8,6403,0.0152
8,6642,0.0152
8,8618,0.0152
8,6797,0.0152
8,9562,0.0152
8,7353,0.0152
8,9813,0.0152
8,7215,0.0152
8,5529,0.0152
8,7502,0.0152
8,9113,0.0152
8,9058,0.0152
8,9482,0.0152
8,8630,0.0151
8,7589,0.0151
8,7640,0.0151
8,5116,0.0151
8,9226,0.0151
8,9341,0.0151
8,6061,0.0151
8,8241,0.0151
8,7452,0.0151
8,6746,0.0151
8,9599,0.0151
8,6985,0.0151
8,9017,0.0151
8,6855,0.0151
8,5102,0.0151
8,7505,0.0150
8,7529,0.0150
8,7900,0.0150
8,7230,0.0150
8,7332,0.0150
8,8832,0.0150
8,7845,0.0150
8,9206,0.0150
8,5696,0.0150
8,8881,0.0150
8,7791,0.0150
8,5320,0.0150
8,8539,0.0150
8,8562,0.0150
8,9323,0.0150
8,9802,0.0150
8,7526,0.0150
8,8534,0.0150
8,7913,0.0150
8,8114,0.0149
8,5909,0.0149
8,5038,0.0149
8,9004,0.0149
8,8409,0.0149
8,8496,0.0149
8,5823,0.0149
8,7958,0.0149
8,6450,0.0149
8,5893,0.0149
8,5309,0.0149
8,9585,0.0149
8,8585,0.0149
8,6575,0.0149
8,6232,0.0149
8,9247,0.0149
8,6396,0.0149
8,5075,0.0149
8,9956,0.0149
8,5505,0.0149
8,5944,0.0149
8,8566,0.0149
8,9183,0.0148
8,5364,0.0148
8,5177,0.0148
8,5813,0.0148
8,9033,0.0148
8,7653,0.0148
8,5572,0.0148
8,9959,0.0148
8,5017,0.0148
8,6989,0.0148
8,7129,0.0148
8,8956,0.0148
8,9130,0.0148
8,6201,0.0148
8,5022,0.0148
8,6074,0.0148
8,5496,0.0148
8,9701,0.0148
8,7667,0.0148
8,7306,0.0147
8,6293,0.0147
8,8035,0.0147
8,6553,0.0147
8,8227,0.0147
8,9322,0.0147
8,6692,0.0147
8,8023,0.0147
8,5400,0.0147
8,9683,0.0147
8,9035,0.0147
8,9149,0.0147
8,8876,0.0147
8,7309,0.0147
8,6154,0.0147
8,5368,0.0147
8,8206,0.0147
8,9205,0.0147
8,5205,0.0147
8,6444,0.0147
8,5321,0.0147
8,8106,0.0147
8,6533,0.0147
8,6484,0.0147
8,6730,0.0147
8,6034,0.0147
8,6545,0.0147
8,5063,0.0146
8,5280,0.0146
8,5982,0.0146
8,8016,0.0146
8,6155,0.0146
8,7479,0.0146
8,5291,0.0146
8,8137,0.0146
8,7229,0.0146
8,5248,0.0146
8,5756,0.0146
8,9379,0.0146
8,8133,0.0146
8,8299,0.0146
8,5896,0.0145
8,6346,0.0145
8,7507,0.0145
8,8696,0.0145
8,6822,0.0145
8,6872,0.0145
8,5765,0.0145
8,9642,0.0145
8,6387,0.0145
8,7460,0.0145
8,6960,0.0145
8,6606,0.0145
8,9832,0.0145
8,8218,0.0145
8,9433,0.0145
8,6476,0.0145
8,5928,0.0145
8,6368,0.0144
8,6662,0.0144
8,7343,0.0144
8,5235,0.0144
8,5282,0.0144
8,9119,0.0144
8,7850,0.0144
8,5814,0.0144
8,8607,0.0144
8,7337,0.0144
8,5203,0.0144
8,6051,0.0144
8,8586,0.0144
8,7518,0.0144
8,6067,0.0144
8,6525,0.0144
8,8142,0.0144
8,6269,0.0144
8,9975,0.0144
8,9527,0.0143
8,6935,0.0143
8,5677,0.0143
8,5393,0.0143
8,8002,0.0143
8,8261,0.0143
8,9869,0.0143
8,9866,0.0143
8,5904,0.0143
8,8519,0.0143
8,7592,0.0143
8,5512,0.0143
8,5138,0.0143
8,8754,0.0143
8,7549,0.0143
8,9647,0.0143
8,8574,0.0143
8,6863,0.0143
8,7501,0.0143
8,5292,0.0143
8,9819,0.0143
8,9687,0.0143
8,6121,0.0143
8,9530,0.0143
8,6101,0.0143
8,9571,0.0143
8,8485,0.0143
8,7948,0.0143
8,5276,0.0143
8,7609,0.0142
8,5394,0.0142
8,8487,0.0142
8,7295,0.0142
8,5536,0.0142
8,9968,0.0142
8,6318,0.0142
8,5781,0.0142
8,6847,0.0142
8,7313,0.0142
8,6299,0.0142
8,9521,0.0142
8,7494,0.0142
8,5051,0.0142
8,5620,0.0142
8,6120,0.0142
8,5226,0.0142
8,8802,0.0142
8,8088,0.0142
8,9193,0.0142
8,7333,0.0142
8,8990,0.0142
8,6151,0.0142
8,8105,0.0142
8,8159,0.0141
8,5783,0.0141
8,6559,0.0141
8,7607,0.0141
8,7604,0.0141
8,7082,0.0141
8,5654,0.0141
8,9314,0.0141
8,8042,0.0141
8,7533,0.0141
8,8720,0.0141
8,5985,0.0141
8,6879,0.0141
8,8814,0.0141
8,5591,0.0141
8,9346,0.0140
8,5265,0.0140
8,5299,0.0140
8,6910,0.0140
8,9334,0.0140
8,5190,0.0140
8,5525,0.0140
8,8538,0.0140
8,8414,0.0140
8,8053,0.0140
8,6196,0.0140
8,7633,0.0140
8,9913,0.0140
8,9899,0.0140
8,9076,0.0140
8,8577,0.0140
8,7275,0.0140
8,7065,0.0140
8,7136,0.0140
8,6867,0.0140
8,8049,0.0140
8,8973,0.0140
8,9636,0.0140
8,7556,0.0140
8,9188,0.0140
8,5209,0.0139
8,9739,0.0139
8,9439,0.0139
8,9364,0.0139
8,8687,0.0139
8,9834,0.0139
8,8980,0.0139
8,6875,0.0139
8,5981,0.0139
8,8440,0.0139
8,8094,0.0139
8,7555,0.0139
8,8664,0.0139
8,5566,0.0139
8,7117,0.0139
8,5701,0.0139
8,6779,0.0139
8,5527,0.0139
8,6649,0.0139
8,7310,0.0139
8,7905,0.0139
8,5094,0.0139
8,5587,0.0139
8,6475,0.0139
8,6157,0.0139
8,6329,0.0138
8,7462,0.0138
8,9946,0.0138
8,9172,0.0138
8,8893,0.0138
8,7127,0.0138
8,7922,0.0138
8,8974,0.0138
8,8861,0.0138
8,8315,0.0138
8,9001,0.0138
8,8976,0.0138
8,5684,0.0138
8,8388,0.0138
8,9833,0.0138
8,6216,0.0138
8,5707,0.0138
8,9370,0.0137
8,8872,0.0137
8,6633,0.0137
8,8059,0.0137
8,5089,0.0137
8,8080,0.0137
8,6442,0.0137
8,7053,0.0137
8,5356,0.0137
8,7792,0.0137
8,6534,0.0137
8,5989,0.0137
8,6747,0.0137
8,8165,0.0137
8,5878,0.0137
8,9289,0.0137
8,7175,0.0137
8,5918,0.0137
8,5465,0.0137
8,7297,0.0136
8,5866,0.0136
8,9570,0.0136
8,7773,0.0136
8,9075,0.0136
8,7358,0.0136
8,5157,0.0136
8,5164,0.0136
8,7755,0.0136
8,7517,0.0136
8,5056,0.0136
8,6110,0.0136
8,10018,0.0136
8,7482,0.0136
8,6140,0.0136
8,6628,0.0136
8,9710,0.0136
8,9057,0.0136
8,8819,0.0136
8,6634,0.0136
8,9676,0.0136
8,7974,0.0136
8,6173,0.0136
8,8555,0.0136
8,9371,0.0136
8,6617,0.0136
8,7092,0.0136
8,8420,0.0135
8,6610,0.0135
8,8891,0.0135
8,7969,0.0135
8,5221,0.0135
8,6095,0.0135
8,5352,0.0135
8,5183,0.0135
8,6891,0.0135
8,9888,0.0135
8,6003,0.0135
8,6751,0.0135
8,5606,0.0135
8,7362,0.0135
8,6324,0.0135
8,9697,0.0134
8,6913,0.0134
8,9861,0.0134
8,8303,0.0134
8,5397,0.0134
8,5294,0.0134
8,5962,0.0134
8,6114,0.0134
8,5453,0.0134
8,5312,0.0134
8,5843,0.0134
8,5377,0.0134
8,7527,0.0134
8,6277,0.0134
8,7703,0.0133
8,9493,0.0133
8,9529,0.0133
8,9801,0.0133
8,6193,0.0133
8,5207,0.0133
8,5193,0.0133
8,8954,0.0133
8,7856,0.0133
8,8513,0.0133
8,10011,0.0133
8,5419,0.0133
8,6981,0.0133
8,5275,0.0133
8,6826,0.0133
8,6150,0.0133
8,7017,0.0133
8,7167,0.0133
8,9797,0.0133
8,10010,0.0133
8,8309,0.0133
8,9315,0.0133
8,9823,0.0133
8,5649,0.0133
8,6361,0.0133
8,9339,0.0133
8,5274,0.0133
8,7580,0.0133
8,9602,0.0133
8,6831,0.0133
8,7074,0.0133
8,9111,0.0133
8,9143,0.0133
8,8919,0.0132
8,8511,0.0132
8,8870,0.0132
8,5096,0.0132
8,7481,0.0132
8,7071,0.0132
8,8885,0.0132
8,9947,0.0132
8,7710,0.0132
8,7569,0.0132
8,5223,0.0132
8,9851,0.0132
8,5970,0.0132
8,7928,0.0132
8,7848,0.0132
8,7676,0.0132
8,7005,0.0132
8,6959,0.0132
8,5437,0.0132
8,6433,0.0132
8,7528,0.0132
8,9060,0.0132
8,9367,0.0132
8,9793,0.0132
8,5840,0.0132
8,5730,0.0132
8,7687,0.0132
8,5049,0.0132
8,9754,0.0132
8,6574,0.0131
8,7548,0.0131
8,6810,0.0131
8,7752,0.0131
8,9966,0.0131
8,7721,0.0131
8,9940,0.0131
8,5999,0.0131
8,9543,0.0131
8,9675,0.0131
8,8638,0.0131
8,9836,0.0131
8,6316,0.0131
8,8991,0.0131
8,7289,0.0131
8,9560,0.0131
8,6828,0.0131
8,5362,0.0131
8,6707,0.0131
8,6247,0.0131
8,8400,0.0131
8,7691,0.0131
8,6770,0.0131
8,6045,0.0131
8,9496,0.0131
8,10007,0.0131
8,8605,0.0130
8,6866,0.0130
8,9648,0.0130
8,6916,0.0130
8,7308,0.0130
8,7456,0.0130
8,7696,0.0130
8,5095,0.0130
8,8541,0.0130
8,6958,0.0130
8,5348,0.0130
8,5750,0.0130
8,8316,0.0130
8,5992,0.0130
8,7227,0.0130
8,5123,0.0130
8,7093,0.0130
8,8307,0.0130
8,7063,0.0130
8,9532,0.0130
8,8436,0.0130
8,9680,0.0130
8,5019,0.0129
8,9248,0.0129
8,6877,0.0129
8,9176,0.0129
8,7468,0.0129
8,6297,0.0129
8,7660,0.0129
8,5198,0.0129
8,5018,0.0129
8,7957,0.0129
8,6016,0.0129
8,9887,0.0129
8,9927,0.0129
8,7493,0.0129
8,9081,0.0129
8,7377,0.0129
8,6508,0.0129
8,6726,0.0129
8,6047,0.0129
8,7560,0.0129
8,7080,0.0129
8,7605,0.0129
8,7114,0.0129
8,5301,0.0129
8,5788,0.0129
8,5565,0.0129
8,6294,0.0128
8,5302,0.0128
8,6756,0.0128
8,5402,0.0128
8,5779,0.0128
8,7564,0.0128
8,6625,0.0128
8,9659,0.0128
8,6587,0.0128
8,8636,0.0128
8,7319,0.0128
8,5609,0.0128
8,5877,0.0128
8,9142,0.0128
8,6244,0.0128
8,7961,0.0128
8,8858,0.0128
8,8344,0.0128
8,7478,0.0128
8,5832,0.0127
8,8064,0.0127
8,5757,0.0127
8,5961,0.0127
8,6106,0.0127
8,9606,0.0127
8,9262,0.0127
8,5937,0.0127
8,8262,0.0127
8,7740,0.0127
8,9211,0.0127
8,5369,0.0127
8,6952,0.0127
8,5844,0.0127
8,8052,0.0127
8,8578,0.0127
8,6118,0.0127
8,8312,0.0127
8,6728,0.0127
8,6033,0.0127
8,7869,0.0127
8,7302,0.0127
8,6944,0.0127
8,7219,0.0127
8,9917,0.0127
8,9977,0.0126
8,5652,0.0126
8,5819,0.0126
8,7323,0.0126
8,8648,0.0126
8,7278,0.0126
8,8146,0.0126
8,6494,0.0126
8,8155,0.0126
8,8676,0.0126
8,5605,0.0126
8,7615,0.0126
8,7387,0.0126
8,5927,0.0126
8,6288,0.0126
8,5254,0.0126
8,9056,0.0126
8,7465,0.0126
8,8188,0.0126
8,6874,0.0126
8,7042,0.0126
8,6305,0.0126
8,8469,0.0126
8,6386,0.0126
8,7875,0.0125
8,8493,0.0125
8,7606,0.0125
8,9824,0.0125
8,9753,0.0125
8,8480,0.0125
8,7870,0.0125
8,6972,0.0125
8,8037,0.0125
8,7611,0.0125
8,8460,0.0125
8,8074,0.0125
8,5464,0.0125
8,7716,0.0125
8,9796,0.0125
8,7066,0.0125
8,8782,0.0125
8,7701,0.0125
8,8911,0.0125
8,7746,0.0125
8,9083,0.0125
8,5306,0.0125
8,9822,0.0124
8,10003,0.0124
8,5310,0.0124
8,8039,0.0124
8,9548,0.0124
8,10019,0.0124
8,5242,0.0124
8,9003,0.0124
8,9974,0.0124
8,5644,0.0124
8,7061,0.0124
8,6763,0.0124
8,6676,0.0124
8,6210,0.0124
8,9477,0.0124
8,5054,0.0124
8,5140,0.0124
8,6352,0.0124
8,6612,0.0124
8,9772,0.0124
8,5635,0.0124
8,9260,0.0124
8,6213,0.0124
8,7931,0.0124
8,10009,0.0124
8,8076,0.0124
8,9340,0.0124
8,7874,0.0124
8,5581,0.0124
8,5304,0.0124
8,6807,0.0123
8,9546,0.0123
8,6144,0.0123
8,5396,0.0123
8,8247,0.0123
8,5240,0.0123
8,8324,0.0123
8,8321,0.0123
8,7188,0.0123
8,9786,0.0123
8,9731,0.0123
8,9886,0.0123
8,8501,0.0123
8,7469,0.0123
8,7719,0.0123
8,9738,0.0123
8,7654,0.0123
8,9583,0.0123
8,8775,0.0123
8,6614,0.0123
8,9857,0.0122
8,9064,0.0122
8,5998,0.0122
8,6197,0.0122
8,5626,0.0122
8,8901,0.0122
8,9695,0.0122
8,9304,0.0122
8,5119,0.0122
8,6500,0.0122
8,8000,0.0122
8,5195,0.0122
8,5468,0.0122
8,6946,0.0122
8,9186,0.0122
8,9856,0.0122
8,5327,0.0122
8,7833,0.0122
8,6984,0.0122
8,10029,0.0122
8,5851,0.0122
8,6705,0.0122
8,5436,0.0122
8,8234,0.0122
8,6483,0.0122
8,6399,0.0122
8,6738,0.0122
8,8742,0.0122
8,9945,0.0122
8,5166,0.0122
8,5469,0.0122
8,5492,0.0122
8,6017,0.0121
8,6359,0.0121
8,7177,0.0121
8,9421,0.0121
8,9096,0.0121
8,5758,0.0121
8,7282,0.0121
8,5277,0.0121
8,9952,0.0121
8,6664,0.0121
8,6180,0.0121
8,6931,0.0121
8,10035,0.0121
8,8091,0.0121
8,6419,0.0121
8,7301,0.0121
8,9474,0.0121
8,9826,0.0121
8,5770,0.0121
8,6491,0.0121
8,9973,0.0121
8,6761,0.0120
8,9900,0.0120
8,9216,0.0120
8,9590,0.0120
8,8363,0.0120
8,5445,0.0120
8,7712,0.0120
8,7085,0.0120
8,9632,0.0120
8,6131,0.0120
8,8523,0.0120
8,5238,0.0120
8,5418,0.0120
8,9002,0.0120
8,6839,0.0120
8,8653,0.0120
8,9998,0.0120
8,9336,0.0120
8,8879,0.0120
8,5737,0.0120
8,5892,0.0120
8,6468,0.0120
8,5165,0.0120
8,7094,0.0120
8,9338,0.0119
8,8134,0.0119
8,6570,0.0119
8,5341,0.0119
8,7199,0.0119
8,9825,0.0119
8,6536,0.0119
8,9919,0.0119
8,5483,0.0119
8,7826,0.0119
8,7511,0.0119
8,8722,0.0119
8,7016,0.0119
8,5187,0.0119
8,8643,0.0119
8,8806,0.0119
8,6651,0.0119
8,9878,0.0119
8,9141,0.0119
8,9880,0.0119
8,5607,0.0119
8,8132,0.0119
8,7989,0.0119
8,7690,0.0119
8,8382,0.0119
8,6264,0.0119
8,8224,0.0119
8,5263,0.0118
8,6208,0.0118
8,9660,0.0118
8,5073,0.0118
8,9860,0.0118
8,8611,0.0118
8,8591,0.0118
8,6423,0.0118
8,5046,0.0118
8,5148,0.0118
8,5880,0.0118
8,5202,0.0118
8,8212,0.0118
8,6312,0.0118
8,6301,0.0118
8,6893,0.0118
8,7809,0.0118
8,6665,0.0118
8,9949,0.0118
8,7288,0.0118
8,7328,0.0118
8,8083,0.0117
8,9372,0.0117
8,8284,0.0117
8,8291,0.0117
8,6049,0.0117
8,6654,0.0117
8,9202,0.0117
8,5634,0.0117
8,9209,0.0117
8,9837,0.0117
8,8319,0.0117
8,8398,0.0117
8,5716,0.0117
8,8535,0.0117
8,8603,0.0117
8,9948,0.0117
8,5731,0.0117
8,7924,0.0117
8,5508,0.0117
8,8609,0.0117
8,8323,0.0117
8,9526,0.0117
8,10015,0.0117
8,6836,0.0117
8,5718,0.0117
8,9677,0.0117
8,7514,0.0117
8,6862,0.0117
8,10028,0.0117
8,5950,0.0117
8,7780,0.0116
8,9628,0.0116
8,6338,0.0116
8,5528,0.0116
8,7200,0.0116
8,6422,0.0116
8,7978,0.0116
8,5538,0.0116
8,8859,0.0116
8,7115,0.0116
8,7010,0.0116
8,7163,0.0116
8,6745,0.0116
8,5053,0.0116
8,5044,0.0116
8,9396,0.0116
8,5759,0.0116
8,9252,0.0116
8,8679,0.0116
8,5761,0.0116
8,7107,0.0116
8,9728,0.0116
8,6930,0.0116
8,5289,0.0116
8,9708,0.0116
8,7448,0.0116
8,8984,0.0116
8,6084,0.0116
8,6708,0.0116
8,6907,0.0116
8,7415,0.0116
8,6871,0.0116
8,6869,0.0116
8,6165,0.0115
8,6949,0.0115
8,9905,0.0115
8,7181,0.0115
8,7827,0.0115
8,9426,0.0115
8,9025,0.0115
8,7795,0.0115
8,5133,0.0115
8,8695,0.0115
8,8801,0.0115
8,8677,0.0115
8,5713,0.0115
8,8004,0.0115
8,8667,0.0115
8,6378,0.0115
8,8943,0.0114
8,8580,0.0114
8,8328,0.0114
8,6607,0.0114
8,5002,0.0114
8,5941,0.0114
8,6449,0.0114
8,6542,0.0114
8,6782,0.0114
8,6052,0.0114
8,5777,0.0114
8,6716,0.0114
8,9623,0.0114
8,6699,0.0114
8,8505,0.0114
8,5334,0.0114
8,5491,0.0114
8,9277,0.0114
8,6273,0.0114
8,5863,0.0114
8,5328,0.0114
8,5686,0.0114
8,6142,0.0114
8,9954,0.0114
8,8900,0.0114
8,9245,0.0114
8,6979,0.0113
8,8619,0.0113
8,7970,0.0113
8,6793,0.0113
8,7019,0.0113
8,7040,0.0113
8,8796,0.0113
8,8481,0.0113
8,6527,0.0113
8,6889,0.0113
8,5948,0.0113
8,7718,0.0113
8,6037,0.0113
8,5068,0.0113
8,5997,0.0113
8,9563,0.0113
8,8021,0.0113
8,5179,0.0113
8,7765,0.0113
8,9157,0.0113
8,6002,0.0113
8,8650,0.0113
8,7997,0.0113
8,9594,0.0113
8,7195,0.0113
8,7865,0.0113
8,7700,0.0112
8,5973,0.0112
8,9321,0.0112
8,8700,0.0112
8,7971,0.0112
8,6407,0.0112
8,7349,0.0112
8,8831,0.0112
8,8377,0.0112
8,5243,0.0112
8,7047,0.0112
8,6566,0.0112
8,5230,0.0112
8,5271,0.0112
8,6528,0.0112
8,5477,0.0112
8,8584,0.0112
8,6414,0.0112
8,10024,0.0112
8,5507,0.0112
8,9523,0.0112
8,5057,0.0112
8,8010,0.0112
8,9854,0.0112
8,6056,0.0112
8,7152,0.0111
8,5711,0.0111
8,5330,0.0111
8,9685,0.0111
8,8431,0.0111
8,8342,0.0111
8,8925,0.0111
8,6835,0.0111
8,5295,0.0111
8,5697,0.0111
8,5070,0.0111
8,8286,0.0111
8,9067,0.0111
8,8238,0.0111
8,6820,0.0111
8,8734,0.0111
8,6762,0.0111
8,5255,0.0111
8,9072,0.0111
8,8524,0.0111
8,7186,0.0111
8,6372,0.0111
8,9040,0.0111
8,9318,0.0111
8,9639,0.0111
8,5322,0.0111
8,9229,0.0111
8,7562,0.0111
8,5519,0.0111
8,7854,0.0111
8,6704,0.0111
8,7686,0.0111
8,7097,0.0110
8,9222,0.0110
8,6156,0.0110
8,5246,0.0110
8,5401,0.0110
8,7329,0.0110
8,9712,0.0110
8,6661,0.0110
8,5288,0.0110
8,7681,0.0110
8,9519,0.0110
8,7487,0.0110
8,9294,0.0110
8,6594,0.0110
8,6219,0.0110
8,9700,0.0110
8,7287,0.0110
8,6252,0.0110
8,9301,0.0110
8,8503,0.0110
8,6478,0.0110
8,7916,0.0110
8,5976,0.0110
8,6456,0.0110
8,6089,0.0110
8,9593,0.0110
8,8671,0.0110
8,7680,0.0110
8,8253,0.0110
8,9925,0.0110
8,9769,0.0110
8,6111,0.0110
8,6330,0.0110
8,9254,0.0110
8,6971,0.0110
8,5366,0.0110
8,6077,0.0110
8,5856,0.0109
8,7626,0.0109
8,7473,0.0109
8,8866,0.0109
8,7126,0.0109
8,6259,0.0109
8,7110,0.0109
8,7655,0.0109
8,7693,0.0109
8,8728,0.0109
8,5922,0.0109
8,9741,0.0109
8,9704,0.0109
8,7705,0.0109
8,9895,0.0109
8,5769,0.0109
8,9985,0.0109
8,9506,0.0109
8,6932,0.0108
8,5045,0.0108
8,5532,0.0108
8,6695,0.0108
8,5105,0.0108
8,5031,0.0108
8,7416,0.0108
8,8131,0.0108
8,6086,0.0108
8,5498,0.0108
8,8624,0.0108
8,8136,0.0108
8,9512,0.0108
8,8293,0.0108
8,5601,0.0108
8,5006,0.0108
8,7508,0.0108
8,8939,0.0108
8,10037,0.0108
8,7538,0.0108
8,7457,0.0108
8,6275,0.0108
8,6976,0.0108
8,8356,0.0107
8,9551,0.0107
8,5281,0.0107
8,5273,0.0107
8,9308,0.0107
8,5829,0.0107
8,9649,0.0107
8,5139,0.0107
8,5372,0.0107
8,7057,0.0107
8,5894,0.0107
8,8745,0.0107
8,8545,0.0107
8,8958,0.0107
8,5314,0.0107
8,9778,0.0107
8,9789,0.0107
8,9180,0.0107
8,6320,0.0107
8,5816,0.0107
8,6440,0.0107
8,7281,0.0106
8,5471,0.0106
8,9581,0.0106
8,6296,0.0106
8,5824,0.0106
8,8104,0.0106
8,5428,0.0106
8,5059,0.0106
8,8374,0.0106
8,8654,0.0106
8,9934,0.0106
8,7739,0.0106
8,6520,0.0106
8,9842,0.0106
8,5359,0.0106
8,9651,0.0106
8,7324,0.0106
8,9274,0.0106
8,8130,0.0106
8,6653,0.0106
8,9368,0.0106
8,7679,0.0106
8,7947,0.0105
8,6327,0.0105
8,5268,0.0105
8,9330,0.0105
8,6833,0.0105
8,9062,0.0105
8,9312,0.0105
8,5791,0.0105
8,5449,0.0105
8,6200,0.0105
8,8391,0.0105
8,5537,0.0105
8,8883,0.0105
8,9538,0.0105
8,10026,0.0105
8,6711,0.0105
8,9234,0.0105
8,8725,0.0105
8,5106,0.0105
8,9641,0.0105
8,6783,0.0105
8,5087,0.0105
8,6231,0.0105
8,6043,0.0105
8,9743,0.0105
8,8774,0.0105
8,5554,0.0105
8,9733,0.0105
8,7516,0.0105
8,6548,0.0104
8,8809,0.0104
8,9175,0.0104
8,8450,0.0104
8,5497,0.0104
8,5117,0.0104
8,7068,0.0104
8,5168,0.0104
8,8633,0.0104
8,5361,0.0104
8,8482,0.0104
8,9788,0.0104
8,5900,0.0104
8,9171,0.0104
8,8770,0.0104
8,8313,0.0104
8,5319,0.0104
8,6749,0.0104
8,8616,0.0104
8,9052,0.0104
8,6453,0.0104
8,5943,0.0104
8,7007,0.0103
8,8552,0.0103
8,5066,0.0103
8,6975,0.0103
8,9269,0.0103
8,8521,0.0103
8,5972,0.0103
8,8795,0.0103
8,8623,0.0103
8,5714,0.0103
8,7105,0.0103
8,9849,0.0103
8,6206,0.0103
8,9644,0.0103
8,5249,0.0103
8,5946,0.0103
8,7076,0.0103
8,7831,0.0103
8,5252,0.0103
8,5678,0.0103
8,8357,0.0103
8,6031,0.0103
8,9444,0.0103
8,9145,0.0103
8,9896,0.0103
8,8723,0.0103
8,8996,0.0103
8,8343,0.0103
8,6727,0.0103
8,5646,0.0103
8,6898,0.0103
8,9969,0.0103
8,9744,0.0103
8,9387,0.0103
8,7612,0.0103
8,5481,0.0102
8,8855,0.0102
8,8716,0.0102
8,8070,0.0102
8,9734,0.0102
8,6438,0.0102
8,8306,0.0102
8,6153,0.0102
8,6900,0.0102
8,6162,0.0102
8,8185,0.0102
8,8443,0.0102
8,5924,0.0102
8,8641,0.0102
8,9048,0.0102
8,8073,0.0102
8,9009,0.0102
8,5431,0.0102
8,6283,0.0102
8,5438,0.0102
8,6660,0.0102
8,7803,0.0102
8,7816,0.0102
8,8837,0.0102
8,8516,0.0102
8,9200,0.0102
8,8427,0.0102
8,5744,0.0102
8,7124,0.0102
8,8271,0.0101
8,9404,0.0101
8,8056,0.0101
8,5482,0.0101
8,8640,0.0101
8,9333,0.0101
8,9204,0.0101
8,5639,0.0101
8,5176,0.0101
8,8931,0.0101
8,9916,0.0101
8,8254,0.0101
8,7191,0.0101
8,6912,0.0101
8,9618,0.0101
8,8222,0.0101
8,6827,0.0101
8,7350,0.0101
8,8759,0.0101
8,9243,0.0101
8,7207,0.0101
8,7148,0.0101
8,8087,0.0101
8,7570,0.0100
8,6991,0.0100
8,6341,0.0100
8,5931,0.0100
8,5003,0.0100
8,8558,0.0100
8,8738,0.0100
8,8869,0.0100
8,6212,0.0100
8,6207,0.0100
8,5715,0.0100
8,6669,0.0100
8,8368,0.0100
8,6145,0.0100
8,9036,0.0100
8,6886,0.0100
8,8560,0.0100
8,8807,0.0100
8,7766,0.0100
8,8494,0.0100
8,6291,0.0100
8,6385,0.0100
8,6854,0.0100
8,5746,0.0100
8,8310,0.0100
8,7688,0.0100
8,7077,0.0100
8,5247,0.0100
8,9405,0.0100
8,9115,0.0100
8,5778,0.0099
8,6322,0.0099
8,5547,0.0099
8,5446,0.0099
8,9046,0.0099
8,9811,0.0099
8,6276,0.0099
8,8063,0.0099
8,7159,0.0099
8,5623,0.0099
8,6238,0.0099
8,9655,0.0099
8,5167,0.0099
8,7338,0.0099
8,5722,0.0099
8,5470,0.0099
8,5475,0.0099
8,7003,0.0099
8,8518,0.0099
8,7232,0.0099
8,6755,0.0099
8,8892,0.0099
8,9540,0.0099
8,9579,0.0099
8,5078,0.0099
8,8489,0.0099
8,6397,0.0099
8,8757,0.0099
8,5144,0.0099
8,9161,0.0098
8,8219,0.0098
8,6560,0.0098
8,8836,0.0098
8,9022,0.0098
8,8800,0.0098
8,5093,0.0098
8,5303,0.0098
8,8060,0.0098
8,5134,0.0098
8,7045,0.0098
8,6856,0.0098
8,5125,0.0098
8,6400,0.0098
8,9425,0.0098
8,8794,0.0098
8,9362,0.0098
8,8790,0.0098
8,8058,0.0098
8,7432,0.0098
8,7464,0.0098
8,8447,0.0098
8,8792,0.0098
8,7685,0.0098
8,6599,0.0098
8,10036,0.0098
8,5315,0.0098
8,6176,0.0098
8,5349,0.0098
8,8724,0.0097
8,8411,0.0097
8,6499,0.0097
8,9873,0.0097
8,8082,0.0097
8,6286,0.0097
8,8289,0.0097
8,8157,0.0097
8,9827,0.0097
8,7224,0.0097
8,6406,0.0097
8,5621,0.0097
8,6582,0.0097
8,6198,0.0097
8,6218,0.0097
8,5767,0.0097
8,9169,0.0097
8,6274,0.0097
8,6622,0.0097
8,5028,0.0097
8,7531,0.0097
8,6250,0.0097
8,6905,0.0097
8,8246,0.0097
8,9007,0.0097
8,8115,0.0097
8,8788,0.0097
8,6621,0.0097
8,9619,0.0097
8,9528,0.0096
8,8432,0.0096
8,9549,0.0096
8,5129,0.0096
8,9221,0.0096
8,8442,0.0096
8,7662,0.0096
8,6383,0.0096
8,7717,0.0096
8,6687,0.0096
8,8989,0.0096
8,9633,0.0096
8,7059,0.0096
8,8921,0.0096
8,6409,0.0096
8,8093,0.0096
8,7334,0.0096
8,7851,0.0096
8,7399,0.0096
8,5058,0.0096
8,9297,0.0096
8,7627,0.0096
8,5849,0.0096
8,8944,0.0096
8,6344,0.0096
8,6911,0.0096
8,8756,0.0096
8,9933,0.0096
8,7472,0.0096
8,8145,0.0096
8,7109,0.0096
8,8784,0.0096
8,9436,0.0096
8,7762,0.0096
8,5241,0.0095
8,9535,0.0095
8,6561,0.0095
8,9227,0.0095
8,8601,0.0095
8,6993,0.0095
8,5267,0.0095
8,8964,0.0095
8,9430,0.0095
8,7372,0.0095
8,8305,0.0095
8,9692,0.0095
8,5262,0.0095
8,8750,0.0095
8,6764,0.0095
8,6184,0.0095
8,7424,0.0095
8,9153,0.0095
8,5380,0.0095
8,8150,0.0095
8,8798,0.0095
8,7620,0.0095
8,9469,0.0095
8,6632,0.0095
8,5854,0.0095
8,5619,0.0095
8,9603,0.0095
8,5463,0.0095
8,9839,0.0095
8,7813,0.0094
8,5213,0.0094
8,6903,0.0094
8,5343,0.0094
8,7154,0.0094
8,9089,0.0094
8,8746,0.0094
8,9374,0.0094
8,9054,0.0094
8,8186,0.0094
8,5524,0.0094
8,6940,0.0094
8,8346,0.0094
8,7868,0.0094
8,5156,0.0094
8,7041,0.0094
8,6424,0.0094
8,8508,0.0094
8,8355,0.0094
8,9718,0.0094
8,5872,0.0094
8,8444,0.0094
8,7673,0.0094
8,6892,0.0094
8,5467,0.0094
8,9006,0.0094
8,9525,0.0094
8,5293,0.0094
8,7378,0.0094
8,8846,0.0094
8,5868,0.0093
8,8952,0.0093
8,9773,0.0093
8,7966,0.0093
8,5245,0.0093
8,9029,0.0093
8,8966,0.0093
8,5740,0.0093
8,8038,0.0093
8,7772,0.0093
8,6347,0.0093
8,7497,0.0093
8,9324,0.0093
8,7790,0.0093
8,7737,0.0093
8,9290,0.0093
8,7321,0.0093
8,9746,0.0093
8,8803,0.0093
8,9063,0.0093
8,9223,0.0093
8,6392,0.0093
8,5965,0.0093
8,7886,0.0093
8,7963,0.0093
8,8476,0.0093
8,8912,0.0093
8,5062,0.0093
8,6668,0.0093
8,5447,0.0093
8,7829,0.0093
8,5590,0.0093
8,9983,0.0093
8,9053,0.0092
8,5210,0.0092
8,5602,0.0092
8,6292,0.0092
8,8387,0.0092
8,7417,0.0092
8,5448,0.0092
8,9870,0.0092
8,6014,0.0092
8,5456,0.0092
8,6070,0.0092
8,7420,0.0092
8,6040,0.0092
8,5104,0.0092
8,7793,0.0092
8,9154,0.0092
8,8983,0.0092
8,7891,0.0092
8,7044,0.0092
8,5942,0.0092
8,5996,0.0092
8,8749,0.0092
8,8815,0.0092
8,9729,0.0092
8,8122,0.0092
8,6853,0.0092
8,7356,0.0092
8,9013,0.0092
8,7225,0.0092
8,6436,0.0092
8,7086,0.0092
8,9238,0.0092
8,9830,0.0092
8,7099,0.0092
8,7031,0.0092
8,8571,0.0092
8,6824,0.0092
8,6901,0.0092
8,10027,0.0092
8,6217,0.0091
8,9034,0.0091
8,6994,0.0091
8,8617,0.0091
8,9139,0.0091
8,8311,0.0091
8,7293,0.0091
8,8318,0.0091
8,8439,0.0091
8,9352,0.0091
8,5811,0.0091
8,9613,0.0091
8,9909,0.0091
8,5107,0.0091
8,7787,0.0091
8,5374,0.0091
8,8818,0.0091
8,9699,0.0091
8,9534,0.0091
8,9847,0.0091
8,6698,0.0091
8,8817,0.0091
8,8194,0.0091
8,6497,0.0091
8,8341,0.0091
8,8384,0.0091
8,8526,0.0091
8,5472,0.0091
8,8544,0.0091
8,6434,0.0091
8,5219,0.0091
8,5897,0.0090
8,10030,0.0090
8,7695,0.0090
8,9598,0.0090
8,7050,0.0090
8,10017,0.0090
8,6887,0.0090
8,8353,0.0090
8,8280,0.0090
8,8554,0.0090
8,8771,0.0090
8,5875,0.0090
8,9106,0.0090
8,5115,0.0090
8,6258,0.0090
8,8209,0.0090
8,6415,0.0090
8,7218,0.0090
8,6408,0.0090
8,5479,0.0090
8,6880,0.0090
8,8085,0.0090
8,7984,0.0090
8,9608,0.0090
8,6389,0.0090
8,8625,0.0090
8,5261,0.0090
8,5794,0.0090
8,7357,0.0090
8,9016,0.0089
8,8383,0.0089
8,8337,0.0089
8,9918,0.0089
8,6394,0.0089
8,8092,0.0089
8,5645,0.0089
8,5886,0.0089
8,5642,0.0089
8,9125,0.0089
8,7830,0.0089
8,6741,0.0089
8,8532,0.0089
8,5350,0.0089
8,8762,0.0089
8,6458,0.0089
8,9578,0.0089
8,6337,0.0089
8,5216,0.0089
8,5775,0.0089
8,10012,0.0089
8,9622,0.0089
8,8128,0.0089
8,7552,0.0089
8,8112,0.0089
8,7104,0.0089
8,5088,0.0089
8,7722,0.0089
8,9614,0.0089
8,8228,0.0089
8,6529,0.0089
8,7161,0.0089
8,9242,0.0089
8,5474,0.0088
8,9361,0.0088
8,8204,0.0088
8,8773,0.0088
8,7075,0.0088
8,6426,0.0088
8,9104,0.0088
8,7196,0.0088
8,9244,0.0088
8,8965,0.0088
8,9890,0.0088
8,5214,0.0088
8,7034,0.0088
8,9944,0.0088
8,8528,0.0088
8,8847,0.0088
8,8394,0.0088
8,6356,0.0088
8,9978,0.0087
8,9390,0.0087
8,8978,0.0087
8,9066,0.0087
8,7441,0.0087
8,6365,0.0087
8,9576,0.0087
8,9019,0.0087
8,7515,0.0087
8,6646,0.0087
8,6215,0.0087
8,9810,0.0087
8,6441,0.0087
8,6713,0.0087
8,7327,0.0087
8,5890,0.0087
8,6418,0.0087
8,8451,0.0087
8,9276,0.0087
8,6780,0.0087
8,5720,0.0087
8,5530,0.0087
8,9432,0.0087
8,9912,0.0087
8,5899,0.0087
8,9263,0.0087
8,9756,0.0087
8,9740,0.0087
8,8781,0.0087
8,9539,0.0087
8,5236,0.0087
8,9259,0.0086
8,5126,0.0086
8,5595,0.0086
8,7145,0.0086
8,8045,0.0086
8,8867,0.0086
8,7894,0.0086
8,5305,0.0086
8,5064,0.0086
8,9612,0.0086
8,9150,0.0086
8,7101,0.0086
8,5739,0.0086
8,5004,0.0086
8,5367,0.0086
8,5395,0.0086
8,5476,0.0086
8,9369,0.0086
8,6592,0.0086
8,7320,0.0086
8,8740,0.0086
8,6914,0.0086
8,8173,0.0086
8,9179,0.0086
8,7461,0.0086
8,6039,0.0086
8,8274,0.0086
8,5864,0.0086
8,5947,0.0086
8,6272,0.0086
8,6792,0.0086
8,8178,0.0086
8,6841,0.0086
8,9924,0.0086
8,8764,0.0086
8,7043,0.0085
8,7490,0.0085
8,9504,0.0085
8,6300,0.0085
8,9392,0.0085
8,8055,0.0085
8,6366,0.0085
8,5013,0.0085
8,8255,0.0085
8,8031,0.0085
8,5450,0.0085
8,5723,0.0085
8,9380,0.0085
8,8808,0.0085
8,5037,0.0085
8,7439,0.0085
8,8680,0.0085
8,5683,0.0085
8,5452,0.0085
8,7921,0.0085
8,8279,0.0085
8,6480,0.0085
8,7113,0.0085
8,5786,0.0085
8,6015,0.0085
8,8019,0.0085
8,7283,0.0085
8,8820,0.0085
8,9908,0.0085
8,7055,0.0085
8,9691,0.0085
8,6189,0.0085
8,8787,0.0085
8,7775,0.0084
8,8595,0.0084
8,5903,0.0084
8,8269,0.0084
8,6608,0.0084
8,5308,0.0084
8,6172,0.0084
8,9224,0.0084
8,7603,0.0084
8,6148,0.0084
8,8237,0.0084
8,9812,0.0084
8,6645,0.0084
8,9448,0.0084
8,9463,0.0084
8,7699,0.0084
8,7103,0.0084
8,5526,0.0084
8,9517,0.0084
8,5628,0.0084
8,7406,0.0084
8,8061,0.0084
8,5726,0.0084
8,8969,0.0084
8,5355,0.0084
8,8662,0.0084
8,5016,0.0084
8,6725,0.0084
8,8380,0.0084
8,8470,0.0084
8,8559,0.0084
8,6167,0.0084
8,8776,0.0084
8,9311,0.0084
8,9164,0.0084
8,5217,0.0083
8,7782,0.0083
8,7073,0.0083
8,6228,0.0083
8,6183,0.0083
8,6896,0.0083
8,7504,0.0083
8,9932,0.0083
8,8334,0.0083
8,9783,0.0083
8,8189,0.0083
8,5766,0.0083
8,8510,0.0083
8,5220,0.0083
8,8097,0.0083
8,6697,0.0083
8,5685,0.0083
8,8645,0.0083
8,9184,0.0083
8,9093,0.0083
8,6170,0.0083
8,6945,0.0083
8,7908,0.0082
8,7711,0.0082
8,7825,0.0082
8,8959,0.0082
8,7374,0.0082
8,9356,0.0082
8,7583,0.0082
8,6351,0.0082
8,5515,0.0082
8,9400,0.0082
8,7823,0.0082
8,7664,0.0082
8,6618,0.0082
8,9151,0.0082
8,5975,0.0082
8,8598,0.0082
8,6427,0.0082
8,8594,0.0082
8,7866,0.0082
8,9838,0.0082
8,8057,0.0082
8,9492,0.0082
8,5545,0.0082
8,7347,0.0082
8,9010,0.0082
8,8258,0.0082
8,7395,0.0082
8,6435,0.0082
8,8160,0.0082
8,8156,0.0082
8,9564,0.0082
8,6377,0.0082
8,5180,0.0081
8,7418,0.0081
8,8492,0.0081
8,5914,0.0081
8,5461,0.0081
8,8810,0.0081
8,6737,0.0081
8,9441,0.0081
8,7893,0.0081
8,8755,0.0081
8,8239,0.0081
8,8339,0.0081
8,7060,0.0081
8,8948,0.0081
8,7179,0.0081
8,7214,0.0081
8,5539,0.0081
8,9906,0.0081
8,9541,0.0081
8,9885,0.0081
8,8259,0.0081
8,8116,0.0081
8,7341,0.0081
8,5901,0.0081
8,6878,0.0081
8,9424,0.0081
8,7993,0.0081
8,5440,0.0081
8,8917,0.0081
8,6041,0.0081
8,8949,0.0081
8,7118,0.0081
8,7539,0.0080
8,6420,0.0080
8,9395,0.0080
8,5182,0.0080
8,8257,0.0080
8,5667,0.0080
8,9144,0.0080
8,8583,0.0080
8,7398,0.0080
8,6543,0.0080
8,8533,0.0080
8,9467,0.0080
8,7917,0.0080
8,8841,0.0080
8,9103,0.0080
8,8127,0.0080
8,6313,0.0080
8,7915,0.0080
8,8916,0.0080
8,6194,0.0080
8,5640,0.0080
8,8022,0.0080
8,6290,0.0080
8,8459,0.0079
8,7602,0.0079
8,9745,0.0079
8,7147,0.0079
8,8553,0.0079
8,7032,0.0079
8,6432,0.0079
8,6245,0.0079
8,6303,0.0079
8,6072,0.0079
8,5656,0.0079
8,6759,0.0079
8,5710,0.0079
8,7231,0.0079
8,8365,0.0079
8,8963,0.0079
8,9573,0.0079
8,8369,0.0079
8,8592,0.0079
8,8531,0.0079
8,6639,0.0079
8,5085,0.0079
8,6908,0.0079
8,10034,0.0079
8,6689,0.0079
8,6362,0.0079
8,8657,0.0079
8,8405,0.0079
8,8612,0.0079
8,8295,0.0079
8,8681,0.0079
8,5181,0.0079
8,8376,0.0078
8,8778,0.0078
8,6990,0.0078
8,5041,0.0078
8,8078,0.0078
8,8167,0.0078
8,6282,0.0078
8,8857,0.0078
8,9611,0.0078
8,5913,0.0078
8,5042,0.0078
8,9177,0.0078
8,6265,0.0078
8,6431,0.0078
8,7401,0.0078
8,7646,0.0078
8,10032,0.0078
8,8390,0.0078
8,9413,0.0078
8,5459,0.0078
8,9879,0.0078
8,9233,0.0078
8,9987,0.0078
8,6842,0.0078
8,9635,0.0078
8,9898,0.0078
8,6647,0.0078
8,5939,0.0077
8,7645,0.0077
8,9051,0.0077
8,6146,0.0077
8,7684,0.0077
8,6834,0.0077
8,9042,0.0077
8,6141,0.0077
8,8697,0.0077
8,9693,0.0077
8,6881,0.0077
8,5959,0.0077
8,8068,0.0077
8,9088,0.0077
8,6496,0.0077
8,7656,0.0077
8,9189,0.0077
8,7037,0.0077
8,6804,0.0077
8,7834,0.0077
8,6569,0.0077
8,6691,0.0077
8,8381,0.0077
8,9065,0.0077
8,9509,0.0077
8,9640,0.0077
8,7584,0.0077
8,8699,0.0077
8,5307,0.0077
8,7135,0.0076
8,9626,0.0076
8,9764,0.0076
8,7666,0.0076
8,8780,0.0076
8,8340,0.0076
8,8992,0.0076
8,7713,0.0076
8,8335,0.0076
8,6709,0.0076
8,8940,0.0076
8,6948,0.0076
8,6609,0.0076
8,9014,0.0076
8,5122,0.0076
8,6225,0.0076
8,8610,0.0076
8,5311,0.0076
8,9389,0.0076
8,6803,0.0076
8,5451,0.0076
8,9097,0.0076
8,9298,0.0076
8,9742,0.0076
8,9762,0.0076
8,8665,0.0076
8,9689,0.0076
8,5599,0.0076
8,8646,0.0076
8,7621,0.0076
8,5627,0.0075
8,7187,0.0075
8,5462,0.0075
8,6026,0.0075
8,9957,0.0075
8,8877,0.0075
8,9502,0.0075
8,7758,0.0075
8,8401,0.0075
8,6750,0.0075
8,9921,0.0075
8,8072,0.0075
8,8631,0.0075
8,7665,0.0075
8,9278,0.0075
8,9127,0.0075
8,6168,0.0075
8,7483,0.0075
8,5624,0.0075
8,8889,0.0075
8,8329,0.0075
8,8629,0.0075
8,9863,0.0075
8,5665,0.0075
8,9735,0.0075
8,8483,0.0075
8,6563,0.0075
8,6437,0.0075
8,7659,0.0075
8,7663,0.0075
8,5414,0.0075
8,7677,0.0075
8,5592,0.0074
8,8767,0.0074
8,6544,0.0074
8,6722,0.0074
8,8065,0.0074
8,8830,0.0074
8,7939,0.0074
8,5232,0.0074
8,7709,0.0074
8,6256,0.0074
8,9015,0.0074
8,5083,0.0074
8,6706,0.0074
8,9112,0.0074
8,8915,0.0074
8,8789,0.0074
8,9820,0.0074
8,6369,0.0074
8,9008,0.0074
8,8256,0.0074
8,6590,0.0074
8,9724,0.0074
8,8920,0.0074
8,6009,0.0074
8,7933,0.0074
8,6760,0.0074
8,8828,0.0074
8,9253,0.0074
8,9385,0.0073
8,9100,0.0073
8,7476,0.0073
8,6615,0.0073
8,7291,0.0073
8,5574,0.0073
8,5745,0.0073
8,7858,0.0073
8,9215,0.0073
8,5258,0.0073
8,9268,0.0073
8,5033,0.0073
8,6092,0.0073
8,7459,0.0073
8,5531,0.0073
8,7725,0.0073
8,6753,0.0073
8,6816,0.0073
8,5257,0.0073
8,7692,0.0073
8,5375,0.0073
8,9992,0.0073
8,5885,0.0073
8,7726,0.0073
8,8739,0.0073
8,8507,0.0073
8,9041,0.0073
8,7802,0.0073
8,8250,0.0073
8,7001,0.0073
8,6091,0.0073
8,9515,0.0072
8,7846,0.0072
8,8649,0.0072
8,5222,0.0072
8,5647,0.0072
8,8747,0.0072
8,9875,0.0072
8,6735,0.0072
8,7228,0.0072
8,9989,0.0072
8,6202,0.0072
8,6554,0.0072
8,5204,0.0072
8,5564,0.0072
8,7024,0.0072
8,5717,0.0072
8,10013,0.0072
8,6650,0.0072
8,10039,0.0072
8,5563,0.0072
8,6631,0.0072
8,7491,0.0072
8,8894,0.0072
8,9375,0.0072
8,10008,0.0072
8,6556,0.0072
8,9038,0.0072
8,7702,0.0072
8,9883,0.0072
8,6367,0.0072
8,5365,0.0071
8,6302,0.0071
8,9240,0.0071
8,8993,0.0071
8,8347,0.0071
8,9970,0.0071
8,6723,0.0071
8,9962,0.0071
8,7967,0.0071
8,7427,0.0071
8,8465,0.0071
8,7944,0.0071
8,9357,0.0071
8,5561,0.0071
8,6864,0.0071
8,6425,0.0071
8,7682,0.0071
8,5694,0.0071
8,5898,0.0071
8,6920,0.0071
8,9637,0.0071
8,6038,0.0071
8,8215,0.0071
8,5504,0.0071
8,5146,0.0071
8,6439,0.0070
8,8032,0.0070
8,9347,0.0070
8,9236,0.0070
8,7625,0.0070
8,7325,0.0070
8,6345,0.0070
8,6402,0.0070
8,8473,0.0070
8,7051,0.0070
8,5196,0.0070
8,6596,0.0070
8,7714,0.0070
8,9771,0.0070
8,6289,0.0070
8,6968,0.0070
8,7697,0.0070
8,8599,0.0070
8,7067,0.0070
8,6541,0.0070
8,6663,0.0070
8,9264,0.0070
8,7832,0.0070
8,7769,0.0070
8,6421,0.0070
8,5838,0.0070
8,6099,0.0070
8,9120,0.0070
8,7937,0.0070
8,7054,0.0070
8,6254,0.0070
8,6103,0.0070
8,9852,0.0070
8,9451,0.0069
8,8161,0.0069
8,9841,0.0069
8,5417,0.0069
8,8737,0.0069
8,9901,0.0069
8,5971,0.0069
8,8880,0.0069
8,7123,0.0069
8,7936,0.0069
8,5454,0.0069
8,8769,0.0069
8,7683,0.0069
8,8853,0.0069
8,8196,0.0069
8,7849,0.0069
8,7375,0.0069
8,8096,0.0069
8,5949,0.0069
8,8006,0.0069
8,9566,0.0069
8,8761,0.0069
8,5416,0.0069
8,8953,0.0069
8,9378,0.0069
8,5121,0.0069
8,9077,0.0069
8,6100,0.0069
8,9021,0.0068
8,7759,0.0068
8,8026,0.0068
8,5669,0.0068
8,9018,0.0068
8,8995,0.0068
8,5382,0.0068
8,8084,0.0068
8,9461,0.0068
8,8126,0.0068
8,9662,0.0068
8,8033,0.0068
8,6430,0.0068
8,8249,0.0068
8,8658,0.0068
8,5199,0.0068
8,7087,0.0068
8,9266,0.0068
8,8651,0.0068
8,6134,0.0068
8,7678,0.0068
8,7431,0.0068
8,5490,0.0068
8,7084,0.0068
8,8666,0.0068
8,7292,0.0068
8,9907,0.0067
8,9617,0.0067
8,8301,0.0067
8,8281,0.0067
8,5573,0.0067
8,7438,0.0067
8,9688,0.0067
8,9524,0.0067
8,9099,0.0067
8,5719,0.0067
8,5337,0.0067
8,9348,0.0067
8,5734,0.0067
8,9117,0.0067
8,5862,0.0067
8,5458,0.0067
8,5802,0.0067
8,5827,0.0067
8,9874,0.0067
8,7881,0.0067
8,9108,0.0067
8,9902,0.0067
8,6013,0.0067
8,6328,0.0067
8,9442,0.0067
8,5986,0.0066
8,8079,0.0066
8,9026,0.0066
8,7837,0.0066
8,6671,0.0066
8,9195,0.0066
8,9634,0.0066
8,9261,0.0066
8,9032,0.0066
8,7757,0.0066
8,8373,0.0066
8,5887,0.0066
8,7477,0.0066
8,9638,0.0066
8,7689,0.0066
8,5938,0.0066
8,5659,0.0066
8,6795,0.0066
8,7458,0.0066
8,7763,0.0066
8,7170,0.0066
8,8067,0.0066
8,6060,0.0066
8,5478,0.0066
8,9158,0.0065
8,5969,0.0065
8,7048,0.0065
8,8331,0.0065
8,5048,0.0065
8,8366,0.0065
8,5617,0.0065
8,7565,0.0065
8,6576,0.0065
8,7567,0.0065
8,5597,0.0065
8,8950,0.0065
8,7204,0.0065
8,8561,0.0065
8,8125,0.0065
8,6674,0.0065
8,9028,0.0065
8,6774,0.0065
8,7360,0.0065
8,5050,0.0065
8,7083,0.0064
8,9855,0.0064
8,8458,0.0064
8,6956,0.0064
8,6447,0.0064
8,5735,0.0064
8,8330,0.0064
8,9557,0.0064
8,5796,0.0064
8,6287,0.0064
8,5963,0.0064
8,7814,0.0064
8,8946,0.0064
8,8207,0.0064
8,6128,0.0064
8,5629,0.0064
8,7108,0.0064
8,7056,0.0064
8,8267,0.0064
8,7012,0.0064
8,5810,0.0064
8,5035,0.0064
8,5079,0.0063
8,9044,0.0063
8,9137,0.0063
8,7049,0.0063
8,7351,0.0063
8,6637,0.0063
8,9174,0.0063
8,9178,0.0063
8,8882,0.0063
8,6307,0.0063
8,8154,0.0063
8,6057,0.0063
8,7651,0.0063
8,5751,0.0063
8,5706,0.0063
8,7960,0.0063
8,5027,0.0063
8,5426,0.0063
8,8412,0.0063
8,9109,0.0063
8,6138,0.0063
8,6998,0.0063
8,5516,0.0063
8,6929,0.0063
8,6557,0.0063
8,8101,0.0063
8,7492,0.0062
8,9668,0.0062
8,8951,0.0062
8,6752,0.0062
8,8688,0.0062
8,6448,0.0062
8,6082,0.0062
8,9055,0.0062
8,5668,0.0062
8,7919,0.0062
8,9011,0.0062
8,7635,0.0062
8,7150,0.0062
8,8266,0.0062
8,9283,0.0062
8,6127,0.0062
8,8007,0.0062
8,9567,0.0062
8,5317,0.0062
8,8017,0.0062
8,8338,0.0062
8,7558,0.0062
8,8763,0.0062
8,8392,0.0062
8,5084,0.0062
8,8527,0.0062
8,7212,0.0061
8,6363,0.0061
8,6703,0.0061
8,5935,0.0061
8,9445,0.0061
8,5560,0.0061
8,6883,0.0061
8,6315,0.0061
8,6918,0.0061
8,8766,0.0061
8,7599,0.0061
8,5772,0.0061
8,8226,0.0061
8,6243,0.0061
8,8565,0.0061
8,8484,0.0061
8,7509,0.0061
8,8174,0.0061
8,9646,0.0061
8,6852,0.0061
8,8428,0.0061
8,8396,0.0061
8,5968,0.0061
8,7574,0.0061
8,9170,0.0061
8,7805,0.0061
8,8935,0.0061
8,9629,0.0060
8,9858,0.0060
8,6073,0.0060
8,8663,0.0060
8,5074,0.0060
8,5559,0.0060
8,8111,0.0060
8,8043,0.0060
8,6404,0.0060
8,7657,0.0060
8,7443,0.0060
8,6205,0.0060
8,7576,0.0060
8,8934,0.0060
8,7537,0.0060
8,5161,0.0060
8,6413,0.0060
8,5613,0.0060
8,7311,0.0060
8,8171,0.0060
8,6457,0.0060
8,5136,0.0060
8,7088,0.0059
8,8090,0.0059
8,5650,0.0059
8,5457,0.0059
8,6203,0.0059
8,6767,0.0059
8,8772,0.0059
8,5580,0.0059
8,9275,0.0059
8,7128,0.0059
8,7760,0.0059
8,9723,0.0059
8,6604,0.0059
8,5234,0.0059
8,5509,0.0059
8,6069,0.0059
8,5227,0.0059
8,5381,0.0059
8,9391,0.0059
8,9220,0.0059
8,7751,0.0059
8,9363,0.0059
8,5638,0.0059
8,8471,0.0059
8,9768,0.0059
8,9997,0.0059
8,6048,0.0059
8,7383,0.0059
8,6928,0.0059
8,5111,0.0059
8,6552,0.0058
8,7412,0.0058
8,5020,0.0058
8,7112,0.0058
8,8543,0.0058
8,8144,0.0058
8,6670,0.0058
8,7742,0.0058
8,8422,0.0058
8,7923,0.0058
8,5729,0.0058
8,9302,0.0058
8,8730,0.0058
8,6638,0.0058
8,6684,0.0058
8,6493,0.0058
8,9775,0.0058
8,7927,0.0058
8,7934,0.0058
8,7880,0.0058
8,9061,0.0058
8,7014,0.0058
8,6242,0.0058
8,5376,0.0058
8,8138,0.0058
8,5162,0.0058
8,9950,0.0058
8,9894,0.0057
8,7176,0.0057
8,8202,0.0057
8,8751,0.0057
8,9377,0.0057
8,6191,0.0057
8,9136,0.0057
8,6230,0.0057
8,9645,0.0057
8,8260,0.0057
8,6298,0.0057
8,7098,0.0057
8,6325,0.0057
8,5920,0.0057
8,9047,0.0057
8,7009,0.0057
8,5610,0.0057
8,9440,0.0057
8,5237,0.0057
8,9926,0.0057
8,8888,0.0057
8,8550,0.0057
8,5637,0.0057
8,6682,0.0057
8,9656,0.0056
8,8613,0.0056
8,9201,0.0056
8,8693,0.0056
8,5351,0.0056
8,5009,0.0056
8,7794,0.0056
8,9398,0.0056
8,6924,0.0056
8,7011,0.0056
8,9005,0.0056
8,6253,0.0056
8,6358,0.0056
8,9335,0.0056
8,9486,0.0056
8,5086,0.0056
8,9219,0.0056
8,7597,0.0056
8,5485,0.0056
8,5934,0.0056
8,7707,0.0056
8,8905,0.0056
8,6281,0.0056
8,6284,0.0056
8,5000,0.0056
8,6102,0.0056
8,6799,0.0056
8,6364,0.0056
8,9721,0.0056
8,9722,0.0056
8,7808,0.0056
8,9850,0.0056
8,8071,0.0056
8,6562,0.0055
8,5067,0.0055
8,7636,0.0055
8,5861,0.0055
8,9403,0.0055
8,5357,0.0055
8,9190,0.0055
8,8873,0.0055
8,7770,0.0055
8,7566,0.0055
8,8572,0.0055
8,7619,0.0055
8,7698,0.0055
8,7807,0.0055
8,8151,0.0055
8,5836,0.0055
8,5421,0.0055
8,5379,0.0055
8,7149,0.0054
8,9817,0.0054
8,6778,0.0054
8,9459,0.0054
8,9313,0.0054
8,5354,0.0054
8,9942,0.0054
8,5993,0.0054
8,5069,0.0054
8,8635,0.0054
8,7512,0.0054
8,9681,0.0054
8,8975,0.0054
8,9711,0.0054
8,9865,0.0054
8,6268,0.0054
8,6857,0.0054
8,6873,0.0054
8,5398,0.0054
8,8265,0.0053
8,7133,0.0053
8,9045,0.0053
8,7835,0.0053
8,9101,0.0053
8,7072,0.0053
8,9173,0.0053
8,5889,0.0053
8,6677,0.0053
8,9351,0.0053
8,5884,0.0053
8,5010,0.0053
8,6591,0.0053
8,5407,0.0053
8,8251,0.0053
8,8282,0.0053
8,8692,0.0053
8,9923,0.0053
8,5441,0.0053
8,6784,0.0053
8,7594,0.0053
8,9513,0.0053
8,8135,0.0053
8,6195,0.0053
8,7013,0.0053
8,7132,0.0053
8,5200,0.0053
8,5958,0.0053
8,6405,0.0053
8,8825,0.0053
8,9349,0.0052
8,7404,0.0052
8,9575,0.0052
8,6572,0.0052
8,5793,0.0052
8,8690,0.0052
8,5423,0.0052
8,6947,0.0052
8,8622,0.0052
8,8705,0.0052
8,7096,0.0052
8,5806,0.0052
8,8149,0.0052
8,7363,0.0052
8,8884,0.0052
8,6969,0.0052
8,8655,0.0052
8,6740,0.0052
8,5977,0.0052
8,5562,0.0052
8,6000,0.0052
8,9342,0.0052
8,6535,0.0052
8,7193,0.0052
8,7446,0.0052
8,8685,0.0051
8,5460,0.0051
8,9498,0.0051
8,9580,0.0051
8,8672,0.0051
8,8913,0.0051
8,5589,0.0051
8,8121,0.0051
8,5427,0.0051
8,9747,0.0051
8,5733,0.0051
8,5155,0.0051
8,8614,0.0051
8,6076,0.0051
8,9749,0.0051
8,5612,0.0051
8,6416,0.0051
8,9434,0.0051
8,8147,0.0051
8,10005,0.0051
8,5670,0.0051
8,5011,0.0051
8,9814,0.0051
8,8287,0.0051
8,6081,0.0051
8,9344,0.0051
8,7217,0.0051
8,7373,0.0051
8,6832,0.0051
8,9953,0.0050
8,5888,0.0050
8,7885,0.0050
8,6096,0.0050
8,5556,0.0050
8,9431,0.0050
8,5548,0.0050
8,8441,0.0050
8,9554,0.0050
8,8285,0.0050
8,9397,0.0050
8,9503,0.0050
8,5855,0.0050
8,5797,0.0050
8,7506,0.0050
8,8181,0.0050
8,8937,0.0050
8,5764,0.0050
8,7520,0.0050
8,7521,0.0050
8,5555,0.0050
8,8317,0.0050
8,9163,0.0050
8,7355,0.0050
8,6466,0.0050
8,7587,0.0050
8,7316,0.0050
8,5432,0.0050
8,7648,0.0050
8,5990,0.0049
8,7639,0.0049
8,9353,0.0049
8,5231,0.0049
8,9376,0.0049
8,7796,0.0049
8,6680,0.0049
8,9271,0.0049
8,6507,0.0049
8,8283,0.0049
8,7973,0.0049
8,5404,0.0049
8,7972,0.0049
8,5518,0.0049
8,8525,0.0049
8,6241,0.0049
8,8205,0.0049
8,7613,0.0049
8,6046,0.0049
8,9043,0.0049
8,5128,0.0048
8,5741,0.0048
8,8296,0.0048
8,9922,0.0048
8,6319,0.0048
8,8498,0.0048
8,7896,0.0048
8,9458,0.0048
8,7379,0.0048
8,9027,0.0048
8,8848,0.0048
8,9607,0.0048
8,8352,0.0048
8,5800,0.0048
8,9231,0.0048
8,6882,0.0048
8,9818,0.0048
8,6530,0.0048
8,9453,0.0048
8,7704,0.0048
8,5956,0.0048
8,9751,0.0048
8,6794,0.0048
8,7525,0.0047
8,5225,0.0047
8,7761,0.0047
8,5839,0.0047
8,6812,0.0047
8,5077,0.0047
8,8208,0.0047
8,5137,0.0047
8,5567,0.0047
8,9552,0.0047
8,8903,0.0047
8,8896,0.0047
8,8765,0.0047
8,9505,0.0047
8,7523,0.0047
8,6568,0.0047
8,8109,0.0047
8,7137,0.0047
8,6498,0.0046
8,5120,0.0046
8,8979,0.0046
8,8024,0.0046
8,7205,0.0046
8,5215,0.0046
8,5500,0.0046
8,5828,0.0046
8,7863,0.0046
8,5648,0.0046
8,9559,0.0046
8,6223,0.0046
8,5557,0.0046
8,6255,0.0046
8,5186,0.0046
8,9716,0.0046
8,8385,0.0046
8,8895,0.0046
8,6270,0.0046
8,5061,0.0045
8,8590,0.0045
8,6917,0.0045
8,5091,0.0045
8,6222,0.0045
8,9182,0.0045
8,9610,0.0045
8,9845,0.0045
8,7801,0.0045
8,7914,0.0045
8,5594,0.0045
8,7798,0.0045
8,7223,0.0045
8,5792,0.0045
8,8488,0.0045
8,5643,0.0045
8,6376,0.0045
8,9148,0.0045
8,7642,0.0045
8,5284,0.0045
8,9299,0.0045
8,9631,0.0045
8,6885,0.0045
8,6694,0.0045
8,9168,0.0045
8,6495,0.0045
8,7912,0.0045
8,6446,0.0045
8,6636,0.0044
8,5842,0.0044
8,8632,0.0044
8,8811,0.0044
8,6635,0.0044
8,9730,0.0044
8,9555,0.0044
8,7535,0.0044
8,8200,0.0044
8,8597,0.0044
8,5873,0.0044
8,10038,0.0044
8,5371,0.0044
8,6986,0.0044
8,7862,0.0044
8,7630,0.0044
8,6829,0.0044
8,8456,0.0044
8,9755,0.0044
8,5188,0.0044
8,6729,0.0044
8,9292,0.0044
8,9915,0.0044
8,5994,0.0044
8,6068,0.0044
8,7610,0.0044
8,9246,0.0043
8,5420,0.0043
8,5817,0.0043
8,9988,0.0043
8,7638,0.0043
8,5553,0.0043
8,9358,0.0043
8,7180,0.0043
8,7466,0.0043
8,8812,0.0043
8,7815,0.0043
8,6379,0.0043
8,9373,0.0043
8,5442,0.0043
8,8158,0.0043
8,6240,0.0043
8,5709,0.0043
8,7976,0.0043
8,6001,0.0043
8,5080,0.0043
8,6997,0.0043
8,6451,0.0042
8,6058,0.0042
8,9235,0.0042
8,5287,0.0042
8,5272,0.0042
8,7382,0.0042
8,6237,0.0042
8,8216,0.0042
8,5795,0.0042
8,8994,0.0042
8,5071,0.0042
8,8768,0.0042
8,9958,0.0042
8,6357,0.0042
8,9399,0.0042
8,9871,0.0042
8,8393,0.0042
8,8406,0.0042
8,5983,0.0042
8,6655,0.0041
8,7629,0.0041
8,5541,0.0041
8,5636,0.0041
8,9717,0.0041
8,9382,0.0041
8,6724,0.0041
8,9000,0.0041
8,7998,0.0041
8,9719,0.0041
8,8924,0.0041
8,9165,0.0041
8,6899,0.0041
8,7463,0.0041
8,6384,0.0041
8,8491,0.0041
8,9928,0.0041
8,5233,0.0041
8,8852,0.0041
8,9114,0.0040
8,6768,0.0040
8,5808,0.0040
8,9135,0.0040
8,6355,0.0040
8,8642,0.0040
8,7331,0.0040
8,7977,0.0040
8,7471,0.0040
8,7979,0.0040
8,5984,0.0040
8,6658,0.0040
8,5370,0.0040
8,7125,0.0040
8,9627,0.0040
8,6526,0.0040
8,7932,0.0040
8,8009,0.0040
8,7480,0.0040
8,5413,0.0039
8,8947,0.0039
8,8030,0.0039
8,6080,0.0039
8,7189,0.0039
8,6865,0.0039
8,9736,0.0039
8,5455,0.0039
8,9132,0.0039
8,8569,0.0039
8,7122,0.0039
8,7425,0.0039
8,8941,0.0039
8,8972,0.0039
8,8711,0.0039
8,5852,0.0039
8,7644,0.0039
8,6115,0.0039
8,7867,0.0039
8,8210,0.0039
8,7209,0.0039
8,9166,0.0039
8,8177,0.0039
8,7756,0.0039
8,6771,0.0039
8,5633,0.0039
8,7522,0.0039
8,6088,0.0039
8,6113,0.0039
8,9752,0.0039
8,10002,0.0039
8,8176,0.0039
8,9500,0.0039
8,8600,0.0038
8,9674,0.0038
8,5622,0.0038
8,9465,0.0038
8,6251,0.0038
8,6371,0.0038
8,6079,0.0038
8,9828,0.0038
8,6683,0.0038
8,9748,0.0038
8,8421,0.0038
8,5503,0.0038
8,7381,0.0038
8,9690,0.0038
8,7344,0.0038
8,6501,0.0038
8,9285,0.0038
8,9661,0.0037
8,6161,0.0037
8,5552,0.0037
8,6333,0.0037
8,9799,0.0037
8,5995,0.0037
8,8429,0.0037
8,5499,0.0037
8,6814,0.0037
8,7534,0.0037
8,7100,0.0037
8,7445,0.0037
8,9131,0.0037
8,8081,0.0037
8,6656,0.0037
8,6087,0.0037
8,8191,0.0037
8,8985,0.0037
8,5979,0.0037
8,5405,0.0037
8,7307,0.0037
8,6340,0.0037
8,6280,0.0037
8,7141,0.0037
8,8548,0.0037
8,5251,0.0037
8,9792,0.0037
8,7000,0.0036
8,5784,0.0036
8,7437,0.0036
8,9561,0.0036
8,7496,0.0036
8,5336,0.0036
8,7591,0.0036
8,9159,0.0036
8,5818,0.0036
8,7286,0.0036
8,8119,0.0036
8,6858,0.0036
8,7624,0.0036
8,8454,0.0036
8,8348,0.0035
8,8849,0.0035
8,6260,0.0035
8,9669,0.0035
8,5434,0.0035
8,8472,0.0035
8,5692,0.0035
8,6257,0.0035
8,5005,0.0035
8,8077,0.0035
8,6861,0.0035
8,9791,0.0035
8,9258,0.0035
8,6801,0.0035
8,6010,0.0035
8,5785,0.0035
8,9325,0.0035
8,6278,0.0035
8,8048,0.0035
8,5021,0.0034
8,9450,0.0034
8,7033,0.0034
8,7753,0.0034
8,7938,0.0034
8,9332,0.0034
8,7904,0.0034
8,5616,0.0034
8,5425,0.0034
8,8691,0.0034
8,8942,0.0034
8,8840,0.0034
8,7030,0.0034
8,8163,0.0034
8,9776,0.0034
8,9720,0.0034
8,8938,0.0034
8,6584,0.0034
8,8197,0.0034
8,9846,0.0034
8,7658,0.0034
8,7774,0.0034
8,9910,0.0034
8,5550,0.0034
8,9520,0.0034
8,7945,0.0034
8,6390,0.0034
8,7201,0.0034
8,7806,0.0034
8,6011,0.0034
8,7274,0.0034
8,8551,0.0034
8,7064,0.0034
8,7002,0.0034
8,9848,0.0033
8,6603,0.0033
8,9844,0.0033
8,6021,0.0033
8,9249,0.0033
8,7767,0.0033
8,8198,0.0033
8,6124,0.0033
8,5286,0.0033
8,8075,0.0033
8,9815,0.0033
8,7544,0.0033
8,9725,0.0033
8,5383,0.0033
8,9123,0.0033
8,6942,0.0033
8,9790,0.0033
8,7326,0.0033
8,10014,0.0033
8,8816,0.0033
8,5040,0.0032
8,9412,0.0032
8,7946,0.0032
8,8110,0.0032
8,6350,0.0032
8,6539,0.0032
8,6846,0.0032
8,9759,0.0032
8,5429,0.0032
8,9999,0.0032
8,6199,0.0032
8,9102,0.0032
8,5891,0.0032
8,7119,0.0032
8,9650,0.0032
8,5603,0.0032
8,8573,0.0032
8,9767,0.0032
8,8922,0.0032
8,6550,0.0032
8,8863,0.0032
8,5991,0.0032
8,8288,0.0031
8,8332,0.0031
8,9964,0.0031
8,6109,0.0031
8,9417,0.0031
8,8721,0.0031
8,9653,0.0031
8,7579,0.0031
8,6690,0.0031
8,6388,0.0031
8,7384,0.0031
8,7563,0.0031
8,6135,0.0031
8,9350,0.0031
8,8906,0.0031
8,7339,0.0031
8,6279,0.0031
8,6721,0.0031
8,7920,0.0031
8,7817,0.0031
8,8970,0.0031
8,7361,0.0030
8,8423,0.0030
8,5353,0.0030
8,6860,0.0030
8,7364,0.0030
8,8682,0.0030
8,9098,0.0030
8,7650,0.0030
8,7618,0.0030
8,6736,0.0030
8,9658,0.0030
8,9237,0.0030
8,8477,0.0030
8,5132,0.0030
8,6055,0.0030
8,8608,0.0030
8,7588,0.0030
8,9256,0.0030
8,8971,0.0030
8,6139,0.0030
8,6220,0.0030
8,6024,0.0029
8,8752,0.0029
8,6239,0.0029
8,8627,0.0029
8,7440,0.0029
8,8168,0.0029
8,7895,0.0029
8,6271,0.0029
8,9522,0.0029
8,6267,0.0029
8,5631,0.0029
8,7778,0.0029
8,7081,0.0029
8,9794,0.0029
8,7797,0.0028
8,6571,0.0028
8,8036,0.0028
8,6482,0.0028
8,8862,0.0028
8,9862,0.0028
8,7423,0.0028
8,7202,0.0028
8,5773,0.0028
8,7095,0.0028
8,5208,0.0028
8,9884,0.0028
8,8461,0.0028
8,9877,0.0028
8,6657,0.0027
8,8783,0.0027
8,8656,0.0027
8,5517,0.0027
8,5978,0.0027
8,8367,0.0027
8,5575,0.0027
8,5218,0.0027
8,9126,0.0027
8,9272,0.0027
8,7422,0.0027
8,7524,0.0027
8,5543,0.0027
8,6788,0.0026
8,8118,0.0026
8,7447,0.0026
8,8839,0.0026
8,6744,0.0026
8,6734,0.0025
8,7444,0.0025
8,5859,0.0025
8,7039,0.0025
8,5908,0.0025
8,8582,0.0025
8,6701,0.0025
8,7203,0.0025
8,5951,0.0025
8,7340,0.0025
8,9239,0.0024
8,7743,0.0024
8,6685,0.0024
8,7470,0.0024
8,5378,0.0024
8,6921,0.0024
8,5189,0.0024
8,7536,0.0024
8,5945,0.0024
8,6702,0.0023
8,8029,0.0023
8,6332,0.0023
8,6923,0.0023
8,5782,0.0023
8,8707,0.0023
8,7994,0.0023
8,5253,0.0023
8,6758,0.0023
8,5520,0.0023
8,8108,0.0023
8,8637,0.0023
8,5789,0.0023
8,6136,0.0022
8,5754,0.0022
8,5024,0.0022
8,7861,0.0022
8,6897,0.0022
8,5326,0.0022
8,8660,0.0022
8,5753,0.0022
8,7020,0.0022
8,6790,0.0022
8,5228,0.0021
8,9355,0.0021
8,8402,0.0021
8,7631,0.0021
8,8904,0.0021
8,5850,0.0020
8,8277,0.0020
8,6540,0.0020
8,6078,0.0020
8,6624,0.0020
8,8928,0.0020
8,9955,0.0020
8,6748,0.0020
8,8462,0.0020
8,9935,0.0019
8,9230,0.0019
8,9196,0.0019
8,6481,0.0019
8,8182,0.0018
8,8069,0.0018
8,9980,0.0018
8,9568,0.0018
8,5410,0.0018
8,7898,0.0018
8,7429,0.0018
8,9073,0.0018
8,8129,0.0018
8,7376,0.0017
8,6224,0.0017
8,9023,0.0017
8,6551,0.0017
8,9914,0.0017
8,5860,0.0017
8,8683,0.0017
8,7026,0.0017
8,6733,0.0017
8,9867,0.0017
8,7006,0.0017
8,7210,0.0017
8,9218,0.0017
8,9737,0.0017
8,6066,0.0017
8,6941,0.0016
8,9703,0.0016
8,9929,0.0016
8,5847,0.0016
8,8152,0.0016
8,8968,0.0016
8,9489,0.0016
8,9930,0.0016
8,7421,0.0015
8,8430,0.0015
8,8333,0.0015
8,8568,0.0015
8,8354,0.0015
8,8998,0.0015
8,8549,0.0015
8,9273,0.0015
8,5285,0.0015
8,8864,0.0015
8,5910,0.0015
8,6785,0.0015
8,9508,0.0015
8,9217,0.0014
8,6673,0.0014
8,5582,0.0014
8,5755,0.0014
8,6538,0.0014
8,6412,0.0014
8,5632,0.0014
8,6502,0.0014
8,7941,0.0014
8,8240,0.0014
8,7116,0.0014
8,9835,0.0014
8,6492,0.0013
8,8054,0.0013
8,7038,0.0013
8,9147,0.0013
8,8661,0.0013
8,5124,0.0013
8,8244,0.0013
8,5846,0.0012
8,9388,0.0012
8,9121,0.0012
8,7728,0.0012
8,8140,0.0012
8,5871,0.0012
8,6097,0.0012
8,5092,0.0012
8,6417,0.0011
8,8426,0.0011
8,7342,0.0011
8,7661,0.0011
8,9516,0.0011
8,5439,0.0011
8,7930,0.0011
8,8659,0.0011
8,6895,0.0011
8,8164,0.0011
8,7111,0.0011
8,9024,0.0011
8,5630,0.0011
8,9250,0.0011
8,6648,0.0011
8,7018,0.0011
8,6221,0.0011
8,8351,0.0011
8,10000,0.0011
8,8981,0.0011
8,6477,0.0011
8,5699,0.0010
8,7935,0.0010
8,5960,0.0010
8,6370,0.0010
8,6374,0.0010
8,9937,0.0010
8,8999,0.0010
8,7889,0.0009
8,6391,0.0009
8,7672,0.0009
8,7312,0.0009
8,7442,0.0008
8,6132,0.0008
8,9409,0.0008
8,8143,0.0008
8,7649,0.0007
8,6152,0.0007
8,8027,0.0007
8,7596,0.0006
8,9864,0.0006
8,10023,0.0005
8,6765,0.0005
8,6666,0.0004
8,8172,0.0004
8,8098,0.0001
8,6776,0.0001
8,9454,0.0001
8,5812,0.0001
8,9138,0.0000
9,7116,0.2344
9,9706,0.2327
9,9941,0.2151
9,9112,0.1816
9,9376,0.1775
9,10023,0.1770
9,6777,0.1702
9,6502,0.1632
9,7348,0.1569
9,6925,0.1507
9,9243,0.1507
9,9388,0.1465
9,7122,0.1443
9,6113,0.1422
9,9752,0.1422
9,9564,0.1357
9,9937,0.1347
9,7767,0.1339
9,9864,0.1338
9,5871,0.1335
9,6097,0.1335
9,5092,0.1335
9,9516,0.1325
9,6417,0.1322
9,8426,0.1322
9,7342,0.1322
9,7661,0.1322
9,5439,0.1322
9,7930,0.1322
9,8659,0.1322
9,6895,0.1309
9,8164,0.1309
9,7111,0.1309
9,9024,0.1309
9,5630,0.1309
9,9250,0.1309
9,6648,0.1296
9,9098,0.1295
9,5562,0.1292
9,9759,0.1291
9,5995,0.1290
9,7119,0.1282
9,7754,0.1278
9,6109,0.1256
9,6801,0.1246
9,5644,0.1209
9,5908,0.1182
9,7018,0.1170
9,7123,0.1151
9,7376,0.1142
9,9450,0.1132
9,6446,0.1130
9,9871,0.1127
9,8461,0.1113
9,5138,0.1078
9,9574,0.1038
9,5218,0.1014
9,9559,0.0981
9,5514,0.0963
9,8971,0.0952
9,9750,0.0946
9,9265,0.0946
9,9391,0.0942
9,9579,0.0936
9,9876,0.0936
9,8457,0.0921
9,8573,0.0919
9,8003,0.0913
9,6105,0.0913
9,8661,0.0913
9,7387,0.0913
9,8759,0.0912
9,9369,0.0910
9,5077,0.0905
9,5793,0.0901
9,6673,0.0898
9,6923,0.0892
9,5524,0.0889
9,7946,0.0885
9,8184,0.0885
9,5378,0.0884
9,9760,0.0866
9,6571,0.0866
9,7941,0.0861
9,9662,0.0859
9,7768,0.0854
9,8489,0.0854
9,6921,0.0836
9,6492,0.0836
9,5888,0.0828
9,8350,0.0825
9,6582,0.0824
9,8082,0.0811
9,5124,0.0798
9,8174,0.0791
9,8172,0.0788
9,7958,0.0776
9,5227,0.0767
9,8973,0.0760
9,8201,0.0754
9,5809,0.0749
9,8548,0.0747
9,8582,0.0732
9,7959,0.0729
9,9104,0.0723
9,5283,0.0722
9,9647,0.0720
9,8089,0.0718
9,5665,0.0717
9,6057,0.0716
9,9666,0.0712
9,9656,0.0709
9,6780,0.0708
9,5675,0.0706
9,8458,0.0705
9,7997,0.0704
9,6128,0.0703
9,9016,0.0702
9,5603,0.0698
9,8581,0.0692
9,8340,0.0689
9,9401,0.0687
9,6149,0.0687
9,6676,0.0680
9,9628,0.0669
9,6694,0.0669
9,8471,0.0668
9,9448,0.0662
9,6814,0.0657
9,8216,0.0654
9,9755,0.0643
9,7433,0.0643
9,8099,0.0643
9,7094,0.0643
9,6794,0.0636
9,5802,0.0635
9,7948,0.0633
9,6948,0.0632
9,8198,0.0625
9,7825,0.0625
9,8576,0.0624
9,6123,0.0622
9,8882,0.0618
9,5616,0.0618
9,7758,0.0614
9,8094,0.0612
9,5801,0.0611
9,8185,0.0602
9,8002,0.0601
9,7359,0.0599
9,8476,0.0592
9,9163,0.0590
9,6467,0.0589
9,5910,0.0587
9,5678,0.0587
9,6804,0.0584
9,8479,0.0583
9,7314,0.0581
9,9412,0.0578
9,6677,0.0573
9,8183,0.0572
9,5000,0.0571
9,7603,0.0569
9,7011,0.0566
9,7026,0.0565
9,7360,0.0562
9,5201,0.0561
9,5658,0.0558
9,6816,0.0557
9,5007,0.0541
9,6378,0.0540
9,7652,0.0538
9,7590,0.0537
9,7015,0.0534
9,6306,0.0530
9,7358,0.0529
9,8682,0.0528
9,8186,0.0526
9,6930,0.0524
9,5900,0.0522
9,5011,0.0522
9,9668,0.0521
9,8493,0.0517
9,5516,0.0515
9,7372,0.0514
9,9150,0.0511
9,8925,0.0509
9,5659,0.0508
9,7136,0.0507
9,7993,0.0506
9,5390,0.0504
9,9765,0.0503
9,6682,0.0496
9,7551,0.0495
9,5999,0.0495
9,9599,0.0491
9,8344,0.0490
9,5346,0.0488
9,8069,0.0485
9,5127,0.0483
9,9007,0.0480
9,8669,0.0480
9,5854,0.0477
9,9435,0.0476
9,5216,0.0475
9,7016,0.0471
9,6121,0.0470
9,7994,0.0467
9,8478,0.0467
9,7810,0.0466
9,8503,0.0466
9,6550,0.0465
9,9561,0.0464
9,7130,0.0463
9,5013,0.0461
9,6496,0.0459
9,6924,0.0455
9,9169,0.0454
9,7895,0.0451
9,9299,0.0449
9,5410,0.0448
9,8515,0.0448
9,9584,0.0446
9,5379,0.0445
9,7381,0.0440
9,9288,0.0439
9,6146,0.0434
9,7826,0.0433
9,9392,0.0427
9,9277,0.0427
9,8390,0.0426
9,5968,0.0425
9,8926,0.0423
9,8514,0.0423
9,7448,0.0422
9,6365,0.0420
9,5866,0.0420
9,9269,0.0420
9,7129,0.0418
9,6102,0.0418
9,8987,0.0417
9,6079,0.0415
9,6680,0.0414
9,6881,0.0413
9,5200,0.0411
9,9567,0.0411
9,8667,0.0406
9,9170,0.0406
9,7648,0.0403
9,7579,0.0403
9,9648,0.0402
9,7066,0.0401
9,7149,0.0401
9,5575,0.0400
9,6012,0.0399
9,5766,0.0397
9,7835,0.0397
9,7218,0.0394
9,8989,0.0394
9,7449,0.0391
9,8402,0.0391
9,6631,0.0389
9,7371,0.0388
9,9204,0.0388
9,9507,0.0388
9,6557,0.0386
9,7069,0.0382
9,7961,0.0381
9,7972,0.0378
9,7742,0.0377
9,8348,0.0372
9,5796,0.0372
9,5643,0.0371
9,6317,0.0371
9,5544,0.0370
9,9957,0.0369
9,6044,0.0368
9,5126,0.0368
9,6548,0.0368
9,8684,0.0367
9,5795,0.0366
9,9108,0.0365
9,6466,0.0365
9,6024,0.0365
9,8341,0.0365
9,5923,0.0364
9,8459,0.0364
9,8670,0.0364
9,8277,0.0363
9,7987,0.0363
9,9459,0.0362
9,6975,0.0359
9,7623,0.0359
9,5828,0.0358
9,9021,0.0357
9,9813,0.0357
9,8468,0.0357
9,8645,0.0356
9,8624,0.0356
9,9589,0.0356
9,9515,0.0355
9,5441,0.0355
9,8831,0.0354
9,9556,0.0353
9,8156,0.0352
9,6075,0.0349
9,5904,0.0348
9,6561,0.0348
9,7604,0.0346
9,7361,0.0345
9,6263,0.0344
9,9088,0.0343
9,6009,0.0343
9,6805,0.0343
9,9670,0.0342
9,8996,0.0341
9,8407,0.0341
9,8979,0.0339
9,9681,0.0339
9,7541,0.0338
9,6570,0.0337
9,7576,0.0336
9,5266,0.0336
9,9072,0.0336
9,9766,0.0336
9,9302,0.0334
9,5571,0.0334
9,7803,0.0332
9,5001,0.0332
9,7514,0.0332
9,8692,0.0331
9,6112,0.0330
9,9268,0.0329
9,9776,0.0328
9,6506,0.0328
9,9398,0.0328
9,9158,0.0327
9,7857,0.0326
9,8323,0.0325
9,6796,0.0325
9,5556,0.0324
9,8769,0.0323
9,8904,0.0323
9,9577,0.0323
9,9282,0.0323
9,8090,0.0322
9,6972,0.0318
9,5565,0.0317
9,9454,0.0317
9,6221,0.0316
9,8697,0.0316
9,6666,0.0315
9,7950,0.0315
9,9777,0.0314
9,7689,0.0314
9,7837,0.0313
9,6785,0.0313
9,8702,0.0313
9,5158,0.0313
9,9596,0.0312
9,7965,0.0310
9,9875,0.0310
9,7966,0.0310
9,8279,0.0310
9,5895,0.0310
9,9702,0.0310
9,7762,0.0308
9,8705,0.0308
9,6707,0.0307
9,5523,0.0307
9,9840,0.0306
9,7610,0.0305
9,8197,0.0305
9,8510,0.0305
9,7598,0.0305
9,6973,0.0304
9,6969,0.0303
9,8361,0.0303
9,7357,0.0303
9,9409,0.0303
9,7354,0.0302
9,7012,0.0302
9,7088,0.0301
9,6117,0.0301
9,7834,0.0300
9,5430,0.0300
9,5080,0.0300
9,7943,0.0299
9,8673,0.0298
9,5642,0.0298
9,7761,0.0298
9,5891,0.0296
9,7052,0.0295
9,8976,0.0294
9,7125,0.0294
9,8701,0.0294
9,8046,0.0293
9,6115,0.0293
9,5765,0.0292
9,7904,0.0292
9,5864,0.0292
9,6781,0.0292
9,9099,0.0292
9,5406,0.0291
9,9152,0.0291
9,8487,0.0290
9,9139,0.0290
9,6513,0.0290
9,6007,0.0289
9,9657,0.0289
9,5497,0.0289
9,5903,0.0289
9,9220,0.0289
9,5003,0.0288
9,5228,0.0288
9,6531,0.0287
9,8588,0.0285
9,6702,0.0285
9,9146,0.0285
9,8206,0.0284
9,8580,0.0284
9,5369,0.0284
9,9565,0.0283
9,7133,0.0283
9,6107,0.0282
9,6709,0.0282
9,8492,0.0281
9,9357,0.0281
9,5165,0.0281
9,5563,0.0280
9,8098,0.0280
9,7370,0.0280
9,7135,0.0279
9,6776,0.0279
9,5134,0.0279
9,8675,0.0279
9,5402,0.0278
9,7373,0.0277
9,7455,0.0277
9,6715,0.0277
9,7170,0.0275
9,6797,0.0275
9,9763,0.0275
9,6395,0.0274
9,6821,0.0274
9,5577,0.0273
9,5787,0.0273
9,5756,0.0273
9,6237,0.0273
9,5803,0.0273
9,5621,0.0273
9,9275,0.0272
9,6499,0.0272
9,6150,0.0271
9,6130,0.0271
9,6136,0.0271
9,9772,0.0271
9,6683,0.0271
9,7842,0.0270
9,5741,0.0270
9,6813,0.0270
9,8199,0.0270
9,5608,0.0269
9,5812,0.0269
9,5517,0.0269
9,5222,0.0269
9,5704,0.0268
9,6854,0.0268
9,7120,0.0267
9,6114,0.0267
9,9519,0.0266
9,5785,0.0266
9,9405,0.0266
9,6220,0.0266
9,6313,0.0265
9,9603,0.0265
9,6080,0.0264
9,8084,0.0264
9,7087,0.0263
9,8704,0.0263
9,7690,0.0263
9,8388,0.0262
9,5885,0.0262
9,9298,0.0262
9,6440,0.0262
9,8349,0.0262
9,5350,0.0261
9,9272,0.0261
9,6863,0.0260
9,6953,0.0259
9,6005,0.0259
9,6026,0.0258
9,7450,0.0258
9,5572,0.0258
9,9856,0.0258
9,9761,0.0258
9,8881,0.0258
9,9278,0.0257
9,9794,0.0256
9,8679,0.0256
9,7105,0.0256
9,9167,0.0255
9,5909,0.0255
9,5512,0.0255
9,9359,0.0253
9,8379,0.0253
9,8494,0.0252
9,7153,0.0252
9,5031,0.0252
9,9758,0.0251
9,5582,0.0251
9,5996,0.0251
9,8104,0.0250
9,5510,0.0250
9,9797,0.0250
9,8498,0.0250
9,9074,0.0250
9,7606,0.0249
9,8873,0.0249
9,8188,0.0249
9,5911,0.0248
9,9384,0.0247
9,7687,0.0246
9,6318,0.0246
9,6383,0.0246
9,7947,0.0246
9,9251,0.0246
9,8347,0.0245
9,8244,0.0245
9,6339,0.0245
9,6853,0.0245
9,6330,0.0245
9,9463,0.0244
9,6940,0.0244
9,6021,0.0244
9,9382,0.0243
9,7106,0.0243
9,9786,0.0243
9,6423,0.0241
9,8577,0.0241
9,7753,0.0241
9,7963,0.0241
9,9663,0.0240
9,7134,0.0240
9,5415,0.0240
9,7121,0.0239
9,6576,0.0239
9,7453,0.0239
9,9312,0.0239
9,7019,0.0239
9,9383,0.0238
9,5931,0.0238
9,8683,0.0237
9,9499,0.0236
9,9929,0.0236
9,9715,0.0236
9,8425,0.0236
9,5192,0.0235
9,5129,0.0235
9,5505,0.0235
9,5370,0.0235
9,7384,0.0234
9,6337,0.0234
9,9358,0.0234
9,9421,0.0233
9,8604,0.0233
9,6329,0.0233
9,7833,0.0231
9,8500,0.0231
9,7672,0.0231
9,7396,0.0231
9,9643,0.0230
9,8842,0.0230
9,5529,0.0230
9,6314,0.0229
9,5581,0.0229
9,6802,0.0228
9,8267,0.0228
9,5994,0.0227
9,6809,0.0227
9,6131,0.0227
9,9114,0.0227
9,8957,0.0227
9,8221,0.0227
9,9396,0.0226
9,7032,0.0226
9,5111,0.0225
9,6563,0.0225
9,9764,0.0225
9,7969,0.0224
9,7441,0.0224
9,9635,0.0224
9,5700,0.0224
9,9757,0.0223
9,8093,0.0223
9,9949,0.0223
9,9404,0.0223
9,6120,0.0222
9,8346,0.0222
9,5490,0.0222
9,5914,0.0222
9,5169,0.0221
9,6559,0.0220
9,6822,0.0220
9,7645,0.0220
9,7686,0.0220
9,7830,0.0219
9,5792,0.0219
9,7084,0.0219
9,7444,0.0219
9,5383,0.0219
9,5894,0.0218
9,7281,0.0218
9,6578,0.0217
9,5899,0.0217
9,7024,0.0217
9,6941,0.0217
9,9594,0.0217
9,6812,0.0217
9,8876,0.0217
9,6713,0.0216
9,7027,0.0216
9,6873,0.0216
9,5492,0.0216
9,8308,0.0216
9,8473,0.0216
9,8422,0.0215
9,6363,0.0215
9,7467,0.0215
9,9617,0.0215
9,8320,0.0214
9,5612,0.0214
9,6686,0.0214
9,9432,0.0214
9,7639,0.0213
9,5334,0.0213
9,8170,0.0212
9,7382,0.0212
9,6238,0.0211
9,5220,0.0211
9,7986,0.0211
9,8305,0.0210
9,8985,0.0209
9,6647,0.0209
9,8884,0.0207
9,7937,0.0207
9,8543,0.0207
9,9362,0.0206
9,8857,0.0205
9,6410,0.0205
9,9922,0.0205
9,5141,0.0204
9,5733,0.0204
9,8178,0.0204
9,9066,0.0204
9,5660,0.0204
9,8519,0.0204
9,8575,0.0204
9,5617,0.0203
9,7745,0.0203
9,8307,0.0203
9,6644,0.0202
9,6072,0.0202
9,9791,0.0202
9,6549,0.0202
9,8467,0.0202
9,9423,0.0202
9,5081,0.0201
9,9506,0.0201
9,7533,0.0201
9,9511,0.0200
9,5014,0.0200
9,8272,0.0199
9,9801,0.0199
9,6116,0.0199
9,6248,0.0199
9,5859,0.0199
9,8294,0.0198
9,5545,0.0198
9,5576,0.0198
9,9718,0.0198
9,7378,0.0197
9,5651,0.0197
9,6720,0.0197
9,5986,0.0197
9,7605,0.0196
9,8583,0.0196
9,9117,0.0196
9,9961,0.0195
9,6779,0.0195
9,5069,0.0195
9,9975,0.0195
9,7524,0.0195
9,7471,0.0195
9,8245,0.0194
9,9291,0.0194
9,9631,0.0194
9,8689,0.0194
9,5530,0.0193
9,5645,0.0193
9,7058,0.0193
9,9947,0.0193
9,5602,0.0193
9,7310,0.0193
9,7353,0.0192
9,5647,0.0192
9,6312,0.0192
9,9107,0.0192
9,5567,0.0192
9,7729,0.0191
9,7415,0.0191
9,7558,0.0191
9,6883,0.0191
9,7728,0.0191
9,9633,0.0190
9,7848,0.0190
9,5190,0.0190
9,6019,0.0189
9,9566,0.0189
9,8446,0.0189
9,8193,0.0189
9,8290,0.0189
9,8693,0.0189
9,9232,0.0189
9,9377,0.0188
9,5009,0.0188
9,5906,0.0187
9,7740,0.0187
9,9156,0.0187
9,6142,0.0187
9,6377,0.0187
9,8475,0.0186
9,8847,0.0186
9,9073,0.0186
9,10009,0.0185
9,6479,0.0185
9,9568,0.0185
9,8806,0.0184
9,8969,0.0184
9,6010,0.0184
9,9154,0.0184
9,5503,0.0184
9,6084,0.0184
9,5464,0.0184
9,8138,0.0183
9,7805,0.0183
9,7770,0.0183
9,5153,0.0182
9,6147,0.0182
9,6935,0.0182
9,6915,0.0182
9,9325,0.0182
9,6985,0.0182
9,6602,0.0181
9,7836,0.0181
9,6215,0.0181
9,7216,0.0181
9,5560,0.0180
9,5315,0.0180
9,9804,0.0180
9,7975,0.0180
9,7967,0.0179
9,7600,0.0179
9,10003,0.0179
9,8181,0.0178
9,8354,0.0178
9,6099,0.0178
9,7764,0.0178
9,6156,0.0178
9,7197,0.0177
9,9563,0.0177
9,5320,0.0177
9,9782,0.0177
9,9771,0.0177
9,9944,0.0177
9,8086,0.0177
9,7363,0.0176
9,9798,0.0176
9,6783,0.0176
9,7995,0.0176
9,5693,0.0176
9,8260,0.0175
9,7960,0.0175
9,9386,0.0175
9,6124,0.0175
9,7885,0.0174
9,7704,0.0174
9,7485,0.0174
9,9680,0.0174
9,6269,0.0174
9,8674,0.0173
9,6521,0.0173
9,6712,0.0173
9,7364,0.0172
9,6963,0.0172
9,6490,0.0171
9,7706,0.0171
9,7928,0.0171
9,8297,0.0171
9,6300,0.0171
9,6592,0.0171
9,7436,0.0171
9,7847,0.0171
9,5993,0.0171
9,6936,0.0170
9,7849,0.0170
9,6167,0.0170
9,8326,0.0170
9,8798,0.0169
9,9609,0.0169
9,9749,0.0168
9,9675,0.0168
9,5639,0.0168
9,5811,0.0168
9,5564,0.0168
9,5309,0.0168
9,8415,0.0167
9,7401,0.0167
9,6507,0.0166
9,6380,0.0165
9,6800,0.0165
9,8092,0.0165
9,9787,0.0165
9,8794,0.0165
9,8680,0.0164
9,6642,0.0164
9,8339,0.0164
9,9768,0.0164
9,9581,0.0164
9,5288,0.0163
9,8281,0.0163
9,7923,0.0163
9,9472,0.0163
9,7379,0.0163
9,8343,0.0163
9,8103,0.0163
9,8546,0.0163
9,8982,0.0163
9,6295,0.0163
9,6738,0.0162
9,8940,0.0162
9,9328,0.0162
9,9921,0.0162
9,7491,0.0162
9,9213,0.0162
9,5067,0.0162
9,7781,0.0162
9,8586,0.0162
9,8274,0.0161
9,5890,0.0161
9,7408,0.0161
9,7968,0.0161
9,9665,0.0161
9,5784,0.0160
9,9716,0.0160
9,6002,0.0160
9,6233,0.0160
9,8480,0.0160
9,9968,0.0160
9,5313,0.0160
9,7769,0.0160
9,5010,0.0159
9,9940,0.0159
9,5684,0.0159
9,6681,0.0159
9,5166,0.0159
9,8242,0.0159
9,7585,0.0159
9,7428,0.0159
9,7392,0.0159
9,7841,0.0159
9,7613,0.0159
9,5528,0.0158
9,8584,0.0158
9,9673,0.0158
9,6125,0.0158
9,9271,0.0158
9,7323,0.0157
9,6429,0.0157
9,8578,0.0157
9,9982,0.0157
9,8709,0.0157
9,5423,0.0156
9,9546,0.0156
9,6877,0.0156
9,6926,0.0156
9,7855,0.0156
9,9630,0.0156
9,8719,0.0156
9,8232,0.0155
9,8801,0.0155
9,7924,0.0155
9,9144,0.0154
9,9853,0.0154
9,6478,0.0154
9,6332,0.0154
9,8813,0.0154
9,9145,0.0154
9,8316,0.0153
9,9587,0.0153
9,9844,0.0153
9,9105,0.0153
9,8490,0.0153
9,5742,0.0153
9,8603,0.0153
9,9814,0.0153
9,8922,0.0152
9,8800,0.0152
9,8353,0.0152
9,6101,0.0152
9,9019,0.0151
9,5073,0.0151
9,6404,0.0151
9,6795,0.0151
9,6504,0.0151
9,5573,0.0151
9,7368,0.0151
9,6455,0.0150
9,6004,0.0150
9,7065,0.0149
9,9471,0.0149
9,7331,0.0149
9,8880,0.0149
9,6950,0.0149
9,8012,0.0148
9,7107,0.0148
9,9976,0.0148
9,9285,0.0148
9,10019,0.0148
9,8010,0.0147
9,8455,0.0147
9,6793,0.0147
9,9346,0.0147
9,8696,0.0147
9,9873,0.0147
9,8463,0.0147
9,5788,0.0146
9,7779,0.0146
9,8685,0.0146
9,9226,0.0146
9,5620,0.0146
9,6641,0.0145
9,9155,0.0145
9,8126,0.0145
9,7881,0.0145
9,9689,0.0145
9,8830,0.0145
9,7060,0.0145
9,5921,0.0145
9,6757,0.0144
9,7919,0.0144
9,8051,0.0144
9,7086,0.0144
9,9658,0.0144
9,7916,0.0144
9,9779,0.0144
9,5224,0.0144
9,8088,0.0143
9,9525,0.0143
9,5767,0.0143
9,9616,0.0143
9,8000,0.0143
9,7374,0.0142
9,5656,0.0142
9,8233,0.0142
9,5759,0.0142
9,7671,0.0142
9,5106,0.0142
9,6299,0.0141
9,5327,0.0141
9,5708,0.0141
9,7407,0.0141
9,9020,0.0141
9,9867,0.0141
9,9983,0.0141
9,8331,0.0141
9,7090,0.0141
9,6749,0.0141
9,6216,0.0140
9,5509,0.0140
9,7859,0.0140
9,5805,0.0140
9,7688,0.0139
9,8359,0.0139
9,7145,0.0139
9,7118,0.0139
9,7035,0.0139
9,6601,0.0139
9,9762,0.0139
9,6699,0.0139
9,7014,0.0139
9,5585,0.0139
9,6568,0.0139
9,9165,0.0138
9,7812,0.0138
9,7332,0.0138
9,8212,0.0138
9,8710,0.0138
9,6646,0.0137
9,6558,0.0137
9,5322,0.0137
9,9294,0.0137
9,6688,0.0137
9,8319,0.0137
9,6958,0.0136
9,9270,0.0136
9,7563,0.0136
9,8096,0.0136
9,9397,0.0135
9,5221,0.0135
9,9558,0.0135
9,5749,0.0135
9,7157,0.0135
9,9775,0.0135
9,8222,0.0135
9,9171,0.0135
9,8686,0.0135
9,5719,0.0134
9,7944,0.0134
9,6151,0.0134
9,5638,0.0134
9,6690,0.0134
9,7451,0.0134
9,8484,0.0134
9,5690,0.0134
9,5761,0.0133
9,9390,0.0133
9,8760,0.0133
9,9287,0.0133
9,9092,0.0133
9,6476,0.0133
9,8870,0.0132
9,8506,0.0132
9,6180,0.0132
9,7137,0.0132
9,5591,0.0132
9,7853,0.0131
9,7452,0.0131
9,8538,0.0131
9,9279,0.0131
9,5740,0.0131
9,5566,0.0131
9,8483,0.0130
9,9734,0.0130
9,5561,0.0130
9,5884,0.0130
9,8218,0.0130
9,7199,0.0130
9,9627,0.0130
9,6119,0.0130
9,5896,0.0130
9,7741,0.0130
9,8558,0.0130
9,8799,0.0129
9,5799,0.0129
9,8939,0.0129
9,5538,0.0129
9,7653,0.0129
9,8554,0.0129
9,9783,0.0129
9,6497,0.0129
9,7791,0.0129
9,9043,0.0129
9,9877,0.0128
9,5117,0.0128
9,9411,0.0128
9,5702,0.0128
9,9081,0.0128
9,9852,0.0128
9,8859,0.0128
9,6305,0.0128
9,8877,0.0128
9,6922,0.0128
9,7736,0.0128
9,8652,0.0127
9,6542,0.0127
9,6213,0.0127
9,9077,0.0127
9,8409,0.0127
9,7324,0.0127
9,6957,0.0127
9,9119,0.0127
9,6474,0.0127
9,7215,0.0127
9,9039,0.0127
9,8569,0.0127
9,7962,0.0127
9,8962,0.0127
9,7575,0.0127
9,6927,0.0127
9,9082,0.0126
9,7952,0.0126
9,6138,0.0126
9,5363,0.0126
9,7964,0.0126
9,7021,0.0126
9,9945,0.0126
9,8613,0.0126
9,6100,0.0126
9,6679,0.0125
9,9733,0.0125
9,7078,0.0125
9,7970,0.0125
9,8664,0.0125
9,7832,0.0125
9,5715,0.0125
9,8611,0.0125
9,9089,0.0125
9,8599,0.0125
9,9742,0.0124
9,5188,0.0124
9,8209,0.0124
9,9713,0.0124
9,7036,0.0124
9,8194,0.0124
9,7009,0.0124
9,8672,0.0124
9,5679,0.0124
9,6239,0.0123
9,8097,0.0123
9,6140,0.0123
9,5735,0.0123
9,5696,0.0123
9,8085,0.0123
9,6691,0.0123
9,7748,0.0123
9,6678,0.0123
9,7131,0.0123
9,7755,0.0122
9,8707,0.0122
9,9667,0.0122
9,6210,0.0122
9,6929,0.0122
9,8384,0.0122
9,6212,0.0122
9,5932,0.0121
9,9532,0.0121
9,5769,0.0121
9,5648,0.0121
9,8545,0.0121
9,8879,0.0121
9,7144,0.0121
9,7945,0.0120
9,5066,0.0120
9,8275,0.0120
9,5916,0.0120
9,8891,0.0120
9,8081,0.0120
9,8469,0.0120
9,5310,0.0120
9,6118,0.0120
9,8965,0.0120
9,6459,0.0120
9,5323,0.0120
9,8243,0.0120
9,9203,0.0120
9,6491,0.0120
9,5101,0.0119
9,7957,0.0119
9,7572,0.0119
9,5351,0.0119
9,7001,0.0119
9,9148,0.0119
9,8329,0.0119
9,8337,0.0119
9,9164,0.0119
9,6030,0.0119
9,8462,0.0119
9,7114,0.0119
9,8660,0.0119
9,9554,0.0119
9,8695,0.0118
9,7599,0.0118
9,6302,0.0118
9,8205,0.0118
9,7824,0.0118
9,6700,0.0117
9,6527,0.0117
9,9123,0.0117
9,6076,0.0117
9,6838,0.0117
9,5901,0.0117
9,6104,0.0117
9,10039,0.0117
9,7905,0.0117
9,5123,0.0117
9,8956,0.0116
9,9952,0.0116
9,8287,0.0116
9,5498,0.0116
9,8983,0.0116
9,7709,0.0116
9,8485,0.0116
9,6879,0.0116
9,8079,0.0116
9,7128,0.0116
9,6493,0.0116
9,8930,0.0116
9,9308,0.0116
9,5120,0.0116
9,7093,0.0116
9,5290,0.0116
9,8135,0.0115
9,9972,0.0115
9,7412,0.0115
9,5130,0.0115
9,9958,0.0115
9,5930,0.0115
9,8528,0.0115
9,5738,0.0115
9,7977,0.0115
9,9769,0.0115
9,5797,0.0114
9,5898,0.0114
9,8200,0.0114
9,6806,0.0114
9,5929,0.0114
9,7334,0.0114
9,9351,0.0114
9,9179,0.0114
9,7138,0.0114
9,5340,0.0114
9,7675,0.0113
9,5570,0.0113
9,9363,0.0113
9,8741,0.0113
9,6876,0.0113
9,9572,0.0113
9,7527,0.0113
9,7529,0.0113
9,6718,0.0112
9,7470,0.0112
9,7955,0.0112
9,7771,0.0111
9,6807,0.0111
9,9778,0.0111
9,5919,0.0111
9,9824,0.0111
9,7031,0.0111
9,5814,0.0110
9,8890,0.0110
9,6325,0.0110
9,6862,0.0110
9,5728,0.0110
9,8352,0.0110
9,6698,0.0110
9,8547,0.0110
9,7775,0.0110
9,5518,0.0110
9,8690,0.0110
9,8724,0.0109
9,5274,0.0109
9,6108,0.0109
9,7780,0.0109
9,6368,0.0109
9,9747,0.0109
9,6385,0.0109
9,6670,0.0109
9,6460,0.0109
9,6543,0.0108
9,6444,0.0108
9,8273,0.0108
9,8301,0.0108
9,9400,0.0108
9,7539,0.0108
9,6566,0.0108
9,7366,0.0108
9,6259,0.0108
9,8377,0.0108
9,5521,0.0107
9,9977,0.0107
9,7851,0.0107
9,9655,0.0107
9,6959,0.0107
9,8767,0.0107
9,7940,0.0107
9,5019,0.0106
9,5806,0.0106
9,5593,0.0106
9,6265,0.0106
9,7773,0.0106
9,8418,0.0106
9,9128,0.0106
9,7010,0.0106
9,7616,0.0106
9,5507,0.0105
9,6235,0.0105
9,6786,0.0105
9,7984,0.0105
9,7820,0.0105
9,6043,0.0105
9,9399,0.0105
9,5520,0.0105
9,5501,0.0105
9,9394,0.0104
9,6787,0.0104
9,6753,0.0104
9,5121,0.0104
9,9653,0.0104
9,5072,0.0104
9,6000,0.0104
9,6906,0.0104
9,6211,0.0104
9,8309,0.0104
9,5526,0.0104
9,5307,0.0104
9,8196,0.0103
9,5063,0.0103
9,6695,0.0103
9,7008,0.0103
9,5432,0.0103
9,8625,0.0103
9,7077,0.0103
9,6947,0.0103
9,5428,0.0102
9,5400,0.0102
9,9293,0.0102
9,6517,0.0102
9,5186,0.0102
9,7669,0.0102
9,5817,0.0102
9,6798,0.0102
9,9943,0.0102
9,6560,0.0102
9,6639,0.0102
9,9327,0.0102
9,9638,0.0101
9,8151,0.0101
9,7580,0.0101
9,8592,0.0101
9,9580,0.0101
9,8464,0.0101
9,7051,0.0101
9,9934,0.0101
9,9295,0.0101
9,5297,0.0101
9,5798,0.0101
9,6001,0.0101
9,9052,0.0100
9,8907,0.0100
9,5606,0.0100
9,9229,0.0100
9,8765,0.0100
9,8072,0.0100
9,8431,0.0100
9,8191,0.0099
9,6181,0.0099
9,6249,0.0099
9,6134,0.0099
9,7402,0.0099
9,7980,0.0099
9,9807,0.0099
9,5928,0.0099
9,6913,0.0099
9,9767,0.0099
9,6200,0.0098
9,6536,0.0098
9,6006,0.0098
9,7395,0.0098
9,5431,0.0098
9,8792,0.0098
9,6894,0.0098
9,7976,0.0098
9,6310,0.0098
9,9549,0.0098
9,7589,0.0098
9,6289,0.0097
9,5886,0.0097
9,5661,0.0097
9,7511,0.0097
9,6886,0.0097
9,8236,0.0097
9,9505,0.0097
9,7229,0.0097
9,8095,0.0097
9,7085,0.0097
9,9136,0.0097
9,8885,0.0097
9,7179,0.0096
9,5367,0.0096
9,5671,0.0096
9,8994,0.0096
9,6693,0.0096
9,7141,0.0096
9,6672,0.0096
9,5698,0.0096
9,8621,0.0096
9,6606,0.0095
9,5553,0.0095
9,6918,0.0095
9,7730,0.0095
9,7738,0.0095
9,8210,0.0095
9,9166,0.0095
9,6944,0.0095
9,6872,0.0095
9,6799,0.0095
9,6381,0.0095
9,6954,0.0095
9,7811,0.0095
9,7854,0.0095
9,8276,0.0095
9,6778,0.0095
9,7070,0.0094
9,8975,0.0094
9,6106,0.0094
9,7760,0.0094
9,9678,0.0094
9,7766,0.0094
9,5907,0.0094
9,7280,0.0094
9,5913,0.0094
9,9361,0.0094
9,7838,0.0094
9,6751,0.0094
9,8083,0.0094
9,5095,0.0094
9,7460,0.0093
9,9065,0.0093
9,9954,0.0093
9,7759,0.0093
9,5559,0.0093
9,5211,0.0093
9,8688,0.0093
9,7891,0.0093
9,5234,0.0093
9,9602,0.0093
9,5338,0.0092
9,7140,0.0092
9,8330,0.0092
9,9231,0.0092
9,6430,0.0092
9,9442,0.0092
9,7102,0.0092
9,7907,0.0092
9,5489,0.0092
9,6132,0.0092
9,9969,0.0092
9,5668,0.0092
9,5710,0.0092
9,9028,0.0092
9,5657,0.0092
9,5020,0.0091
9,8552,0.0091
9,9149,0.0091
9,7829,0.0091
9,8585,0.0091
9,6649,0.0091
9,8363,0.0091
9,7828,0.0091
9,8437,0.0091
9,9632,0.0091
9,7132,0.0090
9,8938,0.0090
9,6347,0.0090
9,6884,0.0090
9,7540,0.0090
9,9076,0.0090
9,5456,0.0090
9,5394,0.0090
9,6448,0.0090
9,9153,0.0089
9,5670,0.0089
9,7801,0.0089
9,7117,0.0089
9,8571,0.0089
9,5673,0.0089
9,7148,0.0089
9,9241,0.0089
9,8986,0.0089
9,5807,0.0089
9,8351,0.0088
9,5745,0.0088
9,8666,0.0088
9,5375,0.0088
9,9821,0.0088
9,8345,0.0088
9,8202,0.0088
9,6840,0.0088
9,8338,0.0088
9,7971,0.0088
9,8477,0.0088
9,7782,0.0088
9,6617,0.0088
9,8663,0.0088
9,8678,0.0087
9,7288,0.0087
9,9544,0.0087
9,6599,0.0087
9,8505,0.0087
9,9661,0.0087
9,9570,0.0087
9,5711,0.0087
9,5125,0.0087
9,8238,0.0087
9,5099,0.0086
9,5382,0.0086
9,8322,0.0086
9,5167,0.0086
9,5743,0.0086
9,6217,0.0086
9,9576,0.0086
9,7843,0.0086
9,7530,0.0086
9,9745,0.0086
9,6871,0.0086
9,9654,0.0086
9,7593,0.0086
9,6301,0.0085
9,8258,0.0085
9,6574,0.0085
9,5662,0.0085
9,8481,0.0085
9,8728,0.0085
9,7953,0.0085
9,5826,0.0085
9,6996,0.0085
9,9502,0.0085
9,9754,0.0085
9,6258,0.0085
9,8605,0.0085
9,5168,0.0084
9,8134,0.0084
9,6165,0.0084
9,9774,0.0084
9,9395,0.0084
9,8080,0.0084
9,5374,0.0084
9,5115,0.0084
9,8173,0.0083
9,8440,0.0083
9,8378,0.0083
9,7200,0.0083
9,5650,0.0083
9,6129,0.0083
9,5519,0.0083
9,7673,0.0083
9,7316,0.0083
9,7230,0.0083
9,8280,0.0083
9,5235,0.0083
9,6525,0.0083
9,9904,0.0083
9,6556,0.0083
9,7017,0.0082
9,8336,0.0082
9,8159,0.0082
9,6868,0.0082
9,8676,0.0082
9,8105,0.0082
9,5534,0.0082
9,8875,0.0082
9,9756,0.0082
9,7488,0.0082
9,9140,0.0082
9,8729,0.0082
9,5114,0.0082
9,6685,0.0082
9,8124,0.0082
9,7002,0.0082
9,5112,0.0082
9,5637,0.0082
9,5804,0.0082
9,6638,0.0082
9,6920,0.0081
9,6905,0.0081
9,7143,0.0081
9,9789,0.0081
9,8021,0.0081
9,6902,0.0081
9,8203,0.0081
9,7816,0.0081
9,7549,0.0081
9,7163,0.0080
9,9634,0.0080
9,8208,0.0080
9,7644,0.0080
9,8797,0.0080
9,8364,0.0080
9,7654,0.0080
9,5825,0.0080
9,6567,0.0080
9,5172,0.0080
9,7482,0.0080
9,9672,0.0080
9,5246,0.0080
9,9161,0.0080
9,9498,0.0080
9,9614,0.0080
9,9289,0.0080
9,8681,0.0080
9,5174,0.0080
9,7457,0.0080
9,7705,0.0079
9,6144,0.0079
9,8286,0.0079
9,5093,0.0079
9,9557,0.0079
9,9526,0.0079
9,6028,0.0079
9,8628,0.0079
9,7156,0.0079
9,9050,0.0079
9,6294,0.0079
9,6967,0.0079
9,8482,0.0079
9,7737,0.0079
9,6704,0.0079
9,8533,0.0078
9,9456,0.0078
9,5763,0.0078
9,8834,0.0078
9,6711,0.0078
9,8355,0.0078
9,5485,0.0078
9,9531,0.0078
9,8512,0.0078
9,6071,0.0078
9,7951,0.0078
9,8225,0.0078
9,8327,0.0078
9,7532,0.0078
9,7369,0.0078
9,6468,0.0078
9,9966,0.0078
9,9953,0.0078
9,8013,0.0078
9,6661,0.0078
9,9323,0.0077
9,6774,0.0077
9,5139,0.0077
9,5625,0.0077
9,9326,0.0077
9,6328,0.0077
9,9950,0.0077
9,8970,0.0077
9,7221,0.0077
9,9560,0.0077
9,6031,0.0077
9,5087,0.0076
9,9942,0.0076
9,9027,0.0076
9,9585,0.0076
9,5989,0.0076
9,6970,0.0076
9,9874,0.0076
9,8544,0.0076
9,10033,0.0076
9,7175,0.0076
9,9101,0.0076
9,7939,0.0076
9,8570,0.0076
9,7082,0.0076
9,7160,0.0076
9,5145,0.0075
9,9324,0.0075
9,9133,0.0075
9,9719,0.0075
9,6949,0.0075
9,5816,0.0075
9,7664,0.0075
9,8732,0.0075
9,5666,0.0075
9,6671,0.0075
9,7696,0.0075
9,5193,0.0075
9,10017,0.0075
9,10026,0.0075
9,9808,0.0075
9,8518,0.0075
9,9623,0.0075
9,7161,0.0074
9,8270,0.0074
9,6126,0.0074
9,5697,0.0074
9,9110,0.0074
9,6870,0.0074
9,9284,0.0074
9,8774,0.0074
9,8694,0.0074
9,9191,0.0074
9,10020,0.0074
9,9056,0.0074
9,6976,0.0073
9,5038,0.0073
9,8945,0.0073
9,7394,0.0073
9,5316,0.0073
9,8246,0.0073
9,8841,0.0073
9,6133,0.0073
9,6029,0.0073
9,6775,0.0073
9,7831,0.0073
9,8223,0.0073
9,9547,0.0073
9,6857,0.0073
9,5341,0.0073
9,8045,0.0073
9,9866,0.0073
9,8911,0.0073
9,7789,0.0073
9,5813,0.0072
9,8966,0.0072
9,9281,0.0072
9,9049,0.0072
9,7168,0.0072
9,5333,0.0072
9,6008,0.0072
9,5748,0.0072
9,5739,0.0072
9,6282,0.0072
9,6917,0.0072
9,7187,0.0072
9,8700,0.0072
9,6498,0.0072
9,7279,0.0072
9,8177,0.0072
9,5493,0.0072
9,9642,0.0072
9,7053,0.0072
9,6032,0.0072
9,7152,0.0071
9,5815,0.0071
9,5325,0.0071
9,9100,0.0071
9,8073,0.0071
9,7173,0.0071
9,9176,0.0071
9,9962,0.0071
9,6453,0.0071
9,8488,0.0071
9,7537,0.0071
9,5475,0.0071
9,9836,0.0070
9,7531,0.0070
9,6242,0.0070
9,8951,0.0070
9,5892,0.0070
9,5683,0.0070
9,8435,0.0070
9,6938,0.0070
9,7787,0.0070
9,8977,0.0070
9,7691,0.0070
9,8474,0.0070
9,5902,0.0070
9,6419,0.0069
9,7564,0.0069
9,8723,0.0069
9,7538,0.0069
9,10008,0.0069
9,8850,0.0069
9,8562,0.0069
9,7574,0.0069
9,7788,0.0069
9,5047,0.0069
9,5239,0.0069
9,5008,0.0069
9,5156,0.0069
9,5223,0.0069
9,6687,0.0069
9,5646,0.0069
9,8472,0.0069
9,8943,0.0069
9,6907,0.0068
9,7702,0.0068
9,9523,0.0068
9,8059,0.0068
9,8306,0.0068
9,5376,0.0068
9,9714,0.0068
9,8438,0.0068
9,5044,0.0068
9,7917,0.0068
9,6449,0.0068
9,5727,0.0068
9,7752,0.0068
9,5312,0.0068
9,6503,0.0068
9,7674,0.0068
9,9902,0.0068
9,8445,0.0068
9,7367,0.0068
9,7676,0.0068
9,8963,0.0068
9,9375,0.0068
9,7840,0.0068
9,5732,0.0068
9,7479,0.0068
9,6904,0.0067
9,6494,0.0067
9,8883,0.0067
9,7929,0.0067
9,8972,0.0067
9,8259,0.0067
9,6934,0.0067
9,9267,0.0067
9,8691,0.0067
9,5366,0.0067
9,8313,0.0067
9,5100,0.0067
9,5535,0.0067
9,9206,0.0067
9,6158,0.0067
9,6077,0.0067
9,6319,0.0067
9,7749,0.0067
9,9080,0.0067
9,8251,0.0066
9,6675,0.0066
9,5950,0.0066
9,6505,0.0066
9,8387,0.0066
9,9805,0.0066
9,6111,0.0066
9,8254,0.0066
9,8559,0.0066
9,9955,0.0066
9,9439,0.0066
9,8106,0.0065
9,9803,0.0065
9,7177,0.0065
9,8001,0.0065
9,8314,0.0065
9,5240,0.0065
9,6441,0.0065
9,8551,0.0065
9,5641,0.0065
9,6910,0.0065
9,5905,0.0065
9,9652,0.0065
9,10025,0.0065
9,9389,0.0065
9,7377,0.0065
9,6662,0.0065
9,5601,0.0065
9,5332,0.0065
9,6820,0.0065
9,5381,0.0065
9,6085,0.0065
9,8189,0.0065
9,8136,0.0064
9,9187,0.0064
9,5937,0.0064
9,7614,0.0064
9,7746,0.0064
9,9252,0.0064
9,7879,0.0064
9,5435,0.0064
9,6518,0.0064
9,7290,0.0064
9,9263,0.0064
9,5687,0.0064
9,6327,0.0064
9,7622,0.0063
9,8312,0.0063
9,7390,0.0063
9,6127,0.0063
9,9739,0.0063
9,7938,0.0063
9,6297,0.0063
9,5102,0.0063
9,5764,0.0063
9,5936,0.0063
9,9264,0.0063
9,9245,0.0063
9,5074,0.0063
9,6622,0.0063
9,5110,0.0063
9,6937,0.0062
9,7146,0.0062
9,8195,0.0062
9,9573,0.0062
9,5373,0.0062
9,6089,0.0062
9,6209,0.0062
9,5282,0.0062
9,8508,0.0062
9,9337,0.0062
9,9103,0.0062
9,8537,0.0061
9,7362,0.0061
9,9425,0.0061
9,7772,0.0061
9,5669,0.0061
9,6495,0.0061
9,9881,0.0061
9,8829,0.0061
9,9111,0.0061
9,7335,0.0061
9,8247,0.0061
9,5858,0.0061
9,8836,0.0061
9,6309,0.0060
9,5835,0.0060
9,9188,0.0060
9,6193,0.0060
9,5533,0.0060
9,9274,0.0060
9,9290,0.0060
9,9687,0.0060
9,7827,0.0060
9,9956,0.0060
9,5122,0.0060
9,7184,0.0060
9,9403,0.0060
9,7115,0.0060
9,6848,0.0060
9,6684,0.0059
9,6782,0.0059
9,7867,0.0059
9,5300,0.0059
9,5458,0.0059
9,9180,0.0059
9,8671,0.0059
9,5920,0.0059
9,7844,0.0059
9,7365,0.0059
9,8649,0.0059
9,7667,0.0059
9,8299,0.0059
9,9175,0.0059
9,9292,0.0059
9,8114,0.0059
9,7454,0.0059
9,5685,0.0059
9,6469,0.0058
9,7710,0.0058
9,5451,0.0058
9,5623,0.0058
9,7139,0.0058
9,5810,0.0058
9,9870,0.0058
9,6919,0.0058
9,9788,0.0058
9,6291,0.0058
9,7231,0.0058
9,8115,0.0058
9,7865,0.0058
9,8454,0.0058
9,7142,0.0058
9,6103,0.0058
9,6308,0.0058
9,9664,0.0058
9,7225,0.0058
9,7033,0.0058
9,9688,0.0058
9,8737,0.0058
9,9726,0.0058
9,8762,0.0058
9,5104,0.0058
9,5554,0.0058
9,5737,0.0058
9,6396,0.0058
9,5975,0.0057
9,8796,0.0057
9,9869,0.0057
9,8504,0.0057
9,9091,0.0057
9,9746,0.0057
9,9266,0.0057
9,10036,0.0057
9,5705,0.0057
9,8643,0.0057
9,7528,0.0057
9,7744,0.0057
9,10010,0.0057
9,5146,0.0057
9,8235,0.0057
9,8117,0.0057
9,5542,0.0057
9,7682,0.0057
9,7435,0.0057
9,6640,0.0057
9,5878,0.0057
9,7712,0.0057
9,5924,0.0057
9,5465,0.0057
9,8974,0.0056
9,7956,0.0056
9,10015,0.0056
9,5368,0.0056
9,6098,0.0056
9,7055,0.0056
9,9042,0.0056
9,5275,0.0056
9,7355,0.0056
9,9535,0.0056
9,7534,0.0056
9,5726,0.0056
9,6095,0.0056
9,6939,0.0056
9,6293,0.0056
9,5084,0.0056
9,9113,0.0056
9,7147,0.0056
9,7356,0.0056
9,6484,0.0056
9,5495,0.0056
9,6183,0.0056
9,8725,0.0055
9,7414,0.0055
9,8617,0.0055
9,8342,0.0055
9,7612,0.0055
9,5782,0.0055
9,6716,0.0055
9,7219,0.0055
9,6555,0.0055
9,7417,0.0055
9,9067,0.0055
9,5879,0.0055
9,8990,0.0055
9,5330,0.0055
9,9948,0.0055
9,10035,0.0054
9,9729,0.0054
9,7419,0.0054
9,9825,0.0054
9,5444,0.0054
9,5482,0.0054
9,5319,0.0054
9,5324,0.0054
9,5329,0.0054
9,9026,0.0054
9,5311,0.0054
9,6331,0.0054
9,8220,0.0054
9,7717,0.0054
9,7487,0.0054
9,6750,0.0054
9,9831,0.0054
9,8427,0.0054
9,8303,0.0054
9,9545,0.0054
9,9090,0.0054
9,8606,0.0054
9,8470,0.0053
9,5023,0.0053
9,5175,0.0053
9,9501,0.0053
9,5012,0.0053
9,9174,0.0053
9,9629,0.0053
9,7852,0.0053
9,6841,0.0053
9,5049,0.0053
9,6184,0.0053
9,8874,0.0053
9,8436,0.0053
9,7347,0.0052
9,5437,0.0052
9,6889,0.0052
9,5094,0.0052
9,6586,0.0052
9,7535,0.0052
9,5281,0.0052
9,8591,0.0052
9,6660,0.0052
9,7553,0.0052
9,9578,0.0052
9,8825,0.0052
9,8007,0.0052
9,7871,0.0052
9,10012,0.0052
9,5768,0.0052
9,5116,0.0052
9,9310,0.0052
9,8910,0.0051
9,5089,0.0051
9,9923,0.0051
9,7151,0.0051
9,6909,0.0051
9,5946,0.0051
9,8959,0.0051
9,9440,0.0051
9,8499,0.0051
9,6157,0.0051
9,5289,0.0051
9,9569,0.0051
9,9124,0.0051
9,8641,0.0051
9,6050,0.0050
9,7949,0.0050
9,9533,0.0050
9,6246,0.0050
9,6752,0.0050
9,9660,0.0050
9,5140,0.0050
9,7226,0.0050
9,6311,0.0050
9,8872,0.0050
9,7224,0.0050
9,9504,0.0050
9,9553,0.0050
9,8802,0.0050
9,9480,0.0050
9,5098,0.0050
9,6198,0.0050
9,6943,0.0050
9,7974,0.0050
9,9721,0.0049
9,7597,0.0049
9,7063,0.0049
9,5880,0.0049
9,8902,0.0049
9,7124,0.0049
9,5305,0.0049
9,9025,0.0049
9,6303,0.0049
9,7678,0.0049
9,5966,0.0049
9,8160,0.0049
9,8556,0.0049
9,8416,0.0048
9,6729,0.0048
9,6562,0.0048
9,5998,0.0048
9,5268,0.0048
9,7726,0.0048
9,7416,0.0048
9,6932,0.0048
9,9046,0.0048
9,9071,0.0048
9,7543,0.0048
9,7483,0.0048
9,5243,0.0048
9,6708,0.0048
9,5483,0.0048
9,9582,0.0048
9,7282,0.0048
9,9743,0.0048
9,5245,0.0048
9,8298,0.0048
9,9720,0.0048
9,5558,0.0047
9,5762,0.0047
9,7756,0.0047
9,9436,0.0047
9,5688,0.0047
9,7343,0.0047
9,5973,0.0047
9,7925,0.0047
9,5108,0.0047
9,7595,0.0047
9,6621,0.0047
9,9355,0.0047
9,5088,0.0046
9,5588,0.0046
9,7516,0.0046
9,6122,0.0046
9,5241,0.0046
9,6635,0.0046
9,6382,0.0046
9,8516,0.0046
9,8991,0.0046
9,7185,0.0046
9,9933,0.0046
9,5783,0.0046
9,5232,0.0046
9,6656,0.0046
9,9597,0.0046
9,7307,0.0046
9,7697,0.0046
9,5219,0.0046
9,9697,0.0046
9,6431,0.0046
9,6288,0.0046
9,5448,0.0046
9,6280,0.0046
9,8858,0.0045
9,9849,0.0045
9,5653,0.0045
9,9738,0.0045
9,7733,0.0045
9,6825,0.0045
9,8626,0.0045
9,8360,0.0045
9,7461,0.0045
9,8230,0.0045
9,9057,0.0045
9,9822,0.0045
9,9542,0.0045
9,5592,0.0045
9,6912,0.0045
9,9555,0.0045
9,6850,0.0044
9,8025,0.0044
9,8918,0.0044
9,6569,0.0044
9,5096,0.0044
9,8955,0.0044
9,5515,0.0044
9,6483,0.0044
9,7757,0.0044
9,9445,0.0044
9,8300,0.0044
9,5068,0.0044
9,5982,0.0044
9,6296,0.0044
9,9925,0.0044
9,7732,0.0044
9,5280,0.0044
9,9262,0.0044
9,9524,0.0044
9,9455,0.0044
9,5032,0.0044
9,8853,0.0043
9,9780,0.0043
9,7666,0.0043
9,8835,0.0043
9,9503,0.0043
9,5499,0.0043
9,8915,0.0043
9,9431,0.0043
9,8058,0.0043
9,10031,0.0043
9,8810,0.0043
9,7716,0.0043
9,8404,0.0043
9,8958,0.0043
9,6931,0.0043
9,6832,0.0043
9,7050,0.0043
9,7796,0.0043
9,8315,0.0043
9,6290,0.0043
9,6189,0.0043
9,5954,0.0043
9,9002,0.0043
9,9444,0.0042
9,5865,0.0042
9,9927,0.0042
9,7747,0.0042
9,6747,0.0042
9,8375,0.0042
9,5472,0.0042
9,9620,0.0042
9,6554,0.0042
9,6452,0.0042
9,6197,0.0042
9,6261,0.0042
9,7684,0.0042
9,5607,0.0042
9,7319,0.0042
9,8826,0.0042
9,9951,0.0042
9,6761,0.0042
9,9125,0.0042
9,5291,0.0041
9,9528,0.0041
9,5506,0.0041
9,5730,0.0041
9,6911,0.0041
9,5829,0.0041
9,6432,0.0041
9,5496,0.0041
9,7889,0.0040
9,6663,0.0040
9,9684,0.0040
9,6298,0.0040
9,5714,0.0040
9,5466,0.0040
9,9748,0.0040
9,8179,0.0040
9,5847,0.0040
9,6424,0.0040
9,5663,0.0040
9,8934,0.0039
9,6696,0.0039
9,7873,0.0039
9,7351,0.0039
9,6379,0.0039
9,6726,0.0039
9,5076,0.0039
9,5393,0.0039
9,9550,0.0039
9,7420,0.0039
9,9534,0.0039
9,9033,0.0039
9,6960,0.0039
9,5119,0.0039
9,5970,0.0039
9,8456,0.0039
9,10029,0.0039
9,8143,0.0039
9,8790,0.0039
9,7183,0.0039
9,6236,0.0039
9,5377,0.0039
9,9751,0.0038
9,8302,0.0038
9,7611,0.0038
9,5294,0.0038
9,6655,0.0038
9,9354,0.0038
9,7098,0.0038
9,7312,0.0038
9,5985,0.0038
9,7000,0.0038
9,9842,0.0038
9,10037,0.0038
9,9443,0.0038
9,7048,0.0038
9,5471,0.0038
9,5852,0.0038
9,9079,0.0037
9,9496,0.0037
9,9833,0.0037
9,8176,0.0037
9,9344,0.0037
9,9625,0.0037
9,5231,0.0037
9,10002,0.0037
9,9256,0.0037
9,6740,0.0037
9,8453,0.0037
9,7677,0.0037
9,5889,0.0036
9,5254,0.0036
9,9926,0.0036
9,5760,0.0036
9,6763,0.0036
9,5654,0.0036
9,9540,0.0036
9,7763,0.0036
9,7227,0.0036
9,9217,0.0036
9,8758,0.0036
9,6207,0.0036
9,6286,0.0036
9,6428,0.0036
9,9884,0.0036
9,6439,0.0036
9,8964,0.0036
9,7776,0.0036
9,9465,0.0036
9,6162,0.0036
9,7906,0.0036
9,9604,0.0035
9,7715,0.0035
9,6362,0.0035
9,9097,0.0035
9,7797,0.0035
9,7560,0.0035
9,9744,0.0035
9,5397,0.0035
9,9641,0.0035
9,7701,0.0035
9,8076,0.0035
9,8019,0.0035
9,6062,0.0035
9,7003,0.0035
9,8211,0.0035
9,5299,0.0035
9,8549,0.0035
9,5405,0.0035
9,6018,0.0035
9,7495,0.0035
9,8894,0.0035
9,6993,0.0035
9,5469,0.0035
9,9509,0.0035
9,9640,0.0035
9,9543,0.0035
9,9895,0.0034
9,8374,0.0034
9,7861,0.0034
9,8018,0.0034
9,5237,0.0034
9,7743,0.0034
9,9622,0.0034
9,8398,0.0034
9,5347,0.0034
9,8897,0.0034
9,5303,0.0034
9,6083,0.0034
9,8753,0.0034
9,8788,0.0034
9,9610,0.0034
9,7297,0.0034
9,7228,0.0034
9,7713,0.0034
9,6048,0.0034
9,6214,0.0034
9,8047,0.0034
9,5882,0.0034
9,9487,0.0034
9,8912,0.0034
9,9248,0.0034
9,5522,0.0033
9,9781,0.0033
9,6745,0.0033
9,8511,0.0033
9,5328,0.0033
9,6055,0.0033
9,5699,0.0033
9,5265,0.0033
9,5610,0.0033
9,9481,0.0033
9,6585,0.0033
9,6464,0.0033
9,5173,0.0033
9,5105,0.0033
9,8158,0.0033
9,9372,0.0033
9,5318,0.0033
9,8121,0.0033
9,8821,0.0033
9,7463,0.0033
9,8447,0.0033
9,7220,0.0033
9,5296,0.0033
9,9009,0.0033
9,6316,0.0033
9,6409,0.0033
9,8433,0.0033
9,6477,0.0033
9,6399,0.0033
9,8878,0.0033
9,9727,0.0033
9,8146,0.0033
9,6834,0.0033
9,5478,0.0033
9,9491,0.0033
9,7886,0.0032
9,9192,0.0032
9,5359,0.0032
9,7914,0.0032
9,6615,0.0032
9,7502,0.0032
9,8952,0.0032
9,5308,0.0032
9,5636,0.0032
9,8060,0.0032
9,6458,0.0032
9,5058,0.0032
9,9792,0.0032
9,6882,0.0032
9,10027,0.0032
9,8180,0.0032
9,8541,0.0032
9,7927,0.0032
9,6982,0.0032
9,6842,0.0032
9,5045,0.0032
9,5053,0.0032
9,6359,0.0032
9,5744,0.0032
9,8988,0.0032
9,8896,0.0032
9,9793,0.0032
9,5450,0.0032
9,7680,0.0032
9,6445,0.0032
9,9896,0.0031
9,8572,0.0031
9,7515,0.0031
9,7300,0.0031
9,6174,0.0031
9,5701,0.0031
9,6370,0.0031
9,8131,0.0031
9,8123,0.0031
9,6400,0.0031
9,8304,0.0031
9,9211,0.0031
9,8356,0.0031
9,7057,0.0031
9,5940,0.0031
9,6443,0.0031
9,8237,0.0031
9,7046,0.0031
9,5277,0.0031
9,7790,0.0031
9,6637,0.0031
9,6064,0.0031
9,8053,0.0031
9,8420,0.0031
9,7498,0.0031
9,5258,0.0031
9,9469,0.0031
9,9186,0.0031
9,8163,0.0031
9,5424,0.0031
9,6172,0.0031
9,6611,0.0031
9,8161,0.0031
9,6463,0.0031
9,5293,0.0031
9,8424,0.0031
9,7583,0.0031
9,5941,0.0031
9,9447,0.0031
9,8207,0.0031
9,9095,0.0031
9,5476,0.0031
9,5596,0.0031
9,7860,0.0031
9,8644,0.0031
9,7292,0.0031
9,5317,0.0031
9,7072,0.0031
9,8517,0.0031
9,5786,0.0031
9,7097,0.0031
9,7190,0.0031
9,6746,0.0031
9,9541,0.0030
9,9486,0.0030
9,8816,0.0030
9,8616,0.0030
9,7468,0.0030
9,9015,0.0030
9,6858,0.0030
9,7643,0.0030
9,7699,0.0030
9,7596,0.0030
9,7321,0.0030
9,6326,0.0030
9,6846,0.0030
9,7108,0.0030
9,7555,0.0030
9,5640,0.0030
9,5413,0.0030
9,7480,0.0030
9,6519,0.0030
9,5974,0.0030
9,9059,0.0030
9,7056,0.0030
9,9437,0.0030
9,9407,0.0030
9,6090,0.0030
9,6421,0.0030
9,8066,0.0030
9,8849,0.0030
9,5071,0.0030
9,8793,0.0030
9,7570,0.0030
9,6427,0.0030
9,8924,0.0030
9,8263,0.0030
9,7499,0.0030
9,9058,0.0030
9,9928,0.0030
9,7513,0.0030
9,6372,0.0030
9,6532,0.0030
9,7223,0.0030
9,5176,0.0030
9,6202,0.0030
9,6340,0.0030
9,9725,0.0030
9,5401,0.0030
9,9239,0.0030
9,7276,0.0030
9,8619,0.0030
9,7900,0.0030
9,6196,0.0030
9,8282,0.0030
9,7708,0.0030
9,9381,0.0030
9,6229,0.0030
9,6351,0.0030
9,8386,0.0030
9,5703,0.0030
9,5717,0.0030
9,9197,0.0029
9,9698,0.0029
9,7318,0.0029
9,7071,0.0029
9,9489,0.0029
9,9930,0.0029
9,9894,0.0029
9,8941,0.0029
9,6208,0.0029
9,5238,0.0029
9,7506,0.0029
9,7638,0.0029
9,8149,0.0029
9,8442,0.0029
9,6081,0.0029
9,9854,0.0029
9,5869,0.0029
9,9255,0.0029
9,9810,0.0029
9,6096,0.0029
9,6204,0.0029
9,9189,0.0029
9,9286,0.0029
9,6245,0.0029
9,7020,0.0029
9,5025,0.0029
9,6581,0.0029
9,8795,0.0029
9,5863,0.0029
9,5212,0.0029
9,9102,0.0029
9,7640,0.0029
9,9426,0.0029
9,9223,0.0029
9,5171,0.0029
9,6515,0.0029
9,6243,0.0029
9,8057,0.0029
9,6465,0.0029
9,6082,0.0029
9,7509,0.0029
9,7750,0.0029
9,8393,0.0029
9,9843,0.0029
9,8067,0.0029
9,7793,0.0029
9,9488,0.0029
9,7630,0.0029
9,6481,0.0029
9,6218,0.0029
9,5434,0.0029
9,6092,0.0029
9,9012,0.0029
9,9446,0.0029
9,7823,0.0029
9,7882,0.0029
9,6887,0.0029
9,7880,0.0029
9,7942,0.0029
9,8639,0.0029
9,8946,0.0029
9,5775,0.0029
9,8148,0.0029
9,5824,0.0029
9,6903,0.0029
9,9624,0.0029
9,9497,0.0029
9,10028,0.0029
9,8394,0.0029
9,5455,0.0029
9,7434,0.0029
9,9410,0.0029
9,7073,0.0029
9,5380,0.0029
9,6373,0.0029
9,5042,0.0029
9,8568,0.0029
9,5387,0.0029
9,9137,0.0029
9,9494,0.0029
9,7845,0.0029
9,5629,0.0029
9,8449,0.0029
9,5257,0.0028
9,8629,0.0028
9,8824,0.0028
9,6034,0.0028
9,9728,0.0028
9,8064,0.0028
9,9178,0.0028
9,9994,0.0028
9,6456,0.0028
9,5881,0.0028
9,6384,0.0028
9,8268,0.0028
9,5580,0.0028
9,7091,0.0028
9,5064,0.0028
9,9115,0.0028
9,5256,0.0028
9,9004,0.0028
9,7278,0.0028
9,6725,0.0028
9,5046,0.0028
9,6613,0.0028
9,6847,0.0028
9,9379,0.0028
9,6544,0.0028
9,5364,0.0028
9,6577,0.0028
9,6547,0.0028
9,8317,0.0028
9,6254,0.0028
9,8567,0.0028
9,6036,0.0028
9,5210,0.0028
9,6272,0.0028
9,8291,0.0028
9,6360,0.0028
9,5202,0.0028
9,9517,0.0028
9,5984,0.0028
9,8368,0.0028
9,9676,0.0028
9,9799,0.0028
9,9916,0.0028
9,8113,0.0028
9,5590,0.0028
9,5230,0.0028
9,8443,0.0028
9,8432,0.0028
9,9907,0.0028
9,9177,0.0028
9,5051,0.0028
9,6059,0.0028
9,9367,0.0028
9,7910,0.0028
9,7305,0.0028
9,6845,0.0028
9,5777,0.0028
9,8248,0.0028
9,7295,0.0028
9,8042,0.0028
9,8423,0.0028
9,7193,0.0028
9,8563,0.0028
9,5354,0.0028
9,8507,0.0028
9,5628,0.0028
9,9321,0.0028
9,7798,0.0028
9,8648,0.0028
9,8950,0.0028
9,7992,0.0028
9,9990,0.0028
9,5840,0.0028
9,7628,0.0028
9,5781,0.0028
9,6253,0.0028
9,6988,0.0028
9,5770,0.0028
9,6992,0.0028
9,9932,0.0028
9,5097,0.0028
9,6754,0.0028
9,7322,0.0028
9,5706,0.0028
9,5386,0.0028
9,9238,0.0028
9,8324,0.0028
9,6260,0.0028
9,9700,0.0028
9,5056,0.0028
9,6891,0.0028
9,6191,0.0028
9,7462,0.0028
9,8335,0.0028
9,5262,0.0028
9,9368,0.0028
9,6888,0.0028
9,9120,0.0028
9,8120,0.0028
9,5185,0.0028
9,7431,0.0028
9,6093,0.0028
9,7047,0.0028
9,7619,0.0028
9,7289,0.0027
9,9878,0.0027
9,5851,0.0027
9,8030,0.0027
9,5862,0.0027
9,7510,0.0027
9,8292,0.0027
9,6772,0.0027
9,9645,0.0027
9,7079,0.0027
9,9017,0.0027
9,7325,0.0027
9,8451,0.0027
9,9474,0.0027
9,7594,0.0027
9,5988,0.0027
9,8399,0.0027
9,6278,0.0027
9,6859,0.0027
9,6035,0.0027
9,6914,0.0027
9,5721,0.0027
9,8139,0.0027
9,10024,0.0027
9,5511,0.0027
9,8405,0.0027
9,10016,0.0027
9,5082,0.0027
9,5818,0.0027
9,7064,0.0027
9,9865,0.0027
9,8860,0.0027
9,8391,0.0027
9,8935,0.0027
9,7641,0.0027
9,8848,0.0027
9,8063,0.0027
9,5855,0.0027
9,7751,0.0027
9,6227,0.0027
9,8811,0.0027
9,9512,0.0027
9,6719,0.0027
9,9518,0.0027
9,8215,0.0027
9,6357,0.0027
9,9198,0.0027
9,7786,0.0027
9,7437,0.0027
9,8727,0.0027
9,6668,0.0027
9,8780,0.0027
9,9236,0.0027
9,6154,0.0027
9,9650,0.0027
9,8638,0.0027
9,6413,0.0027
9,7519,0.0027
9,8822,0.0027
9,8261,0.0027
9,5943,0.0027
9,7298,0.0027
9,7038,0.0027
9,8285,0.0027
9,9240,0.0027
9,5107,0.0027
9,8908,0.0027
9,8736,0.0027
9,6232,0.0027
9,6627,0.0027
9,9692,0.0027
9,9485,0.0027
9,9121,0.0027
9,8028,0.0027
9,7626,0.0027
9,8389,0.0027
9,7013,0.0027
9,7731,0.0027
9,7552,0.0027
9,9068,0.0027
9,5267,0.0027
9,7284,0.0027
9,8513,0.0027
9,7425,0.0027
9,5850,0.0027
9,9998,0.0027
9,8522,0.0027
9,5279,0.0027
9,7621,0.0027
9,5500,0.0027
9,9859,0.0027
9,5086,0.0027
9,7723,0.0027
9,6916,0.0027
9,9839,0.0027
9,5052,0.0027
9,5085,0.0027
9,7858,0.0027
9,8903,0.0027
9,8295,0.0027
9,6851,0.0027
9,8947,0.0027
9,7872,0.0027
9,6045,0.0027
9,5751,0.0027
9,9593,0.0027
9,7722,0.0027
9,5692,0.0027
9,6864,0.0026
9,9086,0.0026
9,5244,0.0026
9,6977,0.0026
9,8764,0.0026
9,8382,0.0026
9,5225,0.0026
9,6856,0.0026
9,7303,0.0026
9,7792,0.0026
9,9834,0.0026
9,5352,0.0026
9,6171,0.0026
9,5306,0.0026
9,9352,0.0026
9,5155,0.0026
9,7609,0.0026
9,8607,0.0026
9,5830,0.0026
9,8832,0.0026
9,6762,0.0026
9,8622,0.0026
9,6437,0.0026
9,7892,0.0026
9,6590,0.0026
9,5326,0.0026
9,6461,0.0026
9,5619,0.0026
9,8819,0.0026
9,9611,0.0026
9,9475,0.0026
9,5022,0.0026
9,7846,0.0026
9,7459,0.0026
9,9536,0.0026
9,7734,0.0026
9,6880,0.0026
9,9868,0.0026
9,7007,0.0026
9,5718,0.0026
9,5755,0.0026
9,5142,0.0026
9,6411,0.0026
9,5048,0.0026
9,5632,0.0026
9,8044,0.0026
9,9201,0.0026
9,6830,0.0026
9,5925,0.0026
9,9492,0.0026
9,7182,0.0026
9,5345,0.0026
9,9096,0.0026
9,8779,0.0026
9,6759,0.0026
9,8654,0.0026
9,8658,0.0026
9,5508,0.0026
9,6069,0.0026
9,9482,0.0026
9,9131,0.0026
9,7409,0.0026
9,5399,0.0026
9,7578,0.0026
9,7329,0.0026
9,7336,0.0026
9,7045,0.0026
9,7207,0.0026
9,9343,0.0026
9,5343,0.0026
9,6849,0.0026
9,7473,0.0026
9,9811,0.0026
9,5396,0.0026
9,8383,0.0026
9,7208,0.0026
9,8165,0.0026
9,9053,0.0026
9,6766,0.0026
9,6665,0.0026
9,6650,0.0026
9,9296,0.0026
9,8754,0.0026
9,9898,0.0026
9,5157,0.0026
9,6986,0.0026
9,7172,0.0026
9,5043,0.0026
9,7662,0.0026
9,8147,0.0026
9,8040,0.0026
9,6784,0.0026
9,10030,0.0026
9,5539,0.0026
9,9841,0.0026
9,6315,0.0026
9,6488,0.0026
9,6634,0.0026
9,5605,0.0026
9,7602,0.0026
9,7486,0.0026
9,5261,0.0026
9,9366,0.0026
9,9060,0.0026
9,9385,0.0026
9,5972,0.0026
9,7285,0.0026
9,7634,0.0026
9,8061,0.0026
9,5997,0.0026
9,9562,0.0026
9,5860,0.0026
9,5959,0.0026
9,6669,0.0026
9,8596,0.0026
9,5752,0.0026
9,6375,0.0026
9,6788,0.0026
9,5358,0.0026
9,7204,0.0026
9,6367,0.0026
9,5918,0.0026
9,7888,0.0026
9,7411,0.0026
9,5362,0.0026
9,7870,0.0026
9,9911,0.0026
9,8266,0.0026
9,8942,0.0026
9,7054,0.0026
9,8190,0.0026
9,8574,0.0026
9,9247,0.0026
9,5586,0.0026
9,7181,0.0025
9,8772,0.0025
9,8656,0.0025
9,8168,0.0025
9,8869,0.0025
9,7320,0.0025
9,6999,0.0025
9,5780,0.0025
9,5057,0.0025
9,5030,0.0025
9,9142,0.0025
9,5203,0.0025
9,8264,0.0025
9,9055,0.0025
9,5301,0.0025
9,6942,0.0025
9,9261,0.0025
9,5250,0.0025
9,7466,0.0025
9,8119,0.0025
9,9879,0.0025
9,6334,0.0025
9,5075,0.0025
9,5131,0.0025
9,5420,0.0025
9,7061,0.0025
9,8501,0.0025
9,7931,0.0025
9,7777,0.0025
9,5484,0.0025
9,6073,0.0025
9,8154,0.0025
9,9893,0.0025
9,8761,0.0025
9,5716,0.0025
9,7693,0.0025
9,5746,0.0025
9,7548,0.0025
9,7213,0.0025
9,8786,0.0025
9,8919,0.0025
9,6470,0.0025
9,7443,0.0025
9,8651,0.0025
9,5547,0.0025
9,6620,0.0025
9,8929,0.0025
9,9419,0.0025
9,7518,0.0025
9,7304,0.0025
9,9967,0.0025
9,6361,0.0025
9,7525,0.0025
9,5977,0.0025
9,9857,0.0025
9,10018,0.0025
9,8110,0.0025
9,9135,0.0025
9,6354,0.0025
9,9828,0.0025
9,6990,0.0025
9,6579,0.0025
9,6500,0.0025
9,8050,0.0025
9,5595,0.0025
9,5418,0.0025
9,5128,0.0025
9,5594,0.0025
9,8128,0.0025
9,5365,0.0025
9,9914,0.0025
9,9473,0.0025
9,9800,0.0025
9,5774,0.0025
9,8823,0.0025
9,7206,0.0025
9,9973,0.0025
9,5292,0.0025
9,8640,0.0025
9,5922,0.0025
9,8434,0.0025
9,9183,0.0025
9,6203,0.0025
9,5395,0.0025
9,5083,0.0025
9,5962,0.0025
9,8284,0.0025
9,7350,0.0025
9,9732,0.0025
9,7101,0.0025
9,7481,0.0025
9,7714,0.0025
9,5037,0.0025
9,8070,0.0025
9,6307,0.0025
9,6658,0.0025
9,8005,0.0025
9,7568,0.0025
9,5834,0.0025
9,5337,0.0025
9,6573,0.0025
9,6148,0.0025
9,5209,0.0025
9,5181,0.0025
9,9044,0.0025
9,7647,0.0025
9,7352,0.0025
9,5182,0.0025
9,7536,0.0025
9,7954,0.0025
9,5109,0.0025
9,9260,0.0025
9,5298,0.0025
9,5546,0.0025
9,9946,0.0025
9,8999,0.0025
9,5957,0.0025
9,7100,0.0025
9,5272,0.0025
9,9703,0.0025
9,5926,0.0025
9,6823,0.0025
9,10021,0.0025
9,8411,0.0025
9,8465,0.0025
9,8901,0.0025
9,6773,0.0025
9,7042,0.0025
9,8130,0.0025
9,5255,0.0025
9,5033,0.0025
9,9477,0.0025
9,8062,0.0025
9,8213,0.0025
9,6792,0.0025
9,9621,0.0025
9,10001,0.0025
9,6860,0.0025
9,6161,0.0025
9,8396,0.0025
9,6397,0.0025
9,8854,0.0025
9,7839,0.0025
9,6878,0.0025
9,6616,0.0025
9,5758,0.0025
9,7784,0.0025
9,5059,0.0025
9,7004,0.0025
9,7587,0.0025
9,6186,0.0024
9,6047,0.0024
9,7386,0.0024
9,9669,0.0024
9,5808,0.0024
9,8271,0.0024
9,9679,0.0024
9,5841,0.0024
9,7040,0.0024
9,8699,0.0024
9,6614,0.0024
9,7642,0.0024
9,5355,0.0024
9,7651,0.0024
9,6890,0.0024
9,7700,0.0024
9,9860,0.0024
9,5541,0.0024
9,9484,0.0024
9,10022,0.0024
9,8770,0.0024
9,7822,0.0024
9,6386,0.0024
9,8665,0.0024
9,8107,0.0024
9,9106,0.0024
9,9891,0.0024
9,7526,0.0024
9,6591,0.0024
9,5848,0.0024
9,7277,0.0024
9,8334,0.0024
9,9935,0.0024
9,8071,0.0024
9,9000,0.0024
9,7383,0.0024
9,5137,0.0024
9,5820,0.0024
9,6625,0.0024
9,9157,0.0024
9,6251,0.0024
9,8370,0.0024
9,6231,0.0024
9,6052,0.0024
9,5438,0.0024
9,9470,0.0024
9,9901,0.0024
9,5987,0.0024
9,5667,0.0024
9,7214,0.0024
9,9514,0.0024
9,8856,0.0024
9,8015,0.0024
9,5776,0.0024
9,7707,0.0024
9,8748,0.0024
9,9249,0.0024
9,6730,0.0024
9,7291,0.0024
9,5421,0.0024
9,6594,0.0024
9,7815,0.0024
9,7982,0.0024
9,6358,0.0024
9,9387,0.0024
9,8967,0.0024
9,8227,0.0024
9,5002,0.0024
9,7212,0.0024
9,6164,0.0024
9,9173,0.0024
9,7505,0.0024
9,5945,0.0024
9,9371,0.0024
9,8855,0.0024
9,8145,0.0024
9,5543,0.0024
9,9228,0.0024
9,7694,0.0024
9,5870,0.0024
9,8712,0.0024
9,5271,0.0024
9,5844,0.0024
9,9851,0.0024
9,6580,0.0024
9,8630,0.0024
9,6533,0.0024
9,5722,0.0024
9,5955,0.0024
9,8365,0.0024
9,7308,0.0024
9,6250,0.0024
9,9047,0.0024
9,8778,0.0024
9,8450,0.0024
9,8358,0.0024
9,7629,0.0024
9,9964,0.0024
9,6185,0.0024
9,9283,0.0024
9,8992,0.0024
9,9208,0.0024
9,5242,0.0024
9,5837,0.0024
9,6442,0.0024
9,8740,0.0024
9,7346,0.0024
9,8091,0.0024
9,5392,0.0024
9,6418,0.0024
9,6908,0.0024
9,10034,0.0024
9,9433,0.0024
9,6619,0.0024
9,9006,0.0024
9,7076,0.0024
9,5061,0.0024
9,5062,0.0024
9,5005,0.0024
9,9598,0.0024
9,5273,0.0024
9,9253,0.0024
9,7388,0.0024
9,7158,0.0024
9,9365,0.0024
9,8594,0.0024
9,8150,0.0024
9,8006,0.0024
9,7799,0.0023
9,6829,0.0023
9,8837,0.0023
9,8768,0.0023
9,7469,0.0023
9,9014,0.0023
9,8809,0.0023
9,6471,0.0023
9,8590,0.0023
9,6190,0.0023
9,6187,0.0023
9,9785,0.0023
9,6264,0.0023
9,8895,0.0023
9,7315,0.0023
9,7898,0.0023
9,9988,0.0023
9,5417,0.0023
9,8034,0.0023
9,10007,0.0023
9,7476,0.0023
9,7615,0.0023
9,7608,0.0023
9,7813,0.0023
9,7903,0.0023
9,6540,0.0023
9,5178,0.0023
9,5429,0.0023
9,9495,0.0023
9,8087,0.0023
9,6152,0.0023
9,7025,0.0023
9,9182,0.0023
9,9979,0.0023
9,9912,0.0023
9,8102,0.0023
9,8020,0.0023
9,5971,0.0023
9,6355,0.0023
9,9205,0.0023
9,6324,0.0023
9,7099,0.0023
9,9413,0.0023
9,9280,0.0023
9,8722,0.0023
9,9221,0.0023
9,6697,0.0023
9,9913,0.0023
9,5778,0.0023
9,7192,0.0023
9,7501,0.0023
9,7442,0.0023
9,5170,0.0023
9,6743,0.0023
9,5635,0.0023
9,5800,0.0023
9,9699,0.0023
9,7577,0.0023
9,5979,0.0023
9,7494,0.0023
9,9838,0.0023
9,6755,0.0023
9,7735,0.0023
9,6244,0.0023
9,9034,0.0023
9,9160,0.0023
9,6255,0.0023
9,8448,0.0023
9,7345,0.0023
9,7109,0.0023
9,7397,0.0023
9,9085,0.0023
9,5846,0.0023
9,6352,0.0023
9,7202,0.0023
9,7890,0.0023
9,9931,0.0023
9,7783,0.0023
9,7167,0.0023
9,8601,0.0023
9,8892,0.0023
9,7556,0.0023
9,8887,0.0023
9,8486,0.0023
9,8808,0.0023
9,9615,0.0023
9,5433,0.0023
9,9910,0.0023
9,8893,0.0023
9,9478,0.0023
9,5750,0.0023
9,8204,0.0023
9,5584,0.0023
9,6094,0.0023
9,6292,0.0023
9,5427,0.0023
9,9741,0.0023
9,8008,0.0023
9,5461,0.0023
9,8928,0.0023
9,9132,0.0023
9,5838,0.0023
9,6933,0.0023
9,8362,0.0023
9,9466,0.0023
9,9600,0.0023
9,5233,0.0023
9,6974,0.0023
9,9331,0.0023
9,7274,0.0023
9,6407,0.0023
9,9335,0.0023
9,6758,0.0023
9,8936,0.0023
9,6510,0.0023
9,9224,0.0023
9,5404,0.0023
9,9304,0.0023
9,7174,0.0023
9,8566,0.0023
9,7739,0.0023
9,8520,0.0023
9,6040,0.0023
9,6541,0.0023
9,5569,0.0023
9,8527,0.0023
9,5822,0.0023
9,5502,0.0023
9,8600,0.0023
9,8129,0.0023
9,8269,0.0023
9,6284,0.0023
9,6997,0.0023
9,6961,0.0023
9,9353,0.0023
9,6219,0.0023
9,6051,0.0023
9,9644,0.0023
9,8234,0.0023
9,8595,0.0023
9,6529,0.0023
9,5709,0.0023
9,9159,0.0023
9,8325,0.0023
9,6987,0.0023
9,5842,0.0023
9,5614,0.0023
9,6398,0.0023
9,6893,0.0023
9,8369,0.0023
9,8392,0.0023
9,5887,0.0023
9,8125,0.0023
9,6600,0.0023
9,8373,0.0023
9,9984,0.0023
9,6166,0.0023
9,8914,0.0023
9,8807,0.0023
9,9468,0.0023
9,7062,0.0023
9,5463,0.0023
9,7520,0.0022
9,7067,0.0022
9,5531,0.0022
9,7191,0.0022
9,6612,0.0022
9,9651,0.0022
9,7922,0.0022
9,5425,0.0022
9,9013,0.0022
9,5600,0.0022
9,7918,0.0022
9,9230,0.0022
9,9061,0.0022
9,5468,0.0022
9,9051,0.0022
9,5823,0.0022
9,6234,0.0022
9,7432,0.0022
9,5960,0.0022
9,6523,0.0022
9,9342,0.0022
9,5183,0.0022
9,9795,0.0022
9,8495,0.0022
9,9974,0.0022
9,7340,0.0022
9,8144,0.0022
9,8175,0.0022
9,9855,0.0022
9,6833,0.0022
9,6605,0.0022
9,9339,0.0022
9,6078,0.0022
9,6376,0.0022
9,6336,0.0022
9,8011,0.0022
9,6425,0.0022
9,7646,0.0022
9,5964,0.0022
9,9420,0.0022
9,5965,0.0022
9,9225,0.0022
9,7496,0.0022
9,5649,0.0022
9,8256,0.0022
9,5361,0.0022
9,9646,0.0022
9,8646,0.0022
9,9227,0.0022
9,7176,0.0022
9,7080,0.0022
9,9003,0.0022
9,7814,0.0022
9,6645,0.0022
9,7209,0.0022
9,6756,0.0022
9,6512,0.0022
9,6534,0.0022
9,8219,0.0022
9,7389,0.0022
9,5252,0.0022
9,7430,0.0022
9,5983,0.0022
9,5036,0.0022
9,5179,0.0022
9,9649,0.0022
9,5135,0.0022
9,7874,0.0022
9,5199,0.0022
9,5412,0.0022
9,9151,0.0022
9,5939,0.0022
9,7110,0.0022
9,7503,0.0022
9,8993,0.0022
9,5980,0.0022
9,6434,0.0022
9,5754,0.0022
9,8101,0.0022
9,5035,0.0022
9,9461,0.0022
9,6966,0.0022
9,9134,0.0022
9,8037,0.0022
9,5065,0.0022
9,8166,0.0022
9,7296,0.0022
9,6273,0.0022
9,7569,0.0022
9,6659,0.0022
9,5819,0.0022
9,9626,0.0022
9,9449,0.0022
9,9196,0.0022
9,7127,0.0022
9,7475,0.0022
9,7893,0.0022
9,8615,0.0022
9,8763,0.0022
9,7863,0.0022
9,8948,0.0022
9,6173,0.0022
9,9985,0.0022
9,5532,0.0022
9,5004,0.0022
9,5304,0.0022
9,6875,0.0022
9,8157,0.0022
9,8252,0.0022
9,6843,0.0022
9,8524,0.0022
9,9682,0.0022
9,9939,0.0022
9,8293,0.0022
9,9483,0.0022
9,5336,0.0022
9,5856,0.0022
9,6343,0.0022
9,9438,0.0022
9,8931,0.0022
9,9671,0.0022
9,7692,0.0022
9,9408,0.0022
9,9735,0.0022
9,5609,0.0022
9,9847,0.0022
9,9334,0.0022
9,9257,0.0022
9,8757,0.0022
9,7617,0.0022
9,5587,0.0022
9,5459,0.0022
9,6287,0.0022
9,8024,0.0022
9,5686,0.0022
9,8733,0.0022
9,9318,0.0022
9,6252,0.0022
9,7404,0.0022
9,5411,0.0022
9,8241,0.0022
9,7990,0.0022
9,5794,0.0022
9,7423,0.0022
9,8916,0.0022
9,5462,0.0022
9,9476,0.0022
9,9235,0.0022
9,9084,0.0022
9,7978,0.0022
9,8372,0.0022
9,9527,0.0022
9,8839,0.0022
9,6824,0.0022
9,5276,0.0022
9,8118,0.0022
9,8048,0.0022
9,5295,0.0022
9,6070,0.0022
9,6928,0.0022
9,9184,0.0021
9,7081,0.0021
9,8065,0.0021
9,9730,0.0021
9,8526,0.0021
9,5771,0.0021
9,9276,0.0021
9,8739,0.0021
9,7195,0.0021
9,5189,0.0021
9,8249,0.0021
9,6387,0.0021
9,6405,0.0021
9,7186,0.0021
9,9314,0.0021
9,6643,0.0021
9,8421,0.0021
9,9872,0.0021
9,7398,0.0021
9,9590,0.0021
9,8861,0.0021
9,6110,0.0021
9,8828,0.0021
9,9960,0.0021
9,9888,0.0021
9,8406,0.0021
9,8803,0.0021
9,9508,0.0021
9,5159,0.0021
9,7413,0.0021
9,9659,0.0021
9,5779,0.0021
9,6964,0.0021
9,7159,0.0021
9,8845,0.0021
9,8009,0.0021
9,9001,0.0021
9,5017,0.0021
9,6705,0.0021
9,6003,0.0021
9,7341,0.0021
9,6240,0.0021
9,7458,0.0021
9,9890,0.0021
9,5249,0.0021
9,5207,0.0021
9,6844,0.0021
9,5613,0.0021
9,6447,0.0021
9,8555,0.0021
9,5144,0.0021
9,8775,0.0021
9,9457,0.0021
9,9393,0.0021
9,9093,0.0021
9,9539,0.0021
9,5622,0.0021
9,7591,0.0021
9,9416,0.0021
9,6710,0.0021
9,6226,0.0021
9,7913,0.0021
9,6348,0.0021
9,8132,0.0021
9,5598,0.0021
9,5933,0.0021
9,9216,0.0021
9,8851,0.0021
9,8949,0.0021
9,7806,0.0021
9,9427,0.0021
9,6636,0.0021
9,9297,0.0021
9,9819,0.0021
9,5843,0.0021
9,7655,0.0021
9,5634,0.0021
9,6770,0.0021
9,5831,0.0021
9,6321,0.0021
9,8742,0.0021
9,9618,0.0021
9,7920,0.0021
9,6061,0.0021
9,9919,0.0021
9,5154,0.0021
9,5452,0.0021
9,6689,0.0021
9,6835,0.0021
9,7850,0.0021
9,7821,0.0021
9,5470,0.0021
9,9882,0.0021
9,6514,0.0021
9,6828,0.0021
9,7150,0.0021
9,6742,0.0021
9,9078,0.0021
9,7198,0.0021
9,6537,0.0021
9,9214,0.0021
9,6760,0.0021
9,9827,0.0021
9,5883,0.0021
9,6998,0.0021
9,7426,0.0021
9,6741,0.0021
9,6722,0.0021
9,9883,0.0021
9,7695,0.0021
9,5839,0.0021
9,7313,0.0021
9,7542,0.0021
9,6285,0.0021
9,8650,0.0021
9,7083,0.0021
9,5713,0.0021
9,6901,0.0021
9,8041,0.0021
9,9731,0.0021
9,6022,0.0021
9,7275,0.0021
9,6818,0.0021
9,5457,0.0021
9,9032,0.0021
9,6632,0.0021
9,8052,0.0021
9,7727,0.0021
9,9548,0.0021
9,7477,0.0021
9,7685,0.0021
9,5627,0.0021
9,6771,0.0021
9,9591,0.0021
9,5286,0.0021
9,6956,0.0021
9,7883,0.0021
9,5180,0.0021
9,7698,0.0021
9,8818,0.0021
9,7222,0.0020
9,9329,0.0020
9,7201,0.0020
9,5674,0.0020
9,5348,0.0020
9,9479,0.0020
9,9908,0.0020
9,6139,0.0020
9,5357,0.0020
9,7478,0.0020
9,5944,0.0020
9,7869,0.0020
9,5747,0.0020
9,5388,0.0020
9,9500,0.0020
9,9887,0.0020
9,8747,0.0020
9,8631,0.0020
9,8535,0.0020
9,6866,0.0020
9,7507,0.0020
9,8038,0.0020
9,9880,0.0020
9,8441,0.0020
9,6724,0.0020
9,7588,0.0020
9,9513,0.0020
9,6436,0.0020
9,6604,0.0020
9,9075,0.0020
9,9802,0.0020
9,6063,0.0020
9,7068,0.0020
9,8536,0.0020
9,6769,0.0020
9,8310,0.0020
9,8789,0.0020
9,7044,0.0020
9,9970,0.0020
9,7875,0.0020
9,8840,0.0020
9,6565,0.0020
9,9588,0.0020
9,7328,0.0020
9,6049,0.0020
9,8954,0.0020
9,5269,0.0020
9,9918,0.0020
9,9709,0.0020
9,7092,0.0020
9,9986,0.0020
9,8889,0.0020
9,6346,0.0020
9,9341,0.0020
9,9989,0.0020
9,8614,0.0020
9,7794,0.0020
9,5006,0.0020
9,7908,0.0020
9,9552,0.0020
9,5408,0.0020
9,9037,0.0020
9,6855,0.0020
9,6056,0.0020
9,8913,0.0020
9,8698,0.0020
9,8920,0.0020
9,9116,0.0020
9,9711,0.0020
9,6867,0.0020
9,7049,0.0020
9,6159,0.0020
9,5454,0.0020
9,7154,0.0020
9,6539,0.0020
9,9607,0.0020
9,7189,0.0020
9,8961,0.0020
9,9530,0.0020
9,6827,0.0020
9,8542,0.0020
9,5949,0.0020
9,7866,0.0020
9,5103,0.0020
9,8745,0.0020
9,7620,0.0020
9,7171,0.0020
9,8827,0.0020
9,8791,0.0020
9,7447,0.0020
9,8262,0.0020
9,7718,0.0020
9,8838,0.0020
9,5540,0.0020
9,6274,0.0020
9,6141,0.0020
9,8035,0.0020
9,9829,0.0020
9,6526,0.0020
9,5205,0.0020
9,7926,0.0020
9,9307,0.0020
9,5867,0.0020
9,5486,0.0020
9,8715,0.0020
9,7998,0.0020
9,9064,0.0020
9,5664,0.0020
9,9903,0.0020
9,5589,0.0020
9,9691,0.0020
9,9863,0.0020
9,7868,0.0020
9,9193,0.0020
9,5568,0.0020
9,7624,0.0020
9,5039,0.0020
9,9991,0.0020
9,8108,0.0020
9,8217,0.0020
9,8224,0.0020
9,8726,0.0020
9,6896,0.0020
9,7633,0.0020
9,5416,0.0020
9,9510,0.0020
9,7650,0.0020
9,9845,0.0020
9,8863,0.0020
9,7030,0.0020
9,8036,0.0020
9,5991,0.0020
9,9520,0.0020
9,5682,0.0020
9,8944,0.0020
9,9537,0.0020
9,6349,0.0020
9,5021,0.0020
9,5331,0.0020
9,6369,0.0020
9,8043,0.0020
9,5447,0.0020
9,6721,0.0020
9,5360,0.0020
9,7306,0.0020
9,8014,0.0020
9,6435,0.0020
9,6674,0.0020
9,6335,0.0020
9,9207,0.0020
9,7517,0.0020
9,9317,0.0020
9,7326,0.0020
9,9181,0.0019
9,6451,0.0019
9,6717,0.0019
9,8278,0.0019
9,7911,0.0019
9,5513,0.0019
9,5915,0.0019
9,5113,0.0019
9,8525,0.0019
9,7166,0.0019
9,5611,0.0019
9,6333,0.0019
9,7876,0.0019
9,7317,0.0019
9,7979,0.0019
9,6182,0.0019
9,8620,0.0019
9,7665,0.0019
9,7309,0.0019
9,9817,0.0019
9,8852,0.0019
9,9190,0.0019
9,7856,0.0019
9,9460,0.0019
9,9332,0.0019
9,8381,0.0019
9,8805,0.0019
9,7169,0.0019
9,5060,0.0019
9,9753,0.0019
9,6951,0.0019
9,5263,0.0019
9,8657,0.0019
9,7800,0.0019
9,9054,0.0019
9,6406,0.0019
9,9360,0.0019
9,5652,0.0019
9,8540,0.0019
9,8677,0.0019
9,8074,0.0019
9,7403,0.0019
9,9195,0.0019
9,8921,0.0019
9,6389,0.0019
9,6257,0.0019
9,9936,0.0019
9,8366,0.0019
9,9320,0.0019
9,9686,0.0019
9,7427,0.0019
9,8746,0.0019
9,9316,0.0019
9,9693,0.0019
9,9087,0.0019
9,6394,0.0019
9,7901,0.0019
9,7294,0.0019
9,6869,0.0019
9,6046,0.0019
9,7301,0.0019
9,6042,0.0019
9,6067,0.0019
9,6262,0.0019
9,8627,0.0019
9,9900,0.0019
9,8817,0.0019
9,6485,0.0019
9,8560,0.0019
9,8602,0.0019
9,6223,0.0019
9,5548,0.0019
9,5302,0.0019
9,9848,0.0019
9,9415,0.0019
9,9200,0.0019
9,8333,0.0019
9,9685,0.0019
9,9694,0.0019
9,5321,0.0019
9,7232,0.0019
9,6462,0.0019
9,9708,0.0019
9,5445,0.0019
9,8122,0.0019
9,5981,0.0019
9,5618,0.0019
9,7492,0.0019
9,7544,0.0019
9,5604,0.0019
9,6137,0.0019
9,9809,0.0019
9,6169,0.0019
9,8226,0.0019
9,6356,0.0019
9,7500,0.0019
9,8133,0.0019
9,7899,0.0019
9,6482,0.0019
9,8075,0.0019
9,7508,0.0019
9,7472,0.0019
9,9340,0.0019
9,5927,0.0019
9,5226,0.0019
9,6192,0.0019
9,5409,0.0019
9,7981,0.0019
9,6664,0.0019
9,9348,0.0019
9,7592,0.0019
9,8888,0.0019
9,7724,0.0019
9,5753,0.0019
9,9740,0.0019
9,6086,0.0019
9,8250,0.0019
9,8871,0.0019
9,7765,0.0019
9,8735,0.0019
9,6575,0.0019
9,9806,0.0019
9,6522,0.0019
9,8228,0.0019
9,9202,0.0019
9,5204,0.0019
9,8017,0.0019
9,6979,0.0019
9,7043,0.0019
9,9619,0.0019
9,9040,0.0019
9,9199,0.0019
9,6826,0.0019
9,9938,0.0019
9,8265,0.0019
9,8738,0.0019
9,6589,0.0019
9,5597,0.0019
9,6727,0.0019
9,5491,0.0019
9,8820,0.0019
9,9424,0.0019
9,9422,0.0019
9,6630,0.0019
9,8867,0.0019
9,7439,0.0019
9,7338,0.0019
9,8288,0.0018
9,9784,0.0018
9,9959,0.0018
9,8412,0.0018
9,6176,0.0018
9,8031,0.0018
9,8864,0.0018
9,6205,0.0018
9,6564,0.0018
9,9987,0.0018
9,9234,0.0018
9,6692,0.0018
9,8162,0.0018
9,5672,0.0018
9,5958,0.0018
9,5403,0.0018
9,9551,0.0018
9,8049,0.0018
9,8283,0.0018
9,5055,0.0018
9,6728,0.0018
9,9305,0.0018
9,8523,0.0018
9,6457,0.0018
9,7022,0.0018
9,9885,0.0018
9,6989,0.0018
9,8734,0.0018
9,6206,0.0018
9,7567,0.0018
9,5050,0.0018
9,8187,0.0018
9,6971,0.0018
9,6723,0.0018
9,5147,0.0018
9,8400,0.0018
9,7178,0.0018
9,8756,0.0018
9,6892,0.0018
9,7921,0.0018
9,5874,0.0018
9,6520,0.0018
9,7438,0.0018
9,8731,0.0018
9,6732,0.0018
9,6054,0.0018
9,5578,0.0018
9,8623,0.0018
9,9963,0.0018
9,6501,0.0018
9,5024,0.0018
9,6607,0.0018
9,5026,0.0018
9,8192,0.0018
9,5148,0.0018
9,7721,0.0018
9,6587,0.0018
9,8039,0.0018
9,7566,0.0018
9,6039,0.0018
9,8771,0.0018
9,6275,0.0018
9,6168,0.0018
9,5583,0.0018
9,5734,0.0018
9,5536,0.0018
9,9981,0.0018
9,7302,0.0018
9,8397,0.0018
9,8141,0.0018
9,6145,0.0018
9,5551,0.0018
9,8978,0.0018
9,6486,0.0018
9,9194,0.0018
9,6267,0.0018
9,6023,0.0018
9,6991,0.0018
9,6256,0.0018
9,5631,0.0018
9,5549,0.0018
9,6472,0.0018
9,9724,0.0018
9,7497,0.0018
9,8413,0.0018
9,6839,0.0018
9,5875,0.0018
9,7720,0.0018
9,6945,0.0018
9,7902,0.0018
9,5615,0.0018
9,5488,0.0018
9,8534,0.0018
9,8668,0.0018
9,7719,0.0018
9,10006,0.0018
9,6629,0.0018
9,7897,0.0018
9,9707,0.0018
9,5877,0.0018
9,7162,0.0018
9,7464,0.0018
9,6737,0.0018
9,7562,0.0018
9,8016,0.0018
9,5414,0.0018
9,6420,0.0018
9,5876,0.0018
9,9070,0.0018
9,9005,0.0018
9,6572,0.0018
9,7894,0.0018
9,5247,0.0018
9,5893,0.0018
9,5599,0.0018
9,6087,0.0018
9,6836,0.0018
9,9370,0.0018
9,8751,0.0018
9,5335,0.0018
9,7627,0.0018
9,7391,0.0018
9,6978,0.0018
9,6791,0.0018
9,6323,0.0018
9,6058,0.0018
9,9356,0.0018
9,9704,0.0018
9,9705,0.0018
9,5162,0.0018
9,8229,0.0018
9,8380,0.0018
9,8866,0.0018
9,9041,0.0018
9,8579,0.0018
9,7075,0.0018
9,5832,0.0018
9,5473,0.0018
9,8609,0.0018
9,9826,0.0018
9,8713,0.0017
9,9402,0.0017
9,9601,0.0017
9,8231,0.0017
9,6341,0.0017
9,9350,0.0017
9,6053,0.0017
9,7074,0.0017
9,9162,0.0017
9,9237,0.0017
9,6408,0.0017
9,5436,0.0017
9,6744,0.0017
9,6610,0.0017
9,6415,0.0017
9,6962,0.0017
9,8587,0.0017
9,8452,0.0017
9,8633,0.0017
9,5177,0.0017
9,10038,0.0017
9,8253,0.0017
9,6593,0.0017
9,9586,0.0017
9,6516,0.0017
9,8112,0.0017
9,7164,0.0017
9,8257,0.0017
9,8550,0.0017
9,7293,0.0017
9,9971,0.0017
9,7878,0.0017
9,9311,0.0017
9,6633,0.0017
9,5467,0.0017
9,8773,0.0017
9,7635,0.0017
9,7887,0.0017
9,7877,0.0017
9,9209,0.0017
9,9886,0.0017
9,6422,0.0017
9,6535,0.0017
9,6703,0.0017
9,9695,0.0017
9,8717,0.0017
9,8776,0.0017
9,9889,0.0017
9,8905,0.0017
9,6608,0.0017
9,9048,0.0017
9,6596,0.0017
9,6789,0.0017
9,6624,0.0017
9,9451,0.0017
9,9773,0.0017
9,6393,0.0017
9,7547,0.0017
9,5474,0.0017
9,9677,0.0017
9,6861,0.0017
9,9330,0.0017
9,9639,0.0017
9,7484,0.0017
9,6509,0.0017
9,9467,0.0017
9,5187,0.0017
9,9592,0.0017
9,6736,0.0017
9,5821,0.0017
9,8401,0.0017
9,5951,0.0017
9,7327,0.0017
9,9710,0.0017
9,6657,0.0017
9,6074,0.0017
9,8783,0.0017
9,8371,0.0017
9,6651,0.0017
9,8111,0.0017
9,7095,0.0017
9,5676,0.0017
9,8439,0.0017
9,9993,0.0017
9,9185,0.0017
9,6037,0.0017
9,6487,0.0017
9,7188,0.0017
9,5504,0.0017
9,7349,0.0017
9,5143,0.0017
9,7196,0.0017
9,5419,0.0017
9,9583,0.0017
9,9010,0.0017
9,6955,0.0017
9,6981,0.0017
9,8984,0.0017
9,6475,0.0017
9,6426,0.0017
9,9062,0.0017
9,9378,0.0017
9,8532,0.0017
9,9038,0.0017
9,5494,0.0017
9,8593,0.0017
9,8662,0.0017
9,6852,0.0017
9,8022,0.0017
9,6701,0.0017
9,9418,0.0017
9,5426,0.0017
9,9823,0.0017
9,9434,0.0017
9,6170,0.0017
9,5016,0.0017
9,9924,0.0017
9,8960,0.0017
9,6454,0.0017
9,7896,0.0017
9,5487,0.0017
9,7113,0.0017
9,6618,0.0017
9,10013,0.0017
9,8711,0.0017
9,6609,0.0017
9,8743,0.0017
9,8755,0.0017
9,5969,0.0017
9,6438,0.0017
9,7330,0.0017
9,9892,0.0017
9,6706,0.0017
9,6344,0.0016
9,8632,0.0016
9,8553,0.0016
9,9696,0.0016
9,7126,0.0016
9,9830,0.0016
9,7725,0.0016
9,9905,0.0016
9,6984,0.0016
9,5078,0.0016
9,8637,0.0016
9,6304,0.0016
9,9858,0.0016
9,7034,0.0016
9,9717,0.0016
9,7631,0.0016
9,7286,0.0016
9,8332,0.0016
9,5857,0.0016
9,6837,0.0016
9,7683,0.0016
9,7571,0.0016
9,9233,0.0016
9,9429,0.0016
9,7180,0.0016
9,5152,0.0016
9,7601,0.0016
9,5480,0.0016
9,7104,0.0016
9,9212,0.0016
9,7668,0.0016
9,5446,0.0016
9,8886,0.0016
9,7474,0.0016
9,5691,0.0016
9,7557,0.0016
9,6626,0.0016
9,6831,0.0016
9,8171,0.0016
9,7973,0.0016
9,7785,0.0016
9,5197,0.0016
9,6401,0.0016
9,8376,0.0016
9,6247,0.0016
9,5160,0.0016
9,9094,0.0016
9,8787,0.0016
9,9315,0.0016
9,6808,0.0016
9,5287,0.0016
9,6899,0.0016
9,5191,0.0016
9,9812,0.0016
9,5314,0.0016
9,5015,0.0016
9,9837,0.0016
9,9846,0.0016
9,5579,0.0016
9,5868,0.0016
9,7456,0.0016
9,8868,0.0016
9,9899,0.0016
9,9980,0.0016
9,5961,0.0016
9,6222,0.0016
9,5028,0.0016
9,6810,0.0016
9,7393,0.0016
9,5481,0.0016
9,9683,0.0016
9,7504,0.0016
9,5527,0.0016
9,5853,0.0016
9,8642,0.0016
9,6731,0.0016
9,8785,0.0016
9,9490,0.0016
9,8953,0.0016
9,9538,0.0016
9,6995,0.0016
9,9338,0.0016
9,5449,0.0016
9,5206,0.0016
9,5151,0.0016
9,9595,0.0016
9,5935,0.0016
9,7573,0.0016
9,8357,0.0016
9,8833,0.0016
9,7273,0.0016
9,6353,0.0016
9,8716,0.0016
9,5917,0.0016
9,7565,0.0016
9,9045,0.0016
9,10032,0.0016
9,9242,0.0016
9,8255,0.0016
9,10000,0.0016
9,6175,0.0016
9,9313,0.0016
9,6277,0.0016
9,6371,0.0016
9,9637,0.0016
9,8239,0.0016
9,5389,0.0016
9,9109,0.0016
9,6060,0.0016
9,10005,0.0016
9,7550,0.0016
9,6819,0.0016
9,6983,0.0016
9,9036,0.0016
9,5195,0.0016
9,5477,0.0016
9,6345,0.0016
9,8410,0.0016
9,9126,0.0016
9,9122,0.0016
9,6241,0.0016
9,5827,0.0016
9,7489,0.0016
9,8804,0.0015
9,8100,0.0015
9,8539,0.0015
9,6603,0.0015
9,6283,0.0015
9,8917,0.0015
9,9606,0.0015
9,7299,0.0015
9,7059,0.0015
9,5070,0.0015
9,8752,0.0015
9,5525,0.0015
9,8497,0.0015
9,5422,0.0015
9,5633,0.0015
9,6768,0.0015
9,6416,0.0015
9,5681,0.0015
9,9722,0.0015
9,8900,0.0015
9,5079,0.0015
9,9796,0.0015
9,7096,0.0015
9,6135,0.0015
9,6528,0.0015
9,9965,0.0015
9,8214,0.0015
9,8403,0.0015
9,6201,0.0015
9,8565,0.0015
9,8812,0.0015
9,7909,0.0015
9,6011,0.0015
9,9127,0.0015
9,8844,0.0015
9,5938,0.0015
9,6874,0.0015
9,9349,0.0015
9,6489,0.0015
9,9035,0.0015
9,5460,0.0015
9,5833,0.0015
9,7554,0.0015
9,5118,0.0015
9,8846,0.0015
9,5372,0.0015
9,9011,0.0015
9,8865,0.0015
9,6014,0.0015
9,8056,0.0015
9,7521,0.0015
9,9612,0.0015
9,5018,0.0015
9,7632,0.0015
9,5555,0.0015
9,6041,0.0015
9,7809,0.0015
9,7422,0.0015
9,8311,0.0015
9,5947,0.0015
9,9529,0.0015
9,5248,0.0015
9,9118,0.0015
9,6450,0.0015
9,6155,0.0015
9,9244,0.0015
9,9452,0.0015
9,7103,0.0015
9,5948,0.0015
9,8004,0.0015
9,5385,0.0015
9,5041,0.0015
9,9069,0.0015
9,6364,0.0015
9,8744,0.0015
9,8444,0.0015
9,9575,0.0015
9,5724,0.0015
9,6433,0.0015
9,6027,0.0015
9,6143,0.0015
9,10004,0.0015
9,9723,0.0015
9,8843,0.0015
9,6276,0.0015
9,6342,0.0015
9,8140,0.0015
9,7988,0.0015
9,6195,0.0015
9,9246,0.0015
9,9441,0.0015
9,7778,0.0015
9,5695,0.0015
9,5054,0.0015
9,7985,0.0015
9,5029,0.0015
9,8608,0.0015
9,6734,0.0015
9,6270,0.0015
9,8598,0.0014
9,6530,0.0014
9,9018,0.0014
9,6817,0.0014
9,6597,0.0014
9,7862,0.0014
9,5278,0.0014
9,6588,0.0014
9,5912,0.0014
9,7155,0.0014
9,6667,0.0014
9,9815,0.0014
9,8932,0.0014
9,6584,0.0014
9,8997,0.0014
9,6322,0.0014
9,8937,0.0014
9,8721,0.0014
9,8491,0.0014
9,7912,0.0014
9,7933,0.0014
9,7337,0.0014
9,6748,0.0014
9,5712,0.0014
9,6714,0.0014
9,9143,0.0014
9,8417,0.0014
9,6015,0.0014
9,6017,0.0014
9,7418,0.0014
9,7399,0.0014
9,7884,0.0014
9,9029,0.0014
9,9406,0.0014
9,7983,0.0014
9,7581,0.0014
9,7039,0.0014
9,5626,0.0014
9,9453,0.0014
9,6946,0.0014
9,5443,0.0014
9,9417,0.0014
9,5270,0.0014
9,5836,0.0014
9,6228,0.0014
9,8428,0.0014
9,7934,0.0014
9,9636,0.0014
9,8321,0.0014
9,6595,0.0014
9,6968,0.0014
9,6733,0.0014
9,7546,0.0014
9,5956,0.0014
9,5976,0.0014
9,8496,0.0014
9,8703,0.0014
9,9462,0.0014
9,8720,0.0014
9,8127,0.0014
9,8980,0.0014
9,8460,0.0014
9,5942,0.0014
9,5453,0.0014
9,6473,0.0014
9,8466,0.0014
9,8784,0.0014
9,7915,0.0014
9,5194,0.0014
9,7584,0.0014
9,9215,0.0014
9,7339,0.0014
9,5680,0.0014
9,8564,0.0014
9,6066,0.0014
9,7795,0.0014
9,5253,0.0014
9,6403,0.0014
9,9816,0.0014
9,8116,0.0014
9,7424,0.0014
9,6994,0.0014
9,9608,0.0014
9,6765,0.0014
9,7429,0.0014
9,5136,0.0014
9,8318,0.0014
9,8933,0.0014
9,6320,0.0013
9,8509,0.0013
9,7421,0.0013
9,8730,0.0013
9,6524,0.0013
9,8328,0.0013
9,8610,0.0013
9,9168,0.0013
9,9897,0.0013
9,9319,0.0013
9,6038,0.0013
9,9130,0.0013
9,8687,0.0013
9,5677,0.0013
9,6652,0.0013
9,6390,0.0013
9,8289,0.0013
9,7681,0.0013
9,6178,0.0013
9,5150,0.0013
9,5849,0.0013
9,9083,0.0013
9,8169,0.0013
9,9414,0.0013
9,8561,0.0013
9,8023,0.0013
9,9345,0.0013
9,7405,0.0013
9,6900,0.0013
9,7333,0.0013
9,7041,0.0013
9,8981,0.0013
9,7283,0.0013
9,9430,0.0013
9,8408,0.0013
9,9464,0.0013
9,9210,0.0013
9,6508,0.0013
9,10011,0.0013
9,8909,0.0013
9,5731,0.0013
9,8032,0.0013
9,8155,0.0013
9,8529,0.0013
9,5934,0.0013
9,7996,0.0013
9,5729,0.0013
9,9063,0.0013
9,8766,0.0013
9,7028,0.0013
9,8618,0.0013
9,6414,0.0013
9,5208,0.0013
9,7802,0.0013
9,7935,0.0013
9,9309,0.0013
9,9701,0.0013
9,8589,0.0013
9,9920,0.0013
9,7400,0.0013
9,7490,0.0013
9,9909,0.0013
9,9978,0.0013
9,8557,0.0013
9,6598,0.0013
9,7670,0.0013
9,6583,0.0013
9,6628,0.0013
9,6266,0.0013
9,9031,0.0013
9,7989,0.0013
9,7663,0.0013
9,6965,0.0013
9,5132,0.0013
9,9300,0.0013
9,8033,0.0013
9,8781,0.0013
9,7512,0.0013
9,6803,0.0013
9,5342,0.0013
9,5027,0.0012
9,7804,0.0012
9,8898,0.0012
9,9458,0.0012
9,5264,0.0012
9,7711,0.0012
9,8718,0.0012
9,5552,0.0012
9,9493,0.0012
9,6338,0.0012
9,5967,0.0012
9,6790,0.0012
9,6980,0.0012
9,7703,0.0012
9,8137,0.0012
9,8634,0.0012
9,7817,0.0012
9,6898,0.0012
9,6552,0.0012
9,8597,0.0012
9,8635,0.0012
9,9347,0.0012
9,5339,0.0012
9,6033,0.0012
9,5353,0.0012
9,7385,0.0012
9,9374,0.0012
9,7679,0.0012
9,6177,0.0012
9,6952,0.0012
9,6016,0.0012
9,5215,0.0012
9,7344,0.0012
9,6480,0.0012
9,6199,0.0012
9,6160,0.0012
9,7029,0.0012
9,7375,0.0012
9,6088,0.0012
9,5897,0.0011
9,9301,0.0011
9,9571,0.0011
9,5479,0.0011
9,5707,0.0011
9,8026,0.0011
9,6391,0.0011
9,5655,0.0011
9,8906,0.0011
9,7023,0.0011
9,6767,0.0011
9,7203,0.0011
9,7660,0.0011
9,7999,0.0011
9,6025,0.0011
9,9364,0.0011
9,6815,0.0011
9,6374,0.0011
9,7637,0.0011
9,7808,0.0011
9,9222,0.0011
9,9674,0.0011
9,9172,0.0011
9,8419,0.0011
9,7586,0.0011
9,9306,0.0011
9,6013,0.0011
9,5259,0.0011
9,6366,0.0011
9,5861,0.0011
9,5537,0.0011
9,8027,0.0011
9,7607,0.0011
9,9850,0.0011
9,9023,0.0011
9,5845,0.0011
9,7807,0.0011
9,6551,0.0011
9,5790,0.0011
9,6271,0.0011
9,8385,0.0011
9,5236,0.0011
9,6739,0.0011
9,9605,0.0011
9,7864,0.0011
9,8923,0.0011
9,7205,0.0011
9,8142,0.0011
9,9336,0.0011
9,8706,0.0011
9,7991,0.0011
9,8647,0.0011
9,7656,0.0011
9,9915,0.0011
9,9995,0.0011
9,5952,0.0011
9,8109,0.0011
9,5723,0.0011
9,7006,0.0010
9,7445,0.0010
9,7210,0.0010
9,9218,0.0010
9,7636,0.0010
9,5407,0.0010
9,9737,0.0010
9,7287,0.0010
9,8414,0.0010
9,7217,0.0010
9,6068,0.0010
9,8521,0.0010
9,5034,0.0010
9,9322,0.0010
9,5164,0.0010
9,8708,0.0010
9,5694,0.0010
9,8995,0.0010
9,9333,0.0010
9,8927,0.0010
9,6623,0.0010
9,9258,0.0010
9,10014,0.0010
9,5736,0.0010
9,9999,0.0010
9,7165,0.0010
9,6811,0.0010
9,5963,0.0010
9,5184,0.0010
9,5990,0.0010
9,9917,0.0010
9,5953,0.0010
9,7658,0.0010
9,7774,0.0010
9,5217,0.0010
9,8782,0.0010
9,8152,0.0010
9,8968,0.0010
9,5550,0.0010
9,8777,0.0010
9,5344,0.0010
9,5229,0.0010
9,9770,0.0010
9,5161,0.0010
9,8530,0.0010
9,7410,0.0010
9,9022,0.0010
9,6153,0.0010
9,8029,0.0010
9,9790,0.0010
9,9906,0.0010
9,8430,0.0010
9,5557,0.0010
9,9380,0.0010
9,9818,0.0010
9,6279,0.0010
9,8750,0.0009
9,7406,0.0009
9,5391,0.0009
9,9832,0.0009
9,5149,0.0009
9,9273,0.0009
9,6553,0.0009
9,7818,0.0009
9,5356,0.0009
9,5285,0.0009
9,7523,0.0009
9,5349,0.0009
9,9820,0.0009
9,8531,0.0009
9,9712,0.0009
9,7649,0.0009
9,7618,0.0009
9,5163,0.0009
9,8078,0.0009
9,8167,0.0009
9,5091,0.0009
9,9522,0.0009
9,5689,0.0009
9,8068,0.0009
9,8899,0.0009
9,5978,0.0009
9,8862,0.0009
9,9303,0.0009
9,6538,0.0009
9,8815,0.0009
9,9862,0.0009
9,7657,0.0009
9,5260,0.0009
9,8612,0.0009
9,8240,0.0009
9,7440,0.0008
9,8714,0.0008
9,9373,0.0008
9,5284,0.0008
9,5442,0.0008
9,6388,0.0008
9,6764,0.0008
9,7582,0.0008
9,7625,0.0008
9,8055,0.0008
9,8998,0.0008
9,8054,0.0008
9,6091,0.0008
9,7465,0.0008
9,9147,0.0008
9,6402,0.0008
9,9997,0.0008
9,6735,0.0008
9,8153,0.0008
9,8814,0.0008
9,5872,0.0008
9,5384,0.0008
9,7932,0.0008
9,5196,0.0008
9,6020,0.0008
9,9141,0.0008
9,7522,0.0008
9,7005,0.0008
9,6653,0.0008
9,7380,0.0008
9,8502,0.0008
9,5624,0.0007
9,6545,0.0007
9,6865,0.0007
9,9736,0.0007
9,6188,0.0007
9,9129,0.0007
9,7089,0.0007
9,7559,0.0007
9,9690,0.0007
9,6065,0.0007
9,7561,0.0007
9,5398,0.0007
9,5772,0.0007
9,5371,0.0007
9,7936,0.0007
9,6163,0.0007
9,6511,0.0007
9,7112,0.0007
9,5720,0.0007
9,7211,0.0007
9,9992,0.0006
9,6281,0.0006
9,5040,0.0006
9,5198,0.0006
9,9219,0.0006
9,6654,0.0006
9,6350,0.0006
9,9996,0.0006
9,5574,0.0006
9,8749,0.0006
9,8182,0.0006
9,7545,0.0006
9,5725,0.0005
9,8653,0.0005
9,5133,0.0005
9,7446,0.0005
9,9835,0.0005
9,8636,0.0005
9,6194,0.0005
9,9030,0.0004
9,5773,0.0004
9,9613,0.0004
9,7493,0.0003
10,5053,0.2740
10,5610,0.1782
10,9464,0.1760
10,7079,0.1544
10,8127,0.1497
10,7499,0.1384
10,7808,0.1289
10,8044,0.1268
10,6446,0.1215
10,8520,0.1215
10,6375,0.1195
10,6387,0.1188
10,7346,0.1182
10,8839,0.1078
10,6039,0.1069
10,6828,0.1006
10,9334,0.0995
10,8535,0.0979
10,8628,0.0933
10,7306,0.0914
10,5175,0.0895
10,6892,0.0831
10,6785,0.0817
10,6632,0.0815
10,6247,0.0795
10,6168,0.0771
10,9462,0.0749
10,9372,0.0749
10,5413,0.0735
10,6345,0.0686
10,6727,0.0683
10,8738,0.0683
10,9827,0.0656
10,7180,0.0648
10,8022,0.0632
10,8652,0.0626
10,6532,0.0600
10,7194,0.0592
10,6533,0.0576
10,5180,0.0573
10,8699,0.0560
10,8621,0.0541
10,9122,0.0529
10,7596,0.0509
10,7314,0.0485
10,7181,0.0483
10,10014,0.0479
10,6546,0.0477
10,8526,0.0474
10,8349,0.0470
10,9615,0.0468
10,8840,0.0468
10,9085,0.0467
10,5720,0.0463
10,8362,0.0460
10,5244,0.0460
10,5606,0.0459
10,9378,0.0453
10,6014,0.0443
10,5503,0.0441
10,7127,0.0436
10,7418,0.0436
10,9906,0.0434
10,9986,0.0434
10,7640,0.0431
10,5716,0.0423
10,8916,0.0420
10,7480,0.0412
10,5129,0.0405
10,7433,0.0402
10,9127,0.0400
10,9707,0.0400
10,7498,0.0399
10,8199,0.0399
10,7197,0.0398
10,9402,0.0396
10,7347,0.0393
10,8368,0.0389
10,9427,0.0386
10,8866,0.0385
10,7091,0.0382
10,5922,0.0382
10,7334,0.0381
10,6846,0.0378
10,7518,0.0369
10,7410,0.0365
10,9287,0.0365
10,6049,0.0365
10,6502,0.0363
10,5257,0.0363
10,9705,0.0359
10,8403,0.0357
10,5346,0.0355
10,7335,0.0353
10,9715,0.0352
10,8850,0.0352
10,8463,0.0351
10,6480,0.0349
10,8275,0.0348
10,9658,0.0342
10,9133,0.0342
10,6930,0.0340
10,5928,0.0340
10,9659,0.0340
10,7458,0.0337
10,7834,0.0335
10,6981,0.0333
10,7202,0.0332
10,7567,0.0332
10,5228,0.0331
10,8969,0.0331
10,6993,0.0327
10,7122,0.0325
10,7401,0.0324
10,8635,0.0324
10,6042,0.0322
10,7470,0.0322
10,9581,0.0320
10,9752,0.0320
10,6803,0.0318
10,5271,0.0318
10,5147,0.0317
10,7971,0.0317
10,6322,0.0313
10,6084,0.0312
10,8811,0.0310
10,7364,0.0309
10,9311,0.0308
10,5602,0.0308
10,8825,0.0307
10,5131,0.0307
10,7858,0.0306
10,5354,0.0304
10,7445,0.0304
10,6220,0.0303
10,7565,0.0303
10,9167,0.0302
10,8539,0.0301
10,6735,0.0300
10,9814,0.0299
10,5429,0.0299
10,6115,0.0299
10,8704,0.0298
10,8143,0.0295
10,6822,0.0294
10,7543,0.0293
10,6725,0.0291
10,5618,0.0288
10,9463,0.0288
10,9211,0.0287
10,5787,0.0284
10,7171,0.0284
10,9169,0.0282
10,8577,0.0282
10,9609,0.0279
10,5944,0.0278
10,5390,0.0275
10,5543,0.0273
10,6683,0.0273
10,9938,0.0272
10,8231,0.0272
10,5383,0.0270
10,7814,0.0270
10,8690,0.0270
10,8242,0.0270
10,5433,0.0269
10,7897,0.0268
10,7479,0.0267
10,9239,0.0265
10,8273,0.0264
10,7301,0.0264
10,6204,0.0264
10,5226,0.0263
10,7200,0.0262
10,6929,0.0262
10,5935,0.0261
10,5572,0.0261
10,6980,0.0261
10,9126,0.0261
10,8973,0.0260
10,6398,0.0260
10,6649,0.0257
10,9817,0.0257
10,6998,0.0257
10,9084,0.0256
10,5404,0.0256
10,6644,0.0255
10,9130,0.0255
10,6928,0.0253
10,6989,0.0253
10,8306,0.0253
10,7860,0.0252
10,9275,0.0251
10,6080,0.0250
10,9598,0.0250
10,9769,0.0250
10,8210,0.0249
10,6208,0.0249
10,5089,0.0249
10,8829,0.0248
10,7736,0.0248
10,5417,0.0247
10,8421,0.0246
10,9260,0.0246
10,8046,0.0243
10,8250,0.0243
10,7213,0.0241
10,6199,0.0241
10,7916,0.0240
10,9291,0.0239
10,8566,0.0239
10,6161,0.0238
10,8464,0.0238
10,7544,0.0238
10,9019,0.0237
10,9461,0.0236
10,9506,0.0235
10,9249,0.0234
10,7492,0.0234
10,6254,0.0234
10,7729,0.0234
10,6894,0.0234
10,6562,0.0233
10,7790,0.0233
10,5895,0.0233
10,9134,0.0233
10,9320,0.0233
10,9341,0.0233
10,8931,0.0231
10,5862,0.0230
10,7885,0.0229
10,9413,0.0229
10,9216,0.0228
10,9608,0.0227
10,9181,0.0227
10,8165,0.0227
10,9894,0.0226
10,9692,0.0226
10,5609,0.0225
10,5331,0.0224
10,9839,0.0224
10,7214,0.0224
10,6211,0.0223
10,8584,0.0222
10,9567,0.0221
10,8591,0.0220
10,8348,0.0220
10,5197,0.0219
10,7177,0.0219
10,9123,0.0219
10,6393,0.0219
10,8747,0.0219
10,8503,0.0219
10,5224,0.0219
10,5811,0.0218
10,8438,0.0218
10,8567,0.0217
10,8015,0.0217
10,9681,0.0216
10,8279,0.0216
10,6153,0.0216
10,7363,0.0215
10,9720,0.0215
10,9909,0.0215
10,5649,0.0215
10,8157,0.0215
10,7000,0.0215
10,8546,0.0214
10,7542,0.0213
10,7586,0.0213
10,8755,0.0213
10,9381,0.0213
10,9183,0.0212
10,5536,0.0211
10,8596,0.0211
10,8303,0.0211
10,9087,0.0211
10,9316,0.0210
10,8631,0.0210
10,8151,0.0209
10,8519,0.0209
10,6992,0.0209
10,5190,0.0208
10,5919,0.0207
10,6251,0.0207
10,6578,0.0206
10,8415,0.0206
10,8337,0.0206
10,9883,0.0205
10,8891,0.0205
10,5926,0.0205
10,7997,0.0205
10,6114,0.0205
10,7632,0.0204
10,8138,0.0204
10,7591,0.0204
10,6271,0.0202
10,9774,0.0202
10,6820,0.0202
10,7648,0.0201
10,5314,0.0201
10,8677,0.0200
10,7652,0.0200
10,5535,0.0200
10,6148,0.0199
10,9184,0.0199
10,9893,0.0199
10,6760,0.0199
10,8880,0.0198
10,8003,0.0198
10,9957,0.0198
10,9882,0.0198
10,5367,0.0197
10,5566,0.0197
10,7733,0.0197
10,6336,0.0197
10,5725,0.0197
10,9691,0.0196
10,6565,0.0196
10,8402,0.0195
10,9387,0.0195
10,8557,0.0195
10,5553,0.0194
10,7375,0.0194
10,6986,0.0194
10,6013,0.0194
10,9430,0.0194
10,8398,0.0194
10,10032,0.0194
10,9575,0.0194
10,5372,0.0194
10,9928,0.0193
10,5571,0.0193
10,8551,0.0192
10,6012,0.0192
10,5166,0.0192
10,5176,0.0191
10,8122,0.0191
10,6269,0.0191
10,5936,0.0189
10,8892,0.0189
10,6619,0.0189
10,8769,0.0189
10,8675,0.0187
10,5605,0.0187
10,10005,0.0187
10,6697,0.0186
10,5239,0.0185
10,6874,0.0185
10,9622,0.0185
10,9984,0.0184
10,6868,0.0184
10,7137,0.0184
10,8188,0.0184
10,5754,0.0184
10,9142,0.0184
10,5063,0.0184
10,9991,0.0183
10,9868,0.0183
10,9898,0.0183
10,7715,0.0182
10,8901,0.0182
10,5733,0.0182
10,9426,0.0182
10,5194,0.0182
10,9053,0.0181
10,8775,0.0181
10,5730,0.0181
10,6343,0.0181
10,9674,0.0181
10,8405,0.0181
10,5505,0.0181
10,5418,0.0181
10,7563,0.0180
10,8359,0.0180
10,6555,0.0180
10,9103,0.0180
10,9968,0.0180
10,9374,0.0180
10,7366,0.0180
10,6876,0.0180
10,8728,0.0179
10,9379,0.0179
10,6101,0.0179
10,7101,0.0179
10,7647,0.0178
10,8344,0.0178
10,8630,0.0178
10,7150,0.0178
10,9040,0.0177
10,7176,0.0177
10,8944,0.0177
10,6256,0.0177
10,6797,0.0177
10,5160,0.0176
10,9025,0.0176
10,9518,0.0176
10,5322,0.0175
10,6517,0.0175
10,9667,0.0175
10,5083,0.0175
10,8844,0.0175
10,7541,0.0175
10,9843,0.0174
10,5927,0.0174
10,9165,0.0174
10,9846,0.0174
10,6530,0.0173
10,5973,0.0173
10,9685,0.0173
10,8007,0.0173
10,7749,0.0173
10,7549,0.0172
10,6744,0.0172
10,9884,0.0172
10,8258,0.0172
10,6601,0.0172
10,7161,0.0172
10,5525,0.0172
10,8427,0.0171
10,5542,0.0171
10,6825,0.0171
10,6361,0.0171
10,8887,0.0171
10,7812,0.0170
10,5864,0.0170
10,5626,0.0170
10,6956,0.0170
10,8332,0.0169
10,8882,0.0169
10,6229,0.0169
10,6643,0.0169
10,6526,0.0169
10,9013,0.0169
10,7454,0.0168
10,9956,0.0168
10,8672,0.0168
10,5601,0.0168
10,9469,0.0167
10,6401,0.0167
10,5914,0.0167
10,5373,0.0167
10,7486,0.0167
10,8571,0.0167
10,9754,0.0167
10,8408,0.0167
10,5979,0.0167
10,9284,0.0166
10,9695,0.0166
10,7838,0.0166
10,9272,0.0166
10,5189,0.0166
10,7945,0.0165
10,8239,0.0165
10,7457,0.0165
10,7429,0.0165
10,7080,0.0165
10,6972,0.0164
10,7459,0.0164
10,9078,0.0163
10,9455,0.0163
10,7289,0.0163
10,8587,0.0163
10,8075,0.0163
10,9836,0.0162
10,7163,0.0162
10,6984,0.0162
10,7501,0.0162
10,7566,0.0162
10,9966,0.0161
10,6248,0.0161
10,7670,0.0161
10,9663,0.0161
10,7281,0.0161
10,5899,0.0161
10,8204,0.0161
10,8651,0.0160
10,5708,0.0160
10,5087,0.0160
10,9145,0.0160
10,9112,0.0160
10,8126,0.0160
10,8778,0.0159
10,8247,0.0159
10,7767,0.0159
10,7434,0.0159
10,8159,0.0158
10,8169,0.0158
10,6718,0.0158
10,5809,0.0158
10,5755,0.0158
10,5632,0.0158
10,6016,0.0158
10,8116,0.0157
10,9221,0.0156
10,5125,0.0156
10,6327,0.0156
10,7917,0.0156
10,9057,0.0155
10,7275,0.0155
10,5021,0.0155
10,9905,0.0154
10,5948,0.0154
10,6869,0.0154
10,7152,0.0153
10,9342,0.0153
10,8868,0.0153
10,7903,0.0153
10,8002,0.0153
10,6878,0.0153
10,6069,0.0153
10,9189,0.0152
10,8536,0.0152
10,5256,0.0152
10,5836,0.0152
10,8256,0.0152
10,5055,0.0152
10,7946,0.0152
10,6363,0.0152
10,8280,0.0151
10,7014,0.0151
10,6527,0.0151
10,9026,0.0151
10,5558,0.0151
10,9700,0.0151
10,6950,0.0150
10,10003,0.0150
10,6324,0.0150
10,6185,0.0150
10,7451,0.0150
10,8616,0.0149
10,7100,0.0149
10,8489,0.0149
10,6659,0.0149
10,8666,0.0149
10,8881,0.0148
10,6758,0.0148
10,5940,0.0148
10,9841,0.0148
10,6569,0.0148
10,8679,0.0148
10,5689,0.0148
10,7015,0.0148
10,7215,0.0148
10,6528,0.0148
10,9277,0.0148
10,6149,0.0147
10,6779,0.0147
10,7841,0.0147
10,5335,0.0147
10,6460,0.0147
10,6346,0.0147
10,8925,0.0146
10,5330,0.0146
10,6426,0.0146
10,5848,0.0146
10,6650,0.0146
10,8248,0.0146
10,6641,0.0146
10,7332,0.0145
10,6662,0.0145
10,7535,0.0145
10,9246,0.0145
10,6055,0.0145
10,5937,0.0145
10,5262,0.0145
10,6893,0.0145
10,7878,0.0144
10,6332,0.0144
10,6963,0.0144
10,5968,0.0144
10,5533,0.0144
10,5866,0.0144
10,8622,0.0144
10,7989,0.0144
10,8696,0.0143
10,7925,0.0143
10,6671,0.0143
10,9340,0.0143
10,7629,0.0143
10,7853,0.0143
10,9908,0.0142
10,9596,0.0142
10,6968,0.0142
10,9634,0.0142
10,7046,0.0142
10,5057,0.0142
10,8561,0.0141
10,8314,0.0141
10,9890,0.0141
10,7550,0.0141
10,9096,0.0141
10,8387,0.0140
10,9680,0.0140
10,7732,0.0140
10,9481,0.0140
10,9764,0.0140
10,5565,0.0140
10,6629,0.0139
10,7129,0.0139
10,8486,0.0139
10,7044,0.0139
10,8391,0.0139
10,8893,0.0139
10,6383,0.0139
10,7157,0.0139
10,7190,0.0138
10,9390,0.0138
10,5106,0.0138
10,6273,0.0138
10,8406,0.0138
10,9961,0.0138
10,7302,0.0138
10,7078,0.0138
10,6196,0.0137
10,6805,0.0137
10,5655,0.0137
10,8292,0.0137
10,7436,0.0136
10,7063,0.0136
10,8505,0.0136
10,9712,0.0136
10,5245,0.0136
10,7891,0.0135
10,8004,0.0135
10,9048,0.0135
10,9881,0.0135
10,5031,0.0135
10,6772,0.0135
10,8751,0.0135
10,8603,0.0135
10,7050,0.0134
10,6634,0.0134
10,6923,0.0134
10,8328,0.0134
10,8752,0.0134
10,6216,0.0134
10,8715,0.0134
10,5956,0.0134
10,5963,0.0134
10,8262,0.0134
10,7789,0.0134
10,8759,0.0134
10,8144,0.0133
10,8081,0.0133
10,9424,0.0133
10,5717,0.0133
10,7579,0.0133
10,9502,0.0133
10,7553,0.0133
10,9946,0.0133
10,7193,0.0132
10,5516,0.0132
10,5888,0.0132
10,6266,0.0132
10,8615,0.0132
10,6608,0.0132
10,8771,0.0132
10,6699,0.0132
10,6679,0.0132
10,9767,0.0132
10,6184,0.0132
10,6940,0.0131
10,6487,0.0131
10,9718,0.0131
10,8025,0.0131
10,5729,0.0131
10,9624,0.0131
10,7929,0.0130
10,5611,0.0130
10,8356,0.0130
10,7004,0.0130
10,7494,0.0129
10,8525,0.0129
10,7398,0.0129
10,6600,0.0129
10,9154,0.0129
10,5839,0.0129
10,9725,0.0129
10,9885,0.0129
10,9141,0.0129
10,6638,0.0129
10,5158,0.0129
10,8801,0.0128
10,8091,0.0128
10,5748,0.0128
10,9238,0.0128
10,9000,0.0128
10,7861,0.0127
10,7148,0.0127
10,8855,0.0127
10,5420,0.0127
10,9892,0.0127
10,6612,0.0127
10,9203,0.0127
10,8934,0.0127
10,8170,0.0127
10,7413,0.0127
10,9437,0.0127
10,8650,0.0127
10,5248,0.0127
10,6233,0.0126
10,6529,0.0126
10,5700,0.0126
10,8441,0.0126
10,8166,0.0126
10,7831,0.0126
10,9253,0.0126
10,7910,0.0126
10,9780,0.0126
10,6121,0.0125
10,8658,0.0125
10,9850,0.0125
10,8908,0.0125
10,8761,0.0125
10,9879,0.0125
10,8475,0.0125
10,7951,0.0125
10,7954,0.0125
10,6896,0.0125
10,9003,0.0125
10,9515,0.0125
10,9964,0.0125
10,8518,0.0125
10,9931,0.0125
10,8375,0.0124
10,6515,0.0124
10,5513,0.0124
10,6078,0.0124
10,5024,0.0124
10,7764,0.0124
10,6591,0.0124
10,9549,0.0124
10,8606,0.0124
10,6682,0.0124
10,9831,0.0124
10,9951,0.0124
10,7395,0.0124
10,7304,0.0124
10,7053,0.0123
10,5762,0.0123
10,7481,0.0123
10,5842,0.0123
10,5764,0.0123
10,6926,0.0123
10,7374,0.0123
10,9583,0.0123
10,7483,0.0123
10,7098,0.0123
10,7619,0.0123
10,9877,0.0123
10,8053,0.0123
10,6170,0.0122
10,8717,0.0122
10,5061,0.0122
10,8726,0.0122
10,6245,0.0122
10,6536,0.0122
10,8523,0.0122
10,8021,0.0122
10,6411,0.0122
10,8960,0.0121
10,9990,0.0121
10,5252,0.0121
10,5014,0.0121
10,8515,0.0121
10,7771,0.0121
10,5167,0.0121
10,9616,0.0121
10,5493,0.0121
10,6918,0.0121
10,6988,0.0121
10,8009,0.0121
10,6754,0.0121
10,6887,0.0121
10,5069,0.0121
10,5065,0.0121
10,7008,0.0120
10,5520,0.0120
10,7051,0.0120
10,7280,0.0120
10,6044,0.0120
10,7317,0.0120
10,8578,0.0120
10,8265,0.0120
10,9170,0.0120
10,9869,0.0120
10,9677,0.0120
10,5366,0.0120
10,9359,0.0119
10,6752,0.0119
10,5954,0.0119
10,5512,0.0119
10,5657,0.0119
10,8443,0.0119
10,7562,0.0119
10,6060,0.0118
10,9604,0.0118
10,7290,0.0118
10,6844,0.0118
10,8853,0.0118
10,6239,0.0118
10,8394,0.0117
10,5568,0.0117
10,7128,0.0117
10,8807,0.0117
10,9073,0.0117
10,7390,0.0117
10,5205,0.0117
10,9015,0.0117
10,6603,0.0117
10,9075,0.0117
10,5840,0.0117
10,9365,0.0117
10,8673,0.0116
10,8137,0.0116
10,8953,0.0116
10,5146,0.0116
10,6602,0.0116
10,8945,0.0116
10,7009,0.0116
10,9058,0.0116
10,6368,0.0116
10,5073,0.0116
10,9636,0.0116
10,9913,0.0115
10,5541,0.0115
10,8080,0.0115
10,7803,0.0115
10,6935,0.0115
10,6770,0.0115
10,6932,0.0115
10,9979,0.0115
10,6237,0.0115
10,10026,0.0115
10,5138,0.0114
10,5752,0.0114
10,5402,0.0114
10,7859,0.0114
10,5898,0.0114
10,8016,0.0114
10,9987,0.0114
10,8384,0.0114
10,8619,0.0114
10,5360,0.0113
10,5153,0.0113
10,6564,0.0113
10,8494,0.0113
10,8910,0.0113
10,8542,0.0113
10,7196,0.0113
10,7927,0.0113
10,9243,0.0113
10,6559,0.0113
10,6670,0.0113
10,9435,0.0113
10,8698,0.0113
10,9399,0.0113
10,7935,0.0113
10,6985,0.0113
10,7731,0.0113
10,7288,0.0113
10,9252,0.0113
10,5955,0.0113
10,6217,0.0112
10,9093,0.0112
10,9655,0.0112
10,6470,0.0112
10,5974,0.0112
10,5191,0.0112
10,8682,0.0112
10,8036,0.0112
10,7222,0.0112
10,9766,0.0112
10,5718,0.0112
10,8513,0.0112
10,9473,0.0112
10,6592,0.0111
10,9439,0.0111
10,9972,0.0111
10,9729,0.0111
10,5312,0.0111
10,7277,0.0111
10,7419,0.0111
10,5813,0.0111
10,6884,0.0111
10,8822,0.0111
10,7905,0.0111
10,7744,0.0111
10,5522,0.0110
10,9425,0.0110
10,6508,0.0110
10,6187,0.0110
10,8528,0.0110
10,5870,0.0110
10,7593,0.0110
10,8339,0.0110
10,7154,0.0110
10,7552,0.0110
10,8856,0.0110
10,6232,0.0110
10,8139,0.0110
10,7428,0.0110
10,7475,0.0110
10,6574,0.0110
10,8228,0.0110
10,6281,0.0110
10,8243,0.0110
10,6637,0.0110
10,6618,0.0109
10,5934,0.0109
10,6459,0.0109
10,8271,0.0109
10,6325,0.0109
10,8198,0.0109
10,7219,0.0109
10,8742,0.0109
10,9566,0.0109
10,7785,0.0109
10,7225,0.0109
10,7440,0.0108
10,8295,0.0108
10,9656,0.0108
10,8467,0.0108
10,9612,0.0108
10,7049,0.0108
10,5379,0.0108
10,7305,0.0108
10,5818,0.0108
10,7701,0.0108
10,7416,0.0107
10,8605,0.0107
10,5345,0.0107
10,8346,0.0107
10,7068,0.0107
10,5998,0.0107
10,7763,0.0107
10,6920,0.0107
10,7793,0.0107
10,9790,0.0107
10,8150,0.0107
10,5844,0.0107
10,5013,0.0107
10,5883,0.0107
10,5072,0.0107
10,5987,0.0107
10,7517,0.0107
10,7057,0.0106
10,9475,0.0106
10,9157,0.0106
10,8530,0.0106
10,7521,0.0106
10,7081,0.0106
10,5976,0.0106
10,7003,0.0106
10,7707,0.0106
10,8902,0.0106
10,7779,0.0106
10,8220,0.0106
10,8246,0.0106
10,7741,0.0106
10,5445,0.0106
10,6052,0.0106
10,5975,0.0106
10,9897,0.0106
10,7209,0.0106
10,9981,0.0106
10,6410,0.0106
10,9815,0.0106
10,8397,0.0105
10,6045,0.0105
10,9265,0.0105
10,8524,0.0105
10,8507,0.0105
10,7016,0.0105
10,7748,0.0105
10,5971,0.0105
10,6832,0.0105
10,5865,0.0105
10,6070,0.0105
10,7338,0.0105
10,5833,0.0105
10,5042,0.0105
10,7801,0.0105
10,5246,0.0105
10,7322,0.0105
10,8291,0.0105
10,8663,0.0105
10,9393,0.0105
10,7291,0.0105
10,5738,0.0104
10,5341,0.0104
10,7757,0.0104
10,5825,0.0104
10,7583,0.0104
10,9259,0.0104
10,5238,0.0104
10,8731,0.0104
10,8970,0.0104
10,9863,0.0104
10,7627,0.0104
10,8805,0.0104
10,7756,0.0104
10,6407,0.0104
10,9795,0.0104
10,6094,0.0104
10,5494,0.0104
10,6500,0.0104
10,5722,0.0104
10,7676,0.0103
10,8462,0.0103
10,6054,0.0103
10,9638,0.0103
10,8154,0.0103
10,5419,0.0103
10,5917,0.0103
10,5438,0.0103
10,8470,0.0103
10,6043,0.0103
10,5627,0.0103
10,5243,0.0103
10,9985,0.0103
10,8263,0.0103
10,8886,0.0103
10,6415,0.0103
10,6299,0.0103
10,6367,0.0103
10,6166,0.0102
10,9282,0.0102
10,6842,0.0102
10,7556,0.0102
10,5776,0.0102
10,5857,0.0102
10,6534,0.0102
10,7791,0.0102
10,9215,0.0102
10,9874,0.0102
10,8488,0.0102
10,8554,0.0102
10,6848,0.0102
10,8744,0.0102
10,6439,0.0101
10,5401,0.0101
10,9012,0.0101
10,5317,0.0101
10,5684,0.0101
10,8649,0.0101
10,6134,0.0101
10,5941,0.0101
10,6342,0.0101
10,9698,0.0101
10,7915,0.0101
10,5211,0.0101
10,6826,0.0101
10,9257,0.0101
10,5950,0.0101
10,8653,0.0101
10,9708,0.0101
10,5357,0.0101
10,6872,0.0101
10,7828,0.0101
10,9728,0.0101
10,8382,0.0100
10,6468,0.0100
10,9664,0.0100
10,6742,0.0100
10,7525,0.0100
10,7839,0.0100
10,8390,0.0100
10,7047,0.0100
10,7578,0.0100
10,8208,0.0100
10,9682,0.0100
10,8045,0.0100
10,7527,0.0100
10,6053,0.0100
10,6710,0.0100
10,8324,0.0100
10,8803,0.0099
10,8974,0.0099
10,5029,0.0099
10,7665,0.0099
10,7634,0.0099
10,6586,0.0099
10,6611,0.0099
10,8794,0.0099
10,7709,0.0099
10,5230,0.0099
10,7590,0.0099
10,9834,0.0099
10,6139,0.0099
10,7977,0.0099
10,9606,0.0099
10,6285,0.0099
10,8020,0.0099
10,6483,0.0099
10,5501,0.0098
10,8986,0.0098
10,6236,0.0098
10,9840,0.0098
10,8410,0.0098
10,5597,0.0098
10,5363,0.0098
10,7224,0.0098
10,5465,0.0098
10,9896,0.0098
10,6330,0.0098
10,8435,0.0098
10,8419,0.0098
10,9849,0.0098
10,9710,0.0098
10,7353,0.0098
10,9687,0.0098
10,7666,0.0098
10,9468,0.0098
10,7295,0.0098
10,9603,0.0098
10,7462,0.0098
10,5562,0.0098
10,7680,0.0097
10,7496,0.0097
10,8059,0.0097
10,7173,0.0097
10,7490,0.0097
10,8638,0.0097
10,7164,0.0097
10,7373,0.0097
10,8123,0.0097
10,6824,0.0097
10,8039,0.0097
10,8365,0.0097
10,8992,0.0097
10,6518,0.0097
10,5119,0.0097
10,6429,0.0097
10,5739,0.0097
10,9789,0.0097
10,7516,0.0097
10,7337,0.0097
10,5765,0.0097
10,7760,0.0096
10,7357,0.0096
10,9106,0.0096
10,8186,0.0096
10,7062,0.0096
10,6566,0.0096
10,7041,0.0096
10,5060,0.0096
10,7502,0.0096
10,9717,0.0096
10,6059,0.0096
10,8285,0.0096
10,5137,0.0096
10,9855,0.0096
10,8230,0.0096
10,8939,0.0096
10,5109,0.0096
10,7508,0.0096
10,9276,0.0095
10,7115,0.0095
10,7116,0.0095
10,6458,0.0095
10,8592,0.0095
10,6448,0.0095
10,7072,0.0095
10,7832,0.0095
10,6117,0.0095
10,5364,0.0095
10,8905,0.0095
10,8817,0.0095
10,8425,0.0095
10,9702,0.0095
10,9824,0.0095
10,10024,0.0095
10,6696,0.0095
10,8522,0.0095
10,7400,0.0095
10,5584,0.0095
10,7900,0.0095
10,8943,0.0095
10,8670,0.0095
10,8377,0.0095
10,5488,0.0095
10,5786,0.0094
10,5860,0.0094
10,6730,0.0094
10,8366,0.0094
10,7755,0.0094
10,5457,0.0094
10,9441,0.0094
10,6405,0.0094
10,8784,0.0094
10,8393,0.0094
10,9857,0.0094
10,8965,0.0094
10,6947,0.0094
10,7345,0.0094
10,9111,0.0094
10,5587,0.0094
10,5478,0.0094
10,5098,0.0094
10,6635,0.0094
10,9716,0.0094
10,5290,0.0093
10,5263,0.0093
10,5759,0.0093
10,7414,0.0093
10,5467,0.0093
10,8810,0.0093
10,9554,0.0093
10,8716,0.0093
10,5858,0.0093
10,9686,0.0093
10,6001,0.0093
10,5375,0.0093
10,7921,0.0093
10,8019,0.0093
10,8786,0.0093
10,5867,0.0093
10,8556,0.0093
10,5814,0.0093
10,7600,0.0093
10,7597,0.0092
10,8644,0.0092
10,9939,0.0092
10,6916,0.0092
10,5696,0.0092
10,8857,0.0092
10,5359,0.0092
10,5142,0.0092
10,9977,0.0092
10,9356,0.0092
10,5777,0.0092
10,7848,0.0092
10,5828,0.0092
10,6307,0.0092
10,6804,0.0092
10,5688,0.0092
10,7889,0.0092
10,5784,0.0092
10,6209,0.0092
10,8553,0.0092
10,5099,0.0092
10,5528,0.0092
10,8914,0.0092
10,5120,0.0092
10,5797,0.0092
10,6599,0.0092
10,5800,0.0092
10,9678,0.0091
10,6729,0.0091
10,8018,0.0091
10,9434,0.0091
10,9500,0.0091
10,10018,0.0091
10,6833,0.0091
10,5254,0.0091
10,9858,0.0091
10,9762,0.0091
10,6491,0.0091
10,7054,0.0091
10,9738,0.0091
10,6258,0.0091
10,6902,0.0091
10,6272,0.0091
10,5432,0.0091
10,5295,0.0091
10,5498,0.0091
10,9285,0.0091
10,5959,0.0091
10,5071,0.0091
10,6841,0.0091
10,6112,0.0091
10,6167,0.0091
10,5421,0.0091
10,8287,0.0091
10,8282,0.0091
10,5832,0.0091
10,5827,0.0091
10,9587,0.0091
10,8047,0.0091
10,8389,0.0091
10,5332,0.0091
10,9206,0.0091
10,7857,0.0090
10,7643,0.0090
10,6675,0.0090
10,6157,0.0090
10,5796,0.0090
10,6027,0.0090
10,5274,0.0090
10,5485,0.0090
10,8558,0.0090
10,6768,0.0090
10,5681,0.0090
10,9179,0.0090
10,8429,0.0090
10,5588,0.0090
10,9392,0.0090
10,5145,0.0090
10,7415,0.0090
10,6302,0.0090
10,9177,0.0090
10,8011,0.0090
10,9139,0.0090
10,7539,0.0090
10,5625,0.0090
10,9626,0.0090
10,9449,0.0090
10,8732,0.0089
10,8153,0.0089
10,5075,0.0089
10,7188,0.0089
10,9318,0.0089
10,7356,0.0089
10,8286,0.0089
10,8639,0.0089
10,9143,0.0089
10,8399,0.0089
10,5368,0.0089
10,6203,0.0089
10,5621,0.0089
10,6385,0.0089
10,9733,0.0089
10,9498,0.0089
10,9090,0.0089
10,8102,0.0089
10,8060,0.0089
10,7854,0.0089
10,7097,0.0089
10,9973,0.0089
10,7822,0.0089
10,7310,0.0089
10,8061,0.0089
10,8193,0.0088
10,5872,0.0088
10,5702,0.0088
10,9927,0.0088
10,9041,0.0088
10,7526,0.0088
10,9536,0.0088
10,8364,0.0088
10,6780,0.0088
10,9969,0.0088
10,9422,0.0088
10,5460,0.0088
10,8860,0.0088
10,6702,0.0088
10,8849,0.0088
10,9683,0.0088
10,7633,0.0088
10,5957,0.0088
10,9926,0.0088
10,7699,0.0088
10,7923,0.0088
10,9436,0.0088
10,9632,0.0088
10,6142,0.0088
10,9512,0.0088
10,5918,0.0088
10,9222,0.0088
10,8090,0.0088
10,5685,0.0088
10,5482,0.0088
10,6912,0.0088
10,9755,0.0088
10,9251,0.0088
10,5017,0.0088
10,9741,0.0088
10,7920,0.0087
10,7871,0.0087
10,5673,0.0087
10,6098,0.0087
10,5118,0.0087
10,6243,0.0087
10,6455,0.0087
10,8465,0.0087
10,7319,0.0087
10,6086,0.0087
10,5414,0.0087
10,5728,0.0087
10,8689,0.0087
10,6493,0.0087
10,6863,0.0087
10,8804,0.0087
10,6040,0.0087
10,8449,0.0087
10,9369,0.0087
10,9867,0.0087
10,5394,0.0087
10,8326,0.0087
10,5267,0.0087
10,5100,0.0087
10,8890,0.0087
10,5110,0.0087
10,5374,0.0087
10,8223,0.0087
10,9235,0.0087
10,9721,0.0086
10,9758,0.0086
10,6909,0.0086
10,8386,0.0086
10,5104,0.0086
10,8302,0.0086
10,9507,0.0086
10,9477,0.0086
10,6048,0.0086
10,8564,0.0086
10,7139,0.0086
10,7472,0.0086
10,6905,0.0086
10,7297,0.0086
10,6751,0.0086
10,8757,0.0086
10,7110,0.0086
10,9172,0.0086
10,5397,0.0086
10,8305,0.0086
10,5746,0.0086
10,8864,0.0086
10,8099,0.0086
10,9660,0.0086
10,8105,0.0086
10,8549,0.0086
10,5770,0.0086
10,7231,0.0086
10,9713,0.0086
10,6334,0.0086
10,5492,0.0086
10,5788,0.0086
10,5642,0.0086
10,5333,0.0085
10,9989,0.0085
10,5744,0.0085
10,6029,0.0085
10,9039,0.0085
10,7780,0.0085
10,8859,0.0085
10,9517,0.0085
10,7816,0.0085
10,9192,0.0085
10,5891,0.0085
10,8774,0.0085
10,6428,0.0085
10,10028,0.0085
10,7618,0.0085
10,7178,0.0085
10,7377,0.0085
10,8050,0.0085
10,7712,0.0085
10,6263,0.0085
10,6123,0.0085
10,8361,0.0085
10,9280,0.0085
10,5698,0.0085
10,6522,0.0085
10,6606,0.0085
10,5469,0.0084
10,9405,0.0084
10,6478,0.0084
10,5600,0.0084
10,8317,0.0084
10,7510,0.0084
10,5025,0.0084
10,9912,0.0084
10,6865,0.0084
10,9240,0.0084
10,5255,0.0084
10,6845,0.0084
10,7617,0.0084
10,5096,0.0084
10,8961,0.0084
10,5033,0.0084
10,7085,0.0084
10,8420,0.0084
10,6037,0.0084
10,9022,0.0084
10,6279,0.0084
10,6927,0.0084
10,7399,0.0084
10,9719,0.0084
10,5380,0.0083
10,6664,0.0083
10,8977,0.0083
10,7409,0.0083
10,6264,0.0083
10,5751,0.0083
10,5758,0.0083
10,5434,0.0083
10,7682,0.0083
10,7776,0.0083
10,7587,0.0083
10,8124,0.0083
10,6370,0.0083
10,5044,0.0083
10,7928,0.0083
10,7623,0.0083
10,5108,0.0083
10,9114,0.0083
10,8847,0.0083
10,9614,0.0083
10,6854,0.0083
10,8117,0.0083
10,9328,0.0083
10,8128,0.0083
10,6282,0.0083
10,9706,0.0083
10,9080,0.0083
10,5032,0.0083
10,9476,0.0082
10,5869,0.0082
10,6358,0.0082
10,8858,0.0082
10,9907,0.0082
10,9492,0.0082
10,9788,0.0082
10,6238,0.0082
10,6294,0.0082
10,6159,0.0082
10,9693,0.0082
10,9539,0.0082
10,5002,0.0082
10,7663,0.0082
10,8184,0.0082
10,5112,0.0082
10,5296,0.0082
10,5464,0.0082
10,8179,0.0082
10,6873,0.0082
10,9602,0.0082
10,5779,0.0082
10,7874,0.0082
10,8756,0.0082
10,7772,0.0082
10,7694,0.0082
10,6404,0.0082
10,7595,0.0082
10,7120,0.0082
10,10027,0.0082
10,7408,0.0082
10,6722,0.0081
10,5723,0.0081
10,9504,0.0081
10,9528,0.0081
10,5890,0.0081
10,8958,0.0081
10,7064,0.0081
10,9676,0.0081
10,9916,0.0081
10,5376,0.0081
10,5781,0.0081
10,6676,0.0081
10,8460,0.0081
10,6549,0.0081
10,8800,0.0081
10,7669,0.0081
10,9644,0.0081
10,5067,0.0081
10,9781,0.0081
10,5472,0.0081
10,7352,0.0081
10,8648,0.0081
10,7092,0.0081
10,7911,0.0081
10,7691,0.0081
10,8665,0.0081
10,7696,0.0080
10,9397,0.0080
10,7559,0.0080
10,9534,0.0080
10,5805,0.0080
10,5745,0.0080
10,9368,0.0080
10,9714,0.0080
10,6496,0.0080
10,6587,0.0080
10,5785,0.0080
10,6563,0.0080
10,9065,0.0080
10,7450,0.0080
10,8899,0.0080
10,5319,0.0080
10,6790,0.0080
10,6002,0.0080
10,8437,0.0080
10,8611,0.0080
10,10029,0.0080
10,9793,0.0080
10,8660,0.0080
10,5337,0.0080
10,7336,0.0080
10,7873,0.0080
10,5192,0.0080
10,5483,0.0079
10,8595,0.0079
10,8878,0.0079
10,9998,0.0079
10,8872,0.0079
10,9404,0.0079
10,8946,0.0079
10,7328,0.0079
10,5123,0.0079
10,8837,0.0079
10,5288,0.0079
10,5614,0.0079
10,7351,0.0079
10,8740,0.0079
10,8296,0.0079
10,8623,0.0079
10,8167,0.0079
10,5091,0.0079
10,6657,0.0079
10,7761,0.0079
10,6182,0.0079
10,8071,0.0079
10,6105,0.0079
10,5821,0.0079
10,8454,0.0079
10,7654,0.0079
10,6622,0.0079
10,6257,0.0079
10,6390,0.0079
10,6221,0.0079
10,5187,0.0078
10,6292,0.0078
10,6156,0.0078
10,7058,0.0078
10,6310,0.0078
10,9870,0.0078
10,7950,0.0078
10,5489,0.0078
10,9066,0.0078
10,9533,0.0078
10,8092,0.0078
10,5526,0.0078
10,6951,0.0078
10,9124,0.0078
10,5011,0.0078
10,7031,0.0078
10,7726,0.0078
10,8950,0.0078
10,6494,0.0078
10,6467,0.0078
10,5769,0.0078
10,5491,0.0078
10,8293,0.0078
10,7664,0.0078
10,6320,0.0077
10,6867,0.0077
10,5453,0.0077
10,8369,0.0077
10,7077,0.0077
10,5732,0.0077
10,7887,0.0077
10,8537,0.0077
10,9264,0.0077
10,6431,0.0077
10,8990,0.0077
10,7850,0.0077
10,7421,0.0077
10,8545,0.0077
10,6270,0.0077
10,5801,0.0077
10,9997,0.0077
10,7706,0.0077
10,7186,0.0077
10,5962,0.0077
10,5521,0.0077
10,10030,0.0077
10,9325,0.0077
10,7223,0.0077
10,8185,0.0077
10,9934,0.0077
10,9077,0.0077
10,9191,0.0077
10,8972,0.0077
10,9035,0.0076
10,8221,0.0076
10,6836,0.0076
10,5623,0.0076
10,8315,0.0076
10,9527,0.0076
10,7888,0.0076
10,7170,0.0076
10,8319,0.0076
10,5771,0.0076
10,5868,0.0076
10,6858,0.0076
10,5984,0.0076
10,5658,0.0076
10,7662,0.0076
10,9929,0.0076
10,6997,0.0076
10,9185,0.0076
10,9499,0.0076
10,9005,0.0076
10,8374,0.0076
10,5849,0.0076
10,7717,0.0076
10,8625,0.0076
10,5428,0.0076
10,5185,0.0076
10,8789,0.0076
10,9761,0.0076
10,6246,0.0076
10,8741,0.0076
10,8873,0.0076
10,5881,0.0076
10,5454,0.0076
10,8923,0.0076
10,8358,0.0076
10,8993,0.0076
10,8072,0.0075
10,7343,0.0075
10,8380,0.0075
10,9785,0.0075
10,7813,0.0075
10,7620,0.0075
10,10009,0.0075
10,6096,0.0075
10,6492,0.0075
10,8508,0.0075
10,8446,0.0075
10,7313,0.0075
10,8948,0.0075
10,5278,0.0075
10,7675,0.0075
10,9745,0.0075
10,6908,0.0075
10,6961,0.0075
10,6347,0.0075
10,8770,0.0075
10,5292,0.0075
10,9315,0.0075
10,9099,0.0075
10,5462,0.0075
10,8885,0.0075
10,5967,0.0075
10,8835,0.0075
10,6507,0.0075
10,7609,0.0074
10,5669,0.0074
10,7952,0.0074
10,8148,0.0074
10,6073,0.0074
10,9673,0.0074
10,5947,0.0074
10,5652,0.0074
10,5880,0.0074
10,8667,0.0074
10,8158,0.0074
10,8959,0.0074
10,6075,0.0074
10,7040,0.0074
10,7608,0.0074
10,8483,0.0074
10,8234,0.0074
10,6886,0.0074
10,5989,0.0074
10,7059,0.0074
10,8879,0.0074
10,8241,0.0074
10,5340,0.0074
10,7034,0.0074
10,6453,0.0074
10,9701,0.0074
10,9514,0.0074
10,6227,0.0074
10,6915,0.0074
10,7169,0.0074
10,5140,0.0074
10,5911,0.0074
10,8347,0.0074
10,6982,0.0074
10,7833,0.0074
10,7211,0.0074
10,8585,0.0074
10,8791,0.0074
10,5704,0.0073
10,10025,0.0073
10,5561,0.0073
10,8799,0.0073
10,8654,0.0073
10,7548,0.0073
10,8842,0.0073
10,6089,0.0073
10,6471,0.0073
10,9045,0.0073
10,9200,0.0073
10,9801,0.0073
10,6808,0.0073
10,8941,0.0073
10,7276,0.0073
10,6381,0.0073
10,9802,0.0073
10,7825,0.0073
10,5450,0.0073
10,7970,0.0073
10,7612,0.0073
10,8373,0.0073
10,8289,0.0073
10,8055,0.0073
10,7220,0.0073
10,6850,0.0073
10,7894,0.0073
10,9645,0.0073
10,5115,0.0073
10,6615,0.0073
10,6437,0.0073
10,5411,0.0072
10,8569,0.0072
10,8312,0.0072
10,9056,0.0072
10,6499,0.0072
10,8310,0.0072
10,6225,0.0072
10,7070,0.0072
10,5049,0.0072
10,5831,0.0072
10,6907,0.0072
10,6058,0.0072
10,8687,0.0072
10,6688,0.0072
10,6505,0.0072
10,7700,0.0072
10,6181,0.0072
10,5497,0.0072
10,5585,0.0072
10,9471,0.0072
10,5731,0.0072
10,6621,0.0072
10,6919,0.0072
10,7872,0.0072
10,8985,0.0072
10,8440,0.0072
10,7311,0.0072
10,5038,0.0072
10,5088,0.0072
10,8613,0.0072
10,9017,0.0072
10,9833,0.0072
10,7036,0.0072
10,7487,0.0072
10,9349,0.0072
10,5644,0.0072
10,8120,0.0072
10,9432,0.0071
10,5222,0.0071
10,9530,0.0071
10,8487,0.0071
10,7824,0.0071
10,5653,0.0071
10,5978,0.0071
10,6953,0.0071
10,5633,0.0071
10,7941,0.0071
10,7349,0.0071
10,5081,0.0071
10,6636,0.0071
10,7392,0.0071
10,7179,0.0071
10,5819,0.0071
10,6838,0.0071
10,6723,0.0071
10,6056,0.0071
10,9703,0.0071
10,7918,0.0071
10,7881,0.0071
10,9591,0.0071
10,8445,0.0071
10,9038,0.0071
10,9147,0.0071
10,9214,0.0071
10,8066,0.0071
10,6964,0.0071
10,8671,0.0071
10,9545,0.0071
10,9270,0.0071
10,8012,0.0071
10,7182,0.0071
10,8434,0.0071
10,5726,0.0071
10,5854,0.0071
10,7554,0.0070
10,9901,0.0070
10,9438,0.0070
10,8101,0.0070
10,7668,0.0070
10,7845,0.0070
10,6278,0.0070
10,6781,0.0070
10,5168,0.0070
10,8376,0.0070
10,6655,0.0070
10,5182,0.0070
10,8736,0.0070
10,6433,0.0070
10,7316,0.0070
10,5329,0.0070
10,8870,0.0070
10,7820,0.0070
10,6010,0.0070
10,8424,0.0070
10,5045,0.0070
10,9091,0.0070
10,8074,0.0070
10,6750,0.0070
10,5289,0.0070
10,7937,0.0070
10,9654,0.0070
10,6051,0.0070
10,5743,0.0070
10,6364,0.0070
10,7727,0.0070
10,5240,0.0070
10,6348,0.0070
10,9409,0.0070
10,5615,0.0070
10,9529,0.0070
10,8792,0.0070
10,7282,0.0070
10,5113,0.0070
10,8452,0.0070
10,6023,0.0070
10,8037,0.0070
10,8436,0.0070
10,8865,0.0070
10,9100,0.0070
10,5321,0.0069
10,5336,0.0069
10,5293,0.0069
10,8111,0.0069
10,5036,0.0069
10,6085,0.0069
10,6116,0.0069
10,7788,0.0069
10,7140,0.0069
10,7982,0.0069
10,8745,0.0069
10,5196,0.0069
10,6200,0.0069
10,9408,0.0069
10,7740,0.0069
10,6435,0.0069
10,9028,0.0069
10,5410,0.0069
10,9263,0.0069
10,5023,0.0069
10,8640,0.0069
10,9180,0.0069
10,5107,0.0069
10,9182,0.0069
10,6189,0.0069
10,7692,0.0069
10,7166,0.0069
10,7065,0.0069
10,6443,0.0068
10,7995,0.0068
10,8511,0.0068
10,6849,0.0068
10,6669,0.0068
10,6425,0.0068
10,8594,0.0068
10,6099,0.0068
10,6812,0.0068
10,5461,0.0068
10,5737,0.0068
10,8432,0.0068
10,7226,0.0068
10,7528,0.0068
10,5767,0.0068
10,8560,0.0068
10,5604,0.0068
10,8222,0.0068
10,8257,0.0068
10,8543,0.0068
10,7829,0.0068
10,5362,0.0068
10,9233,0.0068
10,7589,0.0068
10,5970,0.0068
10,6889,0.0068
10,7467,0.0068
10,7106,0.0068
10,5677,0.0068
10,5671,0.0068
10,8338,0.0068
10,9684,0.0068
10,5648,0.0068
10,6936,0.0068
10,7896,0.0068
10,8217,0.0068
10,6922,0.0067
10,7907,0.0067
10,5816,0.0067
10,5634,0.0067
10,9746,0.0067
10,7899,0.0067
10,7884,0.0067
10,5942,0.0067
10,9290,0.0067
10,5560,0.0067
10,8957,0.0067
10,5470,0.0067
10,9101,0.0067
10,7653,0.0067
10,9004,0.0067
10,9943,0.0067
10,5877,0.0067
10,6447,0.0067
10,6753,0.0067
10,9853,0.0067
10,8083,0.0067
10,7847,0.0067
10,5126,0.0067
10,10001,0.0067
10,5170,0.0067
10,7386,0.0067
10,8739,0.0067
10,7183,0.0067
10,5607,0.0067
10,8447,0.0067
10,7359,0.0067
10,6925,0.0067
10,6547,0.0067
10,5574,0.0067
10,5693,0.0067
10,7569,0.0067
10,5563,0.0067
10,7840,0.0067
10,8563,0.0067
10,8245,0.0067
10,8821,0.0067
10,5908,0.0067
10,7084,0.0067
10,7420,0.0067
10,5132,0.0066
10,5451,0.0066
10,8215,0.0066
10,6357,0.0066
10,6749,0.0066
10,5475,0.0066
10,9819,0.0066
10,7933,0.0066
10,5269,0.0066
10,6960,0.0066
10,9429,0.0066
10,7138,0.0066
10,9933,0.0066
10,6861,0.0066
10,7294,0.0066
10,6440,0.0066
10,8401,0.0066
10,8378,0.0066
10,8688,0.0066
10,6276,0.0066
10,7369,0.0066
10,5510,0.0066
10,5507,0.0066
10,8340,0.0066
10,8911,0.0066
10,6207,0.0066
10,6213,0.0066
10,7956,0.0066
10,7671,0.0066
10,5179,0.0066
10,5886,0.0066
10,6399,0.0066
10,5887,0.0066
10,8297,0.0066
10,7695,0.0066
10,7949,0.0066
10,8502,0.0066
10,5291,0.0066
10,5209,0.0066
10,6660,0.0066
10,5822,0.0066
10,5400,0.0066
10,7931,0.0065
10,6106,0.0065
10,8749,0.0065
10,8063,0.0065
10,6442,0.0065
10,6607,0.0065
10,5101,0.0065
10,5303,0.0065
10,6000,0.0065
10,7684,0.0065
10,9727,0.0065
10,5856,0.0065
10,7229,0.0065
10,8877,0.0065
10,7607,0.0065
10,9555,0.0065
10,6287,0.0065
10,8270,0.0065
10,5783,0.0065
10,7737,0.0065
10,8213,0.0065
10,6301,0.0065
10,8964,0.0065
10,7835,0.0065
10,9919,0.0065
10,5519,0.0065
10,5830,0.0065
10,5300,0.0065
10,9532,0.0065
10,5761,0.0065
10,8294,0.0065
10,8428,0.0065
10,7934,0.0065
10,6397,0.0065
10,6422,0.0065
10,6206,0.0065
10,5650,0.0065
10,6374,0.0065
10,8501,0.0065
10,7045,0.0065
10,9662,0.0065
10,6714,0.0065
10,8662,0.0065
10,8956,0.0065
10,8473,0.0065
10,8100,0.0065
10,7588,0.0065
10,8983,0.0065
10,8456,0.0065
10,9731,0.0065
10,6108,0.0065
10,7439,0.0065
10,5159,0.0065
10,5019,0.0065
10,5775,0.0064
10,6746,0.0064
10,5188,0.0064
10,8211,0.0064
10,8809,0.0064
10,5048,0.0064
10,8657,0.0064
10,8308,0.0064
10,5105,0.0064
10,7042,0.0064
10,6535,0.0064
10,5646,0.0064
10,6616,0.0064
10,8379,0.0064
10,7679,0.0064
10,8955,0.0064
10,6834,0.0064
10,8477,0.0064
10,7023,0.0064
10,8404,0.0064
10,6791,0.0064
10,8607,0.0064
10,9229,0.0064
10,7329,0.0064
10,9586,0.0064
10,9442,0.0064
10,8313,0.0064
10,9362,0.0064
10,5495,0.0064
10,8767,0.0064
10,7605,0.0064
10,8954,0.0064
10,7117,0.0064
10,9995,0.0064
10,5713,0.0064
10,9822,0.0064
10,5342,0.0064
10,8824,0.0064
10,7361,0.0064
10,5443,0.0064
10,8883,0.0064
10,8729,0.0064
10,9739,0.0064
10,6331,0.0064
10,6103,0.0064
10,7962,0.0064
10,6379,0.0064
10,5834,0.0064
10,7292,0.0064
10,8527,0.0064
10,8936,0.0064
10,6879,0.0063
10,9339,0.0063
10,5907,0.0063
10,7585,0.0063
10,8176,0.0063
10,8225,0.0063
10,8917,0.0063
10,6402,0.0063
10,9042,0.0063
10,9400,0.0063
10,6813,0.0063
10,9361,0.0063
10,8051,0.0063
10,9796,0.0063
10,7616,0.0063
10,6034,0.0063
10,6519,0.0063
10,8796,0.0063
10,5995,0.0063
10,8712,0.0063
10,6580,0.0063
10,9810,0.0063
10,8058,0.0063
10,5768,0.0063
10,5299,0.0063
10,7689,0.0063
10,9550,0.0063
10,7924,0.0063
10,7341,0.0063
10,7681,0.0063
10,9578,0.0063
10,8160,0.0063
10,9999,0.0063
10,8626,0.0063
10,9679,0.0063
10,8776,0.0063
10,8609,0.0063
10,5829,0.0063
10,9749,0.0063
10,8411,0.0063
10,9360,0.0063
10,5305,0.0062
10,6286,0.0062
10,6614,0.0062
10,7389,0.0062
10,7126,0.0062
10,6942,0.0062
10,9860,0.0062
10,5097,0.0062
10,8106,0.0062
10,8874,0.0062
10,10037,0.0062
10,8499,0.0062
10,6736,0.0062
10,8820,0.0062
10,7686,0.0062
10,6646,0.0062
10,7406,0.0062
10,5477,0.0062
10,7308,0.0062
10,6192,0.0062
10,6663,0.0062
10,8629,0.0062
10,9947,0.0062
10,8836,0.0062
10,6377,0.0062
10,5793,0.0062
10,9060,0.0062
10,6970,0.0062
10,8173,0.0062
10,8251,0.0062
10,6214,0.0062
10,7125,0.0062
10,7575,0.0062
10,8085,0.0062
10,6162,0.0062
10,5595,0.0062
10,8423,0.0062
10,6372,0.0062
10,5667,0.0062
10,5181,0.0062
10,7690,0.0062
10,5210,0.0062
10,9650,0.0062
10,5473,0.0062
10,8909,0.0062
10,9307,0.0062
10,6074,0.0062
10,5234,0.0062
10,6432,0.0062
10,6228,0.0062
10,10020,0.0062
10,6337,0.0062
10,8705,0.0062
10,7574,0.0062
10,9295,0.0062
10,7869,0.0062
10,8320,0.0062
10,7218,0.0062
10,9261,0.0062
10,5958,0.0062
10,5378,0.0062
10,5407,0.0062
10,8276,0.0062
10,8311,0.0061
10,5945,0.0061
10,6008,0.0061
10,6786,0.0061
10,6090,0.0061
10,5847,0.0061
10,9688,0.0061
10,8115,0.0061
10,5875,0.0061
10,9642,0.0061
10,8624,0.0061
10,6647,0.0061
10,5059,0.0061
10,9562,0.0061
10,8641,0.0061
10,9845,0.0061
10,6924,0.0061
10,7687,0.0061
10,8266,0.0061
10,9525,0.0061
10,6293,0.0061
10,7227,0.0061
10,8163,0.0061
10,5193,0.0061
10,8107,0.0061
10,9095,0.0061
10,6395,0.0061
10,6434,0.0061
10,7118,0.0061
10,7890,0.0061
10,8325,0.0061
10,7968,0.0061
10,5766,0.0061
10,6975,0.0061
10,6019,0.0061
10,9116,0.0061
10,7851,0.0061
10,5006,0.0061
10,5294,0.0061
10,8823,0.0061
10,7735,0.0061
10,8439,0.0061
10,6351,0.0061
10,5452,0.0061
10,8309,0.0061
10,8876,0.0061
10,6430,0.0061
10,5879,0.0061
10,8966,0.0061
10,9241,0.0061
10,7172,0.0061
10,9089,0.0061
10,9540,0.0061
10,6354,0.0061
10,6095,0.0060
10,5889,0.0060
10,5915,0.0060
10,9891,0.0060
10,7538,0.0060
10,5356,0.0060
10,6796,0.0060
10,6408,0.0060
10,9952,0.0060
10,6406,0.0060
10,6979,0.0060
10,9980,0.0060
10,7901,0.0060
10,7293,0.0060
10,8790,0.0060
10,8261,0.0060
10,5396,0.0060
10,5144,0.0060
10,5351,0.0060
10,9274,0.0060
10,9949,0.0060
10,7892,0.0060
10,9115,0.0060
10,5996,0.0060
10,9782,0.0060
10,6463,0.0060
10,6864,0.0060
10,6540,0.0060
10,8582,0.0060
10,7580,0.0060
10,9854,0.0060
10,6171,0.0060
10,9044,0.0060
10,8646,0.0060
10,6291,0.0060
10,5395,0.0060
10,8371,0.0060
10,7531,0.0060
10,9367,0.0060
10,5219,0.0060
10,6806,0.0060
10,5094,0.0060
10,7123,0.0060
10,7069,0.0060
10,7187,0.0060
10,6525,0.0060
10,7879,0.0060
10,9787,0.0060
10,5221,0.0060
10,8453,0.0060
10,6668,0.0060
10,5204,0.0059
10,8177,0.0059
10,6976,0.0059
10,6774,0.0059
10,8867,0.0059
10,8618,0.0059
10,7794,0.0059
10,8307,0.0059
10,9310,0.0059
10,7383,0.0059
10,9104,0.0059
10,5559,0.0059
10,9033,0.0059
10,6773,0.0059
10,6604,0.0059
10,5052,0.0059
10,8971,0.0059
10,5581,0.0059
10,8043,0.0059
10,5302,0.0059
10,6903,0.0059
10,6047,0.0059
10,8514,0.0059
10,10033,0.0059
10,5951,0.0059
10,6793,0.0059
10,5910,0.0059
10,5309,0.0059
10,8034,0.0059
10,8818,0.0059
10,5586,0.0059
10,7175,0.0059
10,9188,0.0059
10,6747,0.0059
10,7830,0.0059
10,8838,0.0059
10,9557,0.0059
10,7787,0.0059
10,8534,0.0059
10,7156,0.0059
10,9563,0.0059
10,6891,0.0059
10,9102,0.0059
10,7895,0.0059
10,8471,0.0059
10,5447,0.0059
10,8252,0.0059
10,9844,0.0059
10,7478,0.0059
10,8119,0.0059
10,5114,0.0059
10,8604,0.0058
10,6759,0.0058
10,7086,0.0058
10,8828,0.0058
10,6640,0.0058
10,6584,0.0058
10,7453,0.0058
10,9448,0.0058
10,9205,0.0058
10,8848,0.0058
10,6740,0.0058
10,5635,0.0058
10,6083,0.0058
10,9494,0.0058
10,7437,0.0058
10,6473,0.0058
10,7938,0.0058
10,8681,0.0058
10,5613,0.0058
10,7001,0.0058
10,8017,0.0058
10,6290,0.0058
10,6071,0.0058
10,6462,0.0058
10,6717,0.0058
10,8871,0.0058
10,9552,0.0058
10,9588,0.0058
10,7704,0.0058
10,7404,0.0058
10,6249,0.0058
10,5169,0.0058
10,5313,0.0058
10,5320,0.0058
10,8831,0.0058
10,7939,0.0058
10,6382,0.0058
10,9880,0.0058
10,8620,0.0058
10,6794,0.0058
10,5596,0.0058
10,7447,0.0058
10,8572,0.0058
10,9730,0.0058
10,5471,0.0058
10,8067,0.0058
10,6315,0.0058
10,5149,0.0058
10,5807,0.0058
10,8575,0.0058
10,9635,0.0057
10,9353,0.0057
10,9348,0.0057
10,9625,0.0057
10,9751,0.0057
10,5943,0.0057
10,9470,0.0057
10,6906,0.0057
10,7088,0.0057
10,6444,0.0057
10,8038,0.0057
10,9722,0.0057
10,8926,0.0057
10,5355,0.0057
10,6318,0.0057
10,7469,0.0057
10,8996,0.0057
10,5508,0.0057
10,6866,0.0057
10,9899,0.0057
10,6219,0.0057
10,6296,0.0057
10,6856,0.0057
10,7976,0.0057
10,6389,0.0057
10,7011,0.0057
10,5328,0.0057
10,5637,0.0057
10,5896,0.0057
10,6901,0.0057
10,5994,0.0057
10,8598,0.0057
10,6353,0.0057
10,6995,0.0057
10,8133,0.0057
10,9074,0.0057
10,9599,0.0057
10,6476,0.0057
10,5208,0.0057
10,5009,0.0057
10,6144,0.0057
10,10036,0.0057
10,9911,0.0057
10,6544,0.0056
10,7273,0.0056
10,9666,0.0056
10,5047,0.0056
10,5074,0.0056
10,5853,0.0056
10,9775,0.0056
10,9198,0.0056
10,8562,0.0056
10,9043,0.0056
10,5578,0.0056
10,5455,0.0056
10,5070,0.0056
10,5952,0.0056
10,5893,0.0056
10,9508,0.0056
10,7534,0.0056
10,9410,0.0056
10,6198,0.0056
10,7868,0.0056
10,6150,0.0056
10,8889,0.0056
10,9633,0.0056
10,5826,0.0056
10,6987,0.0056
10,5721,0.0056
10,5135,0.0056
10,10006,0.0056
10,9446,0.0056
10,8967,0.0056
10,5882,0.0056
10,9451,0.0056
10,5326,0.0056
10,8933,0.0056
10,5573,0.0056
10,6630,0.0056
10,6183,0.0056
10,9245,0.0056
10,8431,0.0056
10,7048,0.0056
10,7685,0.0056
10,7965,0.0056
10,8994,0.0056
10,10016,0.0056
10,7745,0.0056
10,9067,0.0056
10,7683,0.0056
10,5150,0.0056
10,6311,0.0056
10,7720,0.0056
10,6605,0.0055
10,9641,0.0055
10,8065,0.0055
10,7071,0.0055
10,6025,0.0055
10,7135,0.0055
10,6537,0.0055
10,6174,0.0055
10,5662,0.0055
10,7667,0.0055
10,8041,0.0055
10,5547,0.0055
10,8448,0.0055
10,7532,0.0055
10,6210,0.0055
10,8000,0.0055
10,7876,0.0055
10,8608,0.0055
10,8725,0.0055
10,6837,0.0055
10,5152,0.0055
10,6457,0.0055
10,7883,0.0055
10,7232,0.0055
10,8209,0.0055
10,7032,0.0055
10,7947,0.0055
10,6262,0.0055
10,6855,0.0055
10,6197,0.0055
10,6317,0.0055
10,5564,0.0055
10,6275,0.0055
10,9010,0.0055
10,9954,0.0055
10,9190,0.0055
10,6242,0.0055
10,6449,0.0055
10,5437,0.0055
10,5727,0.0055
10,6028,0.0055
10,8981,0.0055
10,5638,0.0055
10,7325,0.0055
10,7460,0.0055
10,9155,0.0055
10,8869,0.0055
10,9248,0.0055
10,7500,0.0055
10,7121,0.0055
10,6521,0.0055
10,9665,0.0055
10,5905,0.0055
10,6176,0.0055
10,8031,0.0055
10,8490,0.0055
10,9593,0.0055
10,9541,0.0055
10,8189,0.0055
10,7144,0.0055
10,8737,0.0054
10,7303,0.0054
10,7162,0.0054
10,8118,0.0054
10,8048,0.0054
10,9509,0.0054
10,9640,0.0054
10,5458,0.0054
10,5064,0.0054
10,5456,0.0054
10,8040,0.0054
10,9747,0.0054
10,5772,0.0054
10,8516,0.0054
10,6260,0.0054
10,5361,0.0054
10,5603,0.0054
10,8989,0.0054
10,5591,0.0054
10,6427,0.0054
10,9813,0.0054
10,8249,0.0054
10,5268,0.0054
10,8854,0.0054
10,6847,0.0054
10,8451,0.0054
10,8082,0.0054
10,6030,0.0054
10,8552,0.0054
10,10034,0.0054
10,9922,0.0054
10,5617,0.0054
10,7327,0.0054
10,9346,0.0054
10,9135,0.0054
10,9547,0.0054
10,5121,0.0054
10,7017,0.0054
10,9900,0.0054
10,5760,0.0054
10,6472,0.0054
10,6839,0.0054
10,5365,0.0054
10,6469,0.0054
10,7362,0.0054
10,6721,0.0054
10,9153,0.0054
10,8683,0.0054
10,7866,0.0054
10,7855,0.0054
10,8381,0.0054
10,5259,0.0054
10,8450,0.0054
10,6800,0.0054
10,8298,0.0054
10,5449,0.0054
10,6840,0.0054
10,7056,0.0054
10,7515,0.0054
10,7963,0.0054
10,7039,0.0054
10,7350,0.0054
10,5676,0.0054
10,7320,0.0053
10,8724,0.0053
10,6557,0.0053
10,5202,0.0053
10,8062,0.0053
10,6061,0.0053
10,6464,0.0053
10,6481,0.0053
10,8529,0.0053
10,7216,0.0053
10,8695,0.0053
10,7716,0.0053
10,8559,0.0053
10,5645,0.0053
10,5988,0.0053
10,6202,0.0053
10,8589,0.0053
10,9176,0.0053
10,7104,0.0053
10,5480,0.0053
10,5393,0.0053
10,6046,0.0053
10,5794,0.0053
10,9202,0.0053
10,9921,0.0053
10,7673,0.0053
10,7055,0.0053
10,8114,0.0053
10,5304,0.0053
10,9018,0.0053
10,7688,0.0053
10,7482,0.0053
10,5695,0.0053
10,5636,0.0053
10,10022,0.0053
10,5878,0.0053
10,8190,0.0053
10,6994,0.0053
10,9970,0.0053
10,8481,0.0053
10,9431,0.0053
10,6126,0.0053
10,9577,0.0053
10,9852,0.0053
10,5399,0.0053
10,9771,0.0053
10,5476,0.0053
10,8900,0.0052
10,8363,0.0052
10,9932,0.0052
10,9125,0.0052
10,7856,0.0052
10,8643,0.0052
10,6143,0.0052
10,9444,0.0052
10,7898,0.0052
10,6005,0.0052
10,6620,0.0052
10,7611,0.0052
10,7572,0.0052
10,5719,0.0052
10,8797,0.0052
10,6485,0.0052
10,5964,0.0052
10,7488,0.0052
10,5232,0.0052
10,8433,0.0052
10,7886,0.0052
10,5982,0.0052
10,9484,0.0052
10,7660,0.0052
10,5281,0.0052
10,5446,0.0052
10,6454,0.0052
10,7594,0.0052
10,9128,0.0052
10,7631,0.0052
10,5515,0.0052
10,7693,0.0052
10,7384,0.0052
10,7783,0.0052
10,8795,0.0052
10,5538,0.0052
10,7471,0.0052
10,9842,0.0052
10,9915,0.0052
10,6784,0.0052
10,6560,0.0052
10,8940,0.0052
10,8033,0.0052
10,9232,0.0052
10,9296,0.0052
10,5007,0.0052
10,5405,0.0052
10,7107,0.0052
10,9594,0.0052
10,5001,0.0052
10,8497,0.0052
10,7714,0.0052
10,8806,0.0052
10,8632,0.0052
10,9174,0.0052
10,6498,0.0052
10,9510,0.0052
10,6693,0.0052
10,9513,0.0052
10,9559,0.0052
10,6456,0.0052
10,5265,0.0052
10,9081,0.0052
10,6369,0.0051
10,9395,0.0051
10,9224,0.0051
10,7495,0.0051
10,5425,0.0051
10,9569,0.0051
10,8602,0.0051
10,5430,0.0051
10,7758,0.0051
10,6707,0.0051
10,7979,0.0051
10,5215,0.0051
10,8268,0.0051
10,6958,0.0051
10,10012,0.0051
10,6386,0.0051
10,9948,0.0051
10,5310,0.0051
10,7926,0.0051
10,8235,0.0051
10,6252,0.0051
10,9830,0.0051
10,8206,0.0051
10,7114,0.0051
10,9524,0.0051
10,7167,0.0051
10,6093,0.0051
10,5030,0.0051
10,5884,0.0051
10,9014,0.0051
10,7019,0.0051
10,8084,0.0051
10,6782,0.0051
10,6766,0.0051
10,8076,0.0051
10,7511,0.0051
10,5799,0.0051
10,9213,0.0051
10,9748,0.0051
10,9453,0.0051
10,8802,0.0051
10,5474,0.0051
10,7029,0.0051
10,7762,0.0051
10,7656,0.0051
10,6667,0.0051
10,9072,0.0051
10,7606,0.0051
10,5569,0.0051
10,5297,0.0051
10,7998,0.0051
10,6087,0.0051
10,6297,0.0051
10,5037,0.0051
10,9639,0.0051
10,9668,0.0051
10,7702,0.0051
10,5164,0.0051
10,8913,0.0051
10,10035,0.0051
10,6888,0.0051
10,6860,0.0051
10,9082,0.0051
10,5381,0.0051
10,9872,0.0051
10,9375,0.0051
10,6789,0.0051
10,6298,0.0051
10,8240,0.0051
10,7449,0.0051
10,8702,0.0051
10,7324,0.0050
10,5592,0.0050
10,8335,0.0050
10,9732,0.0050
10,8633,0.0050
10,7639,0.0050
10,10031,0.0050
10,5010,0.0050
10,6672,0.0050
10,10019,0.0050
10,5276,0.0050
10,7909,0.0050
10,5579,0.0050
10,8758,0.0050
10,9570,0.0050
10,6708,0.0050
10,9197,0.0050
10,8787,0.0050
10,7986,0.0050
10,7751,0.0050
10,5851,0.0050
10,9976,0.0050
10,9196,0.0050
10,5691,0.0050
10,7650,0.0050
10,9483,0.0050
10,7708,0.0050
10,8918,0.0050
10,6795,0.0050
10,9646,0.0050
10,9866,0.0050
10,5993,0.0050
10,7411,0.0050
10,7199,0.0050
10,9069,0.0050
10,6193,0.0050
10,7738,0.0050
10,6305,0.0050
10,9797,0.0050
10,9959,0.0050
10,8680,0.0050
10,8773,0.0050
10,5972,0.0050
10,7514,0.0050
10,8049,0.0050
10,5280,0.0050
10,8094,0.0050
10,6081,0.0050
10,7330,0.0050
10,7598,0.0050
10,5892,0.0050
10,5841,0.0050
10,8904,0.0050
10,6913,0.0050
10,8754,0.0050
10,6661,0.0050
10,7376,0.0050
10,5415,0.0050
10,8385,0.0050
10,5085,0.0050
10,6711,0.0050
10,9627,0.0050
10,5012,0.0050
10,8984,0.0050
10,7798,0.0050
10,8316,0.0050
10,8032,0.0050
10,8155,0.0050
10,6031,0.0050
10,9329,0.0050
10,8142,0.0049
10,6996,0.0049
10,6633,0.0049
10,8935,0.0049
10,7705,0.0049
10,9456,0.0049
10,7800,0.0049
10,8924,0.0049
10,8982,0.0049
10,6504,0.0049
10,5656,0.0049
10,5496,0.0049
10,5490,0.0049
10,9551,0.0049
10,5154,0.0049
10,8318,0.0049
10,5545,0.0049
10,6881,0.0049
10,7354,0.0049
10,8024,0.0049
10,8418,0.0049
10,8370,0.0049
10,6306,0.0049
10,7497,0.0049
10,9051,0.0049
10,7570,0.0049
10,5846,0.0049
10,5699,0.0049
10,9923,0.0049
10,5327,0.0049
10,6910,0.0049
10,6309,0.0049
10,7703,0.0049
10,8819,0.0049
10,6155,0.0049
10,8355,0.0049
10,5530,0.0049
10,7102,0.0049
10,8576,0.0049
10,9411,0.0049
10,8178,0.0049
10,5000,0.0049
10,7142,0.0049
10,7697,0.0049
10,8500,0.0049
10,8929,0.0049
10,5534,0.0049
10,5639,0.0049
10,7060,0.0049
10,9377,0.0049
10,9415,0.0049
10,7730,0.0049
10,9975,0.0049
10,9178,0.0049
10,8010,0.0048
10,7109,0.0048
10,8843,0.0048
10,6755,0.0048
10,6978,0.0048
10,5079,0.0048
10,7592,0.0048
10,7842,0.0048
10,5499,0.0048
10,6665,0.0048
10,8219,0.0048
10,7641,0.0048
10,6178,0.0048
10,8327,0.0048
10,7371,0.0048
10,7603,0.0048
10,9079,0.0048
10,7013,0.0048
10,9807,0.0048
10,7622,0.0048
10,6136,0.0048
10,5387,0.0048
10,6497,0.0048
10,5308,0.0048
10,9982,0.0048
10,8884,0.0048
10,5352,0.0048
10,7614,0.0048
10,7455,0.0048
10,8798,0.0048
10,7331,0.0048
10,6726,0.0048
10,6365,0.0048
10,7651,0.0048
10,5389,0.0048
10,7010,0.0048
10,8903,0.0048
10,8001,0.0048
10,6761,0.0048
10,6474,0.0048
10,6253,0.0048
10,5589,0.0048
10,7131,0.0048
10,5076,0.0048
10,7865,0.0048
10,7430,0.0048
10,5817,0.0048
10,7192,0.0048
10,6321,0.0048
10,7581,0.0048
10,6685,0.0048
10,5838,0.0048
10,7602,0.0048
10,9689,0.0048
10,5056,0.0048
10,7752,0.0048
10,9564,0.0048
10,5231,0.0048
10,8232,0.0048
10,5039,0.0048
10,7307,0.0048
10,9630,0.0048
10,9704,0.0048
10,5690,0.0048
10,9560,0.0048
10,10015,0.0047
10,6077,0.0047
10,9062,0.0047
10,8218,0.0047
10,5756,0.0047
10,7168,0.0047
10,8035,0.0047
10,7443,0.0047
10,9902,0.0047
10,6376,0.0047
10,9419,0.0047
10,7644,0.0047
10,8472,0.0047
10,8224,0.0047
10,6955,0.0047
10,6424,0.0047
10,7678,0.0047
10,7073,0.0047
10,7160,0.0047
10,9647,0.0047
10,5279,0.0047
10,5247,0.0047
10,7867,0.0047
10,8590,0.0047
10,6190,0.0047
10,6438,0.0047
10,8146,0.0047
10,7379,0.0047
10,6911,0.0047
10,7382,0.0047
10,9443,0.0047
10,6704,0.0047
10,7797,0.0047
10,7615,0.0047
10,5904,0.0047
10,9643,0.0047
10,6145,0.0047
10,8321,0.0047
10,5620,0.0047
10,5369,0.0047
10,7221,0.0047
10,7560,0.0047
10,9487,0.0047
10,8927,0.0047
10,6141,0.0047
10,5178,0.0047
10,9391,0.0047
10,9940,0.0047
10,9734,0.0047
10,7718,0.0047
10,9694,0.0047
10,9950,0.0047
10,6561,0.0047
10,9620,0.0047
10,8980,0.0047
10,9610,0.0047
10,8416,0.0047
10,9046,0.0047
10,5102,0.0047
10,9765,0.0047
10,9847,0.0047
10,5370,0.0047
10,5855,0.0047
10,9811,0.0047
10,9236,0.0047
10,8030,0.0047
10,8912,0.0047
10,7132,0.0047
10,7967,0.0046
10,6724,0.0046
10,8290,0.0046
10,5679,0.0046
10,7159,0.0046
10,7456,0.0046
10,8459,0.0046
10,6277,0.0046
10,5747,0.0046
10,9433,0.0046
10,7530,0.0046
10,6295,0.0046
10,7547,0.0046
10,9384,0.0046
10,6645,0.0046
10,7087,0.0046
10,7061,0.0046
10,7713,0.0046
10,8814,0.0046
10,5384,0.0046
10,8299,0.0046
10,8788,0.0046
10,5466,0.0046
10,6977,0.0046
10,10017,0.0046
10,8574,0.0046
10,7823,0.0046
10,7573,0.0046
10,9059,0.0046
10,9558,0.0046
10,7677,0.0046
10,6388,0.0046
10,6692,0.0046
10,5277,0.0046
10,8097,0.0046
10,7568,0.0046
10,9152,0.0046
10,8200,0.0046
10,5920,0.0046
10,8600,0.0046
10,7953,0.0046
10,6392,0.0046
10,9675,0.0046
10,6627,0.0046
10,6165,0.0046
10,9208,0.0046
10,6967,0.0046
10,9709,0.0046
10,7035,0.0046
10,9036,0.0046
10,9037,0.0046
10,7638,0.0046
10,8149,0.0046
10,5885,0.0045
10,9904,0.0045
10,5093,0.0045
10,8947,0.0045
10,7719,0.0045
10,9800,0.0045
10,5612,0.0045
10,6062,0.0045
10,5066,0.0045
10,8895,0.0045
10,6703,0.0045
10,6631,0.0045
10,9358,0.0045
10,9556,0.0045
10,9958,0.0045
10,7394,0.0045
10,7792,0.0045
10,7621,0.0045
10,6328,0.0045
10,9030,0.0045
10,8896,0.0045
10,7870,0.0045
10,9207,0.0045
10,6173,0.0045
10,6118,0.0045
10,9113,0.0045
10,6284,0.0045
10,8301,0.0045
10,7734,0.0045
10,8458,0.0045
10,7012,0.0045
10,8733,0.0045
10,6609,0.0045
10,5537,0.0045
10,6283,0.0045
10,9803,0.0045
10,7463,0.0045
10,5778,0.0045
10,6851,0.0045
10,6990,0.0045
10,7206,0.0045
10,9967,0.0045
10,6378,0.0045
10,6821,0.0045
10,7942,0.0045
10,8614,0.0045
10,10004,0.0045
10,5504,0.0045
10,5795,0.0045
10,8174,0.0045
10,7746,0.0045
10,9063,0.0045
10,6110,0.0045
10,6595,0.0045
10,6244,0.0045
10,9618,0.0045
10,7504,0.0045
10,9697,0.0045
10,9786,0.0045
10,6778,0.0045
10,9537,0.0045
10,8052,0.0045
10,5249,0.0045
10,5103,0.0045
10,7775,0.0045
10,6066,0.0045
10,5863,0.0045
10,9895,0.0045
10,6240,0.0045
10,8538,0.0045
10,9312,0.0045
10,8304,0.0045
10,9149,0.0045
10,9474,0.0045
10,8915,0.0045
10,7198,0.0044
10,8216,0.0044
10,9071,0.0044
10,6129,0.0044
10,7978,0.0044
10,9344,0.0044
10,6642,0.0044
10,5241,0.0044
10,7747,0.0044
10,9002,0.0044
10,5343,0.0044
10,8694,0.0044
10,5707,0.0044
10,5306,0.0044
10,9420,0.0044
10,8510,0.0044
10,6788,0.0044
10,7204,0.0044
10,7158,0.0044
10,8570,0.0044
10,5835,0.0044
10,8056,0.0044
10,7387,0.0044
10,8352,0.0044
10,6205,0.0044
10,8932,0.0044
10,5791,0.0044
10,9383,0.0044
10,9347,0.0044
10,5020,0.0044
10,7904,0.0044
10,9661,0.0044
10,7974,0.0044
10,8691,0.0044
10,8509,0.0044
10,8187,0.0044
10,6917,0.0044
10,9460,0.0044
10,9016,0.0044
10,5054,0.0044
10,5675,0.0044
10,5242,0.0044
10,8132,0.0044
10,6201,0.0044
10,5487,0.0044
10,9479,0.0044
10,5709,0.0044
10,9653,0.0044
10,6356,0.0044
10,6212,0.0044
10,8342,0.0044
10,8482,0.0044
10,9108,0.0044
10,8942,0.0044
10,7043,0.0044
10,5938,0.0044
10,7846,0.0044
10,8028,0.0044
10,9119,0.0044
10,8743,0.0044
10,7452,0.0044
10,7599,0.0044
10,7877,0.0044
10,8642,0.0044
10,5318,0.0044
10,8753,0.0044
10,7147,0.0044
10,7987,0.0044
10,7769,0.0044
10,5949,0.0044
10,8962,0.0044
10,6003,0.0044
10,8830,0.0044
10,7066,0.0044
10,7391,0.0043
10,7852,0.0043
10,9837,0.0043
10,8259,0.0043
10,8764,0.0043
10,9501,0.0043
10,8269,0.0043
10,8718,0.0043
10,7002,0.0043
10,9971,0.0043
10,8573,0.0043
10,9726,0.0043
10,5859,0.0043
10,6870,0.0043
10,5694,0.0043
10,8760,0.0043
10,5929,0.0043
10,9478,0.0043
10,6802,0.0043
10,9319,0.0043
10,8140,0.0043
10,8442,0.0043
10,6215,0.0043
10,5666,0.0043
10,8532,0.0043
10,6904,0.0043
10,7020,0.0043
10,9526,0.0043
10,7485,0.0043
10,6765,0.0043
10,5136,0.0043
10,9531,0.0043
10,8988,0.0043
10,5392,0.0043
10,6484,0.0043
10,5640,0.0043
10,6871,0.0043
10,7089,0.0043
10,5157,0.0043
10,9156,0.0043
10,5427,0.0043
10,7189,0.0043
10,5173,0.0043
10,6738,0.0043
10,7723,0.0043
10,6068,0.0043
10,8963,0.0043
10,5338,0.0043
10,5084,0.0043
10,9234,0.0043
10,9262,0.0043
10,9826,0.0043
10,9076,0.0043
10,5742,0.0043
10,8480,0.0043
10,5186,0.0043
10,5532,0.0043
10,9458,0.0043
10,5377,0.0043
10,7403,0.0043
10,9805,0.0043
10,8550,0.0043
10,9166,0.0043
10,5703,0.0043
10,8331,0.0043
10,5981,0.0043
10,9503,0.0042
10,9589,0.0042
10,8580,0.0042
10,9838,0.0042
10,9032,0.0042
10,9354,0.0042
10,9804,0.0042
10,9756,0.0042
10,5486,0.0042
10,9150,0.0042
10,8888,0.0042
10,6691,0.0042
10,7506,0.0042
10,9763,0.0042
10,6582,0.0042
10,7919,0.0042
10,8161,0.0042
10,6234,0.0042
10,6882,0.0042
10,7768,0.0042
10,7108,0.0042
10,7355,0.0042
10,10010,0.0042
10,6436,0.0042
10,6380,0.0042
10,8336,0.0042
10,9600,0.0042
10,7827,0.0042
10,9792,0.0042
10,6835,0.0042
10,5008,0.0042
10,5275,0.0042
10,9345,0.0042
10,8300,0.0042
10,9690,0.0042
10,6756,0.0042
10,9631,0.0042
10,5068,0.0042
10,7724,0.0042
10,9289,0.0042
10,9505,0.0042
10,5237,0.0042
10,6716,0.0042
10,8129,0.0042
10,5912,0.0042
10,9171,0.0042
10,6829,0.0042
10,6128,0.0042
10,5651,0.0042
10,9592,0.0042
10,5594,0.0042
10,7285,0.0042
10,7672,0.0042
10,7448,0.0042
10,6366,0.0042
10,6359,0.0042
10,8191,0.0042
10,5005,0.0042
10,5117,0.0041
10,8351,0.0041
10,7799,0.0041
10,5431,0.0041
10,6946,0.0041
10,5782,0.0041
10,7093,0.0041
10,8506,0.0041
10,7849,0.0041
10,5619,0.0041
10,5985,0.0041
10,8496,0.0041
10,8474,0.0041
10,8919,0.0041
10,5598,0.0041
10,7208,0.0041
10,6231,0.0041
10,8006,0.0041
10,8808,0.0041
10,8008,0.0041
10,6194,0.0041
10,8162,0.0041
10,5015,0.0041
10,5933,0.0041
10,6151,0.0041
10,7546,0.0041
10,8156,0.0041
10,9488,0.0041
10,7417,0.0041
10,6274,0.0041
10,5518,0.0041
10,9326,0.0041
10,7922,0.0041
10,6556,0.0041
10,5018,0.0041
10,7380,0.0041
10,8412,0.0041
10,9327,0.0041
10,7228,0.0041
10,5307,0.0041
10,8057,0.0041
10,9064,0.0041
10,6687,0.0041
10,9086,0.0041
10,8861,0.0041
10,6451,0.0041
10,6594,0.0041
10,5780,0.0041
10,6558,0.0041
10,7875,0.0041
10,7368,0.0041
10,6585,0.0041
10,9267,0.0041
10,9576,0.0041
10,7143,0.0040
10,7284,0.0040
10,6445,0.0040
10,9856,0.0040
10,8214,0.0040
10,5916,0.0040
10,6032,0.0040
10,5479,0.0040
10,6329,0.0040
10,8846,0.0040
10,5680,0.0040
10,6303,0.0040
10,5517,0.0040
10,6102,0.0040
10,6158,0.0040
10,7212,0.0040
10,5022,0.0040
10,8087,0.0040
10,8617,0.0040
10,9396,0.0040
10,5134,0.0040
10,7274,0.0040
10,9049,0.0040
10,6577,0.0040
10,6731,0.0040
10,7503,0.0040
10,5315,0.0040
10,5095,0.0040
10,5398,0.0040
10,6543,0.0040
10,7655,0.0040
10,8976,0.0040
10,7722,0.0040
10,7844,0.0040
10,6762,0.0040
10,7540,0.0040
10,5629,0.0040
10,9617,0.0040
10,7533,0.0040
10,9309,0.0040
10,7396,0.0040
10,5894,0.0040
10,7082,0.0040
10,9418,0.0040
10,9828,0.0040
10,7674,0.0040
10,8894,0.0040
10,8195,0.0040
10,7484,0.0040
10,9711,0.0040
10,6475,0.0040
10,7287,0.0040
10,9052,0.0040
10,9292,0.0040
10,9548,0.0040
10,7315,0.0040
10,10021,0.0040
10,7698,0.0040
10,8583,0.0040
10,6568,0.0040
10,7278,0.0040
10,6548,0.0040
10,10039,0.0040
10,9186,0.0040
10,8762,0.0040
10,5220,0.0040
10,5810,0.0040
10,7601,0.0040
10,9960,0.0040
10,9887,0.0040
10,8135,0.0039
10,9047,0.0039
10,5077,0.0039
10,8069,0.0039
10,6452,0.0039
10,5924,0.0039
10,5016,0.0039
10,8255,0.0039
10,8274,0.0039
10,8444,0.0039
10,9148,0.0039
10,9611,0.0039
10,9227,0.0039
10,8763,0.0039
10,9350,0.0039
10,6441,0.0039
10,7635,0.0039
10,5552,0.0039
10,8700,0.0039
10,6571,0.0039
10,7711,0.0039
10,5133,0.0039
10,6409,0.0039
10,8086,0.0039
10,5930,0.0039
10,6261,0.0039
10,8341,0.0039
10,6734,0.0039
10,8875,0.0039
10,6827,0.0039
10,5212,0.0039
10,6617,0.0039
10,9331,0.0039
10,6952,0.0039
10,5820,0.0039
10,5156,0.0039
10,7033,0.0039
10,8697,0.0039
10,7821,0.0039
10,7796,0.0039
10,8383,0.0039
10,6733,0.0039
10,5672,0.0039
10,7367,0.0039
10,5266,0.0039
10,6511,0.0039
10,6719,0.0039
10,9649,0.0039
10,6289,0.0039
10,7906,0.0039
10,9230,0.0039
10,9963,0.0039
10,6712,0.0039
10,9597,0.0039
10,7333,0.0039
10,9322,0.0039
10,7136,0.0039
10,6419,0.0039
10,6852,0.0039
10,5468,0.0039
10,5139,0.0039
10,9486,0.0039
10,5334,0.0039
10,6713,0.0038
10,9314,0.0038
10,7473,0.0038
10,8134,0.0038
10,8664,0.0038
10,7777,0.0038
10,7412,0.0038
10,6512,0.0038
10,9055,0.0038
10,8131,0.0038
10,9648,0.0038
10,9871,0.0038
10,9696,0.0038
10,9561,0.0038
10,7155,0.0038
10,8088,0.0038
10,5546,0.0038
10,8264,0.0038
10,6072,0.0038
10,6314,0.0038
10,5804,0.0038
10,9888,0.0038
10,6450,0.0038
10,5750,0.0038
10,6488,0.0038
10,6135,0.0038
10,9136,0.0038
10,5701,0.0038
10,6113,0.0038
10,8181,0.0038
10,7646,0.0038
10,6349,0.0038
10,8227,0.0038
10,5670,0.0038
10,7205,0.0038
10,8612,0.0038
10,9105,0.0038
10,9542,0.0038
10,9918,0.0038
10,5749,0.0038
10,7880,0.0038
10,6004,0.0038
10,6695,0.0038
10,7912,0.0038
10,7529,0.0038
10,9210,0.0038
10,9823,0.0038
10,6677,0.0038
10,8547,0.0038
10,6418,0.0038
10,7810,0.0038
10,8104,0.0038
10,6362,0.0038
10,7577,0.0038
10,9269,0.0038
10,9480,0.0038
10,5162,0.0038
10,7784,0.0038
10,8281,0.0038
10,8207,0.0038
10,9355,0.0038
10,7207,0.0038
10,8180,0.0038
10,6771,0.0038
10,6180,0.0038
10,8417,0.0038
10,9851,0.0037
10,9573,0.0037
10,9382,0.0037
10,8407,0.0037
10,6177,0.0037
10,5715,0.0037
10,9735,0.0037
10,9777,0.0037
10,7402,0.0037
10,6333,0.0037
10,7424,0.0037
10,9485,0.0037
10,8512,0.0037
10,5808,0.0037
10,6018,0.0037
10,6064,0.0037
10,8064,0.0037
10,6288,0.0037
10,7863,0.0037
10,8937,0.0037
10,5116,0.0037
10,9187,0.0037
10,6973,0.0037
10,5051,0.0037
10,8555,0.0037
10,9416,0.0037
10,9496,0.0037
10,9323,0.0037
10,6823,0.0037
10,7318,0.0037
10,6809,0.0037
10,5444,0.0037
10,7489,0.0037
10,5567,0.0037
10,6067,0.0037
10,8360,0.0037
10,7195,0.0037
10,9421,0.0037
10,7765,0.0037
10,9750,0.0037
10,8121,0.0037
10,9523,0.0037
10,5155,0.0037
10,5554,0.0037
10,5965,0.0037
10,9544,0.0037
10,9212,0.0037
10,7642,0.0037
10,6681,0.0037
10,6939,0.0037
10,6715,0.0037
10,8357,0.0037
10,6948,0.0037
10,5163,0.0037
10,8027,0.0037
10,5706,0.0037
10,6501,0.0037
10,8253,0.0037
10,7628,0.0037
10,5913,0.0037
10,9050,0.0037
10,5301,0.0036
10,5692,0.0036
10,5111,0.0036
10,9027,0.0036
10,9784,0.0036
10,6007,0.0036
10,7940,0.0036
10,5741,0.0036
10,7826,0.0036
10,7468,0.0036
10,5697,0.0036
10,5481,0.0036
10,5506,0.0036
10,6705,0.0036
10,8013,0.0036
10,7427,0.0036
10,8746,0.0036
10,5223,0.0036
10,6510,0.0036
10,8495,0.0036
10,9994,0.0036
10,6122,0.0036
10,8237,0.0036
10,9366,0.0036
10,7151,0.0036
10,6127,0.0036
10,9538,0.0036
10,6226,0.0036
10,7806,0.0036
10,5082,0.0036
10,9584,0.0036
10,5027,0.0036
10,5523,0.0036
10,9942,0.0036
10,5122,0.0036
10,5897,0.0036
10,9637,0.0036
10,5260,0.0036
10,5580,0.0036
10,7759,0.0036
10,5665,0.0036
10,5524,0.0036
10,9743,0.0036
10,7309,0.0036
10,8765,0.0036
10,6100,0.0036
10,6341,0.0036
10,7296,0.0036
10,9306,0.0036
10,7948,0.0036
10,5207,0.0036
10,9825,0.0036
10,5350,0.0036
10,9511,0.0036
10,9092,0.0036
10,7902,0.0036
10,9993,0.0036
10,6138,0.0036
10,8897,0.0036
10,9414,0.0036
10,5735,0.0036
10,5058,0.0036
10,6593,0.0036
10,8469,0.0036
10,7407,0.0036
10,6335,0.0036
10,9757,0.0036
10,7491,0.0036
10,5436,0.0036
10,8780,0.0036
10,7519,0.0036
10,8130,0.0036
10,6678,0.0035
10,6140,0.0035
10,9742,0.0035
10,6743,0.0035
10,6690,0.0035
10,7613,0.0035
10,9760,0.0035
10,8175,0.0035
10,6146,0.0035
10,8544,0.0035
10,8491,0.0035
10,5463,0.0035
10,8734,0.0035
10,6250,0.0035
10,5774,0.0035
10,7096,0.0035
10,6188,0.0035
10,9175,0.0035
10,6769,0.0035
10,6265,0.0035
10,9806,0.0035
10,8832,0.0035
10,9590,0.0035
10,9223,0.0035
10,6006,0.0035
10,5806,0.0035
10,5529,0.0035
10,5983,0.0035
10,6340,0.0035
10,5225,0.0035
10,8565,0.0035
10,5348,0.0035
10,5026,0.0035
10,5687,0.0035
10,9629,0.0035
10,8768,0.0035
10,8668,0.0035
10,8921,0.0035
10,7461,0.0035
10,5576,0.0035
10,9670,0.0035
10,9553,0.0035
10,9244,0.0035
10,6570,0.0035
10,5792,0.0035
10,9812,0.0035
10,6079,0.0035
10,9161,0.0035
10,8079,0.0035
10,9220,0.0034
10,6610,0.0034
10,8627,0.0034
10,9798,0.0034
10,8260,0.0034
10,7344,0.0034
10,8388,0.0034
10,7423,0.0034
10,7052,0.0034
10,5198,0.0034
10,7146,0.0034
10,5080,0.0034
10,5861,0.0034
10,7604,0.0034
10,7442,0.0034
10,5714,0.0034
10,9440,0.0034
10,5448,0.0034
10,8414,0.0034
10,6914,0.0034
10,6326,0.0034
10,6810,0.0034
10,7028,0.0034
10,9068,0.0034
10,6420,0.0034
10,7075,0.0034
10,5531,0.0034
10,9279,0.0034
10,8709,0.0034
10,8834,0.0034
10,5141,0.0034
10,9352,0.0034
10,6280,0.0034
10,6107,0.0034
10,10008,0.0034
10,8710,0.0034
10,9231,0.0034
10,9308,0.0034
10,9034,0.0034
10,6131,0.0034
10,6421,0.0034
10,6323,0.0034
10,8203,0.0034
10,6050,0.0034
10,6817,0.0034
10,6486,0.0034
10,6843,0.0034
10,5923,0.0034
10,6709,0.0034
10,6684,0.0034
10,5946,0.0034
10,8722,0.0034
10,5654,0.0034
10,8485,0.0034
10,6542,0.0034
10,5837,0.0034
10,8322,0.0034
10,8938,0.0034
10,5502,0.0034
10,8656,0.0034
10,8168,0.0034
10,5583,0.0034
10,6172,0.0034
10,9623,0.0034
10,9457,0.0034
10,7105,0.0034
10,9924,0.0033
10,9204,0.0033
10,7388,0.0033
10,7381,0.0033
10,7099,0.0033
10,9332,0.0033
10,5575,0.0033
10,9595,0.0033
10,9778,0.0033
10,6104,0.0033
10,8468,0.0033
10,5539,0.0033
10,7174,0.0033
10,9974,0.0033
10,5172,0.0033
10,9651,0.0033
10,7203,0.0033
10,7957,0.0033
10,9445,0.0033
10,5966,0.0033
10,8930,0.0033
10,6506,0.0033
10,6938,0.0033
10,6575,0.0033
10,5316,0.0033
10,7431,0.0033
10,9613,0.0033
10,5953,0.0033
10,9094,0.0033
10,7184,0.0033
10,5852,0.0033
10,6799,0.0033
10,6875,0.0033
10,6223,0.0033
10,8333,0.0033
10,9237,0.0033
10,6748,0.0033
10,6706,0.0033
10,5540,0.0033
10,7725,0.0033
10,9744,0.0033
10,9889,0.0033
10,5903,0.0033
10,6119,0.0033
10,6965,0.0033
10,9791,0.0033
10,8070,0.0033
10,6658,0.0033
10,9283,0.0033
10,6883,0.0033
10,5459,0.0033
10,5344,0.0033
10,5183,0.0033
10,5324,0.0033
10,10002,0.0033
10,7513,0.0033
10,8455,0.0033
10,9364,0.0033
10,9333,0.0033
10,6394,0.0033
10,6921,0.0033
10,9110,0.0032
10,8812,0.0032
10,6384,0.0032
10,6974,0.0032
10,6186,0.0032
10,8841,0.0032
10,6523,0.0032
10,8793,0.0032
10,5130,0.0032
10,9465,0.0032
10,8735,0.0032
10,9535,0.0032
10,5200,0.0032
10,9201,0.0032
10,6082,0.0032
10,5206,0.0032
10,8637,0.0032
10,5999,0.0032
10,9808,0.0032
10,8785,0.0032
10,9011,0.0032
10,5282,0.0032
10,8395,0.0032
10,7809,0.0032
10,7908,0.0032
10,8723,0.0032
10,9546,0.0032
10,9398,0.0032
10,9023,0.0032
10,5845,0.0032
10,6551,0.0032
10,10038,0.0032
10,5660,0.0032
10,7130,0.0032
10,5570,0.0032
10,6344,0.0032
10,6626,0.0032
10,7230,0.0032
10,6022,0.0032
10,6009,0.0032
10,7323,0.0032
10,5203,0.0032
10,5195,0.0032
10,6495,0.0032
10,9151,0.0032
10,6259,0.0032
10,8593,0.0032
10,5590,0.0032
10,9772,0.0032
10,8692,0.0032
10,7397,0.0032
10,7524,0.0032
10,9363,0.0032
10,7022,0.0032
10,6057,0.0032
10,6775,0.0032
10,7185,0.0032
10,7815,0.0032
10,7786,0.0032
10,8014,0.0032
10,5661,0.0032
10,7766,0.0032
10,8466,0.0032
10,9293,0.0032
10,8610,0.0031
10,8136,0.0031
10,8145,0.0031
10,6479,0.0031
10,5932,0.0031
10,6036,0.0031
10,5509,0.0031
10,5298,0.0031
10,7985,0.0031
10,7507,0.0031
10,5235,0.0031
10,6033,0.0031
10,9672,0.0031
10,7149,0.0031
10,7778,0.0031
10,5980,0.0031
10,5250,0.0031
10,9829,0.0031
10,7426,0.0031
10,5740,0.0031
10,7964,0.0031
10,7300,0.0031
10,7348,0.0031
10,5124,0.0031
10,5909,0.0031
10,7914,0.0031
10,6520,0.0031
10,6933,0.0031
10,8504,0.0031
10,8254,0.0031
10,6154,0.0031
10,8141,0.0031
10,6700,0.0031
10,5631,0.0031
10,9776,0.0031
10,6880,0.0031
10,8182,0.0031
10,6125,0.0031
10,6737,0.0031
10,5148,0.0031
10,9671,0.0031
10,9519,0.0031
10,5386,0.0031
10,8586,0.0031
10,5143,0.0031
10,6728,0.0031
10,5686,0.0031
10,5990,0.0031
10,6819,0.0031
10,9571,0.0031
10,9386,0.0031
10,6943,0.0031
10,9699,0.0031
10,7966,0.0031
10,9351,0.0031
10,8845,0.0031
10,7584,0.0031
10,9497,0.0031
10,8827,0.0031
10,5424,0.0031
10,8707,0.0031
10,7728,0.0031
10,9160,0.0030
10,6581,0.0030
10,6698,0.0030
10,8236,0.0030
10,7981,0.0030
10,5901,0.0030
10,7299,0.0030
10,9621,0.0030
10,8601,0.0030
10,6689,0.0030
10,5900,0.0030
10,6338,0.0030
10,9543,0.0030
10,8898,0.0030
10,6572,0.0030
10,7286,0.0030
10,5028,0.0030
10,6137,0.0030
10,5201,0.0030
10,7558,0.0030
10,6680,0.0030
10,9121,0.0030
10,7626,0.0030
10,7882,0.0030
10,8991,0.0030
10,9120,0.0030
10,6120,0.0030
10,6218,0.0030
10,8703,0.0030
10,8987,0.0030
10,5663,0.0030
10,6514,0.0030
10,5435,0.0030
10,8202,0.0029
10,7509,0.0029
10,5323,0.0029
10,5382,0.0029
10,5969,0.0029
10,8353,0.0029
10,7365,0.0029
10,7134,0.0029
10,6490,0.0029
10,7843,0.0029
10,5184,0.0029
10,7124,0.0029
10,7476,0.0029
10,5311,0.0029
10,5763,0.0029
10,9820,0.0029
10,6065,0.0029
10,6403,0.0029
10,5683,0.0029
10,7279,0.0029
10,8907,0.0029
10,6598,0.0029
10,7537,0.0029
10,8323,0.0029
10,5593,0.0029
10,8422,0.0029
10,7658,0.0029
10,8968,0.0029
10,5004,0.0029
10,9423,0.0029
10,7007,0.0029
10,7576,0.0029
10,7975,0.0029
10,6732,0.0029
10,6741,0.0029
10,5710,0.0029
10,6524,0.0029
10,5582,0.0029
10,9988,0.0029
10,7781,0.0029
10,9944,0.0029
10,8920,0.0029
10,6857,0.0029
10,6241,0.0029
10,9945,0.0029
10,5358,0.0029
10,9278,0.0029
10,8476,0.0029
10,8201,0.0028
10,9305,0.0028
10,9876,0.0028
10,7133,0.0028
10,6588,0.0028
10,6745,0.0028
10,6373,0.0028
10,8413,0.0028
10,5876,0.0028
10,9097,0.0028
10,8719,0.0028
10,9580,0.0028
10,8720,0.0028
10,8533,0.0028
10,9337,0.0028
10,8029,0.0028
10,8183,0.0028
10,5557,0.0028
10,9818,0.0028
10,7094,0.0028
10,9054,0.0028
10,8244,0.0028
10,6954,0.0028
10,7405,0.0028
10,6567,0.0028
10,5229,0.0028
10,5062,0.0028
10,9821,0.0028
10,6944,0.0028
10,7030,0.0028
10,7425,0.0028
10,6589,0.0028
10,6339,0.0028
10,9794,0.0028
10,6899,0.0028
10,9941,0.0028
10,5174,0.0028
10,7721,0.0028
10,6163,0.0028
10,9343,0.0028
10,8272,0.0028
10,8766,0.0028
10,9568,0.0028
10,6020,0.0028
10,7969,0.0028
10,8851,0.0028
10,9783,0.0028
10,5544,0.0028
10,7996,0.0028
10,9628,0.0028
10,7610,0.0028
10,7512,0.0028
10,9324,0.0028
10,6235,0.0028
10,9910,0.0028
10,8238,0.0028
10,6757,0.0028
10,9394,0.0027
10,9490,0.0027
10,8999,0.0027
10,8479,0.0027
10,9371,0.0027
10,8833,0.0027
10,6583,0.0027
10,9724,0.0027
10,9953,0.0027
10,8579,0.0027
10,9273,0.0027
10,5285,0.0027
10,6783,0.0027
10,7090,0.0027
10,6787,0.0027
10,5622,0.0027
10,8343,0.0027
10,10000,0.0027
10,6175,0.0027
10,6957,0.0027
10,5050,0.0027
10,7536,0.0027
10,8951,0.0027
10,9061,0.0027
10,6026,0.0027
10,6763,0.0027
10,9247,0.0027
10,8112,0.0027
10,8548,0.0027
10,7564,0.0027
10,7074,0.0027
10,9930,0.0027
10,6853,0.0027
10,9740,0.0027
10,9225,0.0027
10,6195,0.0027
10,6949,0.0027
10,7659,0.0027
10,9007,0.0027
10,6613,0.0027
10,8078,0.0027
10,9522,0.0027
10,6959,0.0026
10,9601,0.0026
10,6313,0.0026
10,5527,0.0026
10,8042,0.0026
10,9572,0.0026
10,5347,0.0026
10,8949,0.0026
10,8922,0.0026
10,5664,0.0026
10,6319,0.0026
10,9271,0.0026
10,7435,0.0026
10,7770,0.0026
10,7372,0.0026
10,9447,0.0026
10,6423,0.0026
10,8952,0.0026
10,9294,0.0026
10,7441,0.0026
10,7360,0.0026
10,6076,0.0026
10,7025,0.0026
10,9193,0.0026
10,8108,0.0026
10,5555,0.0026
10,9385,0.0026
10,5977,0.0026
10,6815,0.0026
10,9862,0.0026
10,7657,0.0026
10,8693,0.0026
10,8684,0.0026
10,6862,0.0026
10,8826,0.0026
10,8678,0.0026
10,8330,0.0026
10,6396,0.0026
10,8278,0.0026
10,9389,0.0026
10,6590,0.0026
10,7076,0.0026
10,7980,0.0026
10,8674,0.0026
10,7103,0.0026
10,7743,0.0025
10,5233,0.0025
10,5997,0.0025
10,9657,0.0025
10,9266,0.0025
10,9773,0.0025
10,5824,0.0025
10,6509,0.0025
10,9467,0.0025
10,7571,0.0025
10,9723,0.0025
10,9159,0.0025
10,7021,0.0025
10,6255,0.0025
10,7750,0.0025
10,9848,0.0025
10,9955,0.0025
10,9164,0.0025
10,7555,0.0025
10,6035,0.0025
10,5960,0.0025
10,9809,0.0025
10,6937,0.0025
10,7991,0.0025
10,5258,0.0025
10,9281,0.0025
10,5803,0.0025
10,9450,0.0025
10,5608,0.0025
10,8581,0.0025
10,6133,0.0025
10,9914,0.0025
10,6818,0.0025
10,9107,0.0025
10,8409,0.0025
10,6111,0.0025
10,8997,0.0025
10,7959,0.0025
10,7742,0.0025
10,9875,0.0025
10,8541,0.0025
10,5199,0.0025
10,5412,0.0025
10,9070,0.0025
10,6573,0.0025
10,8686,0.0024
10,7837,0.0024
10,5388,0.0024
10,9168,0.0024
10,8998,0.0024
10,5628,0.0024
10,5127,0.0024
10,5406,0.0024
10,9335,0.0024
10,5273,0.0024
10,8089,0.0024
10,9832,0.0024
10,5003,0.0024
10,5668,0.0024
10,6304,0.0024
10,9579,0.0024
10,5511,0.0024
10,7505,0.0024
10,6308,0.0024
10,6890,0.0024
10,5986,0.0024
10,6674,0.0024
10,8205,0.0024
10,9459,0.0024
10,6352,0.0024
10,6831,0.0024
10,6625,0.0024
10,7958,0.0024
10,5484,0.0024
10,5931,0.0024
10,6130,0.0024
10,9878,0.0024
10,9131,0.0024
10,5815,0.0024
10,6360,0.0024
10,9286,0.0024
10,8484,0.0024
10,5151,0.0024
10,8005,0.0023
10,9357,0.0023
10,7557,0.0023
10,8226,0.0023
10,7630,0.0023
10,7944,0.0023
10,8229,0.0023
10,7932,0.0023
10,8772,0.0023
10,9163,0.0023
10,6038,0.0023
10,7782,0.0023
10,6983,0.0023
10,6877,0.0023
10,6962,0.0023
10,6656,0.0023
10,9936,0.0023
10,9983,0.0023
10,6739,0.0023
10,5874,0.0023
10,9083,0.0023
10,7984,0.0023
10,7326,0.0023
10,7298,0.0023
10,9753,0.0023
10,9006,0.0023
10,8777,0.0023
10,8995,0.0023
10,6011,0.0023
10,7960,0.0023
10,5043,0.0023
10,6807,0.0023
10,9521,0.0023
10,5349,0.0023
10,8669,0.0023
10,6900,0.0023
10,9965,0.0023
10,6596,0.0023
10,7990,0.0023
10,5035,0.0023
10,6966,0.0023
10,10011,0.0022
10,6945,0.0022
10,9140,0.0022
10,8329,0.0022
10,7464,0.0022
10,6639,0.0022
10,6312,0.0022
10,9297,0.0022
10,8354,0.0022
10,6092,0.0022
10,5902,0.0022
10,5165,0.0022
10,6539,0.0022
10,9607,0.0022
10,9574,0.0022
10,6316,0.0022
10,5325,0.0022
10,7802,0.0022
10,9288,0.0022
10,8517,0.0022
10,8727,0.0022
10,8750,0.0022
10,8096,0.0022
10,8073,0.0022
10,6931,0.0022
10,5921,0.0022
10,7710,0.0022
10,5353,0.0022
10,5416,0.0022
10,8748,0.0022
10,9158,0.0022
10,8711,0.0022
10,9031,0.0022
10,7943,0.0022
10,9228,0.0022
10,7438,0.0022
10,8478,0.0022
10,9268,0.0022
10,7370,0.0021
10,8372,0.0021
10,5261,0.0021
10,9493,0.0021
10,7805,0.0021
10,5128,0.0021
10,6152,0.0021
10,9118,0.0021
10,5046,0.0021
10,7955,0.0021
10,7153,0.0021
10,6482,0.0021
10,7551,0.0021
10,5171,0.0021
10,7018,0.0021
10,6017,0.0021
10,6554,0.0021
10,9338,0.0021
10,8113,0.0021
10,8277,0.0021
10,9412,0.0021
10,7817,0.0021
10,9652,0.0021
10,6516,0.0021
10,9669,0.0021
10,9619,0.0021
10,7024,0.0021
10,9835,0.0021
10,5736,0.0021
10,9403,0.0020
10,7385,0.0020
10,9482,0.0020
10,5641,0.0020
10,6465,0.0020
10,7432,0.0020
10,6531,0.0020
10,9173,0.0020
10,7864,0.0020
10,7477,0.0020
10,9008,0.0020
10,8400,0.0020
10,7645,0.0020
10,9865,0.0020
10,6503,0.0020
10,8647,0.0020
10,5371,0.0020
10,7936,0.0020
10,9917,0.0020
10,5798,0.0020
10,5647,0.0020
10,5426,0.0020
10,7961,0.0020
10,6941,0.0020
10,8147,0.0020
10,5391,0.0020
10,7145,0.0020
10,5272,0.0020
10,9859,0.0020
10,7378,0.0020
10,9021,0.0020
10,9428,0.0020
10,9209,0.0020
10,8212,0.0020
10,6686,0.0020
10,9029,0.0020
10,9406,0.0020
10,8026,0.0019
10,5041,0.0019
10,7339,0.0019
10,9304,0.0019
10,8906,0.0019
10,6579,0.0019
10,6971,0.0019
10,7027,0.0019
10,5734,0.0019
10,5264,0.0019
10,9886,0.0019
10,9321,0.0019
10,9370,0.0019
10,9472,0.0019
10,5823,0.0019
10,6720,0.0019
10,8685,0.0019
10,9226,0.0019
10,7312,0.0019
10,8813,0.0019
10,6576,0.0019
10,5599,0.0019
10,8350,0.0019
10,10007,0.0019
10,7358,0.0019
10,9495,0.0019
10,6628,0.0019
10,9109,0.0019
10,8093,0.0019
10,8023,0.0019
10,8392,0.0019
10,9585,0.0019
10,8172,0.0019
10,5236,0.0019
10,9779,0.0019
10,9256,0.0018
10,6830,0.0018
10,5802,0.0018
10,8192,0.0018
10,9336,0.0018
10,6191,0.0018
10,8103,0.0018
10,7026,0.0018
10,9162,0.0018
10,8109,0.0018
10,9330,0.0018
10,9582,0.0018
10,9903,0.0018
10,7972,0.0018
10,5711,0.0018
10,5925,0.0018
10,7795,0.0018
10,6816,0.0018
10,6041,0.0018
10,9217,0.0018
10,5556,0.0018
10,6355,0.0018
10,9299,0.0018
10,5682,0.0018
10,7913,0.0018
10,5939,0.0018
10,9925,0.0018
10,6934,0.0018
10,8708,0.0018
10,9565,0.0018
10,8098,0.0018
10,6776,0.0018
10,6164,0.0018
10,5643,0.0018
10,9962,0.0017
10,9454,0.0017
10,5403,0.0017
10,6300,0.0017
10,9144,0.0017
10,8233,0.0017
10,6811,0.0017
10,6461,0.0017
10,5422,0.0017
10,6021,0.0017
10,5753,0.0017
10,8588,0.0017
10,5423,0.0017
10,5812,0.0017
10,5705,0.0017
10,8284,0.0017
10,8676,0.0017
10,6969,0.0017
10,5161,0.0017
10,7422,0.0017
10,8110,0.0017
10,9300,0.0017
10,5659,0.0017
10,5674,0.0016
10,9452,0.0016
10,8095,0.0016
10,5385,0.0016
10,9009,0.0016
10,6477,0.0016
10,7993,0.0016
10,7545,0.0016
10,9302,0.0016
10,9491,0.0016
10,5078,0.0016
10,7754,0.0016
10,8457,0.0016
10,7862,0.0016
10,5789,0.0016
10,8171,0.0016
10,6798,0.0016
10,5177,0.0016
10,8531,0.0016
10,9768,0.0016
10,9317,0.0016
10,6673,0.0016
10,6400,0.0016
10,6694,0.0016
10,7340,0.0015
10,8975,0.0015
10,8197,0.0015
10,7083,0.0015
10,6160,0.0015
10,8068,0.0015
10,5253,0.0015
10,8816,0.0015
10,7321,0.0015
10,7836,0.0015
10,9407,0.0015
10,9303,0.0015
10,7773,0.0015
10,8852,0.0015
10,9873,0.0015
10,5712,0.0015
10,6550,0.0015
10,9489,0.0015
10,7446,0.0015
10,9298,0.0015
10,9255,0.0015
10,9088,0.0015
10,5961,0.0015
10,7393,0.0015
10,8283,0.0014
10,8194,0.0014
10,8568,0.0014
10,9137,0.0014
10,9242,0.0014
10,5906,0.0014
10,6701,0.0014
10,6091,0.0014
10,9799,0.0014
10,6015,0.0014
10,5843,0.0014
10,7992,0.0014
10,9199,0.0014
10,7804,0.0014
10,8521,0.0014
10,6859,0.0014
10,8493,0.0014
10,5227,0.0014
10,6413,0.0013
10,7038,0.0013
10,6124,0.0013
10,5850,0.0013
10,5500,0.0013
10,5086,0.0013
10,6132,0.0013
10,8345,0.0013
10,8779,0.0013
10,6230,0.0013
10,6666,0.0013
10,5514,0.0013
10,6999,0.0013
10,7466,0.0013
10,9920,0.0013
10,7141,0.0012
10,6814,0.0012
10,6792,0.0012
10,8396,0.0012
10,7999,0.0012
10,6489,0.0012
10,8334,0.0012
10,9935,0.0012
10,8661,0.0012
10,9401,0.0012
10,6991,0.0012
10,8267,0.0012
10,8928,0.0011
10,9132,0.0011
10,9466,0.0011
10,7739,0.0011
10,6541,0.0011
10,7994,0.0011
10,8125,0.0011
10,7520,0.0011
10,7067,0.0011
10,7191,0.0011
10,8196,0.0011
10,7811,0.0011
10,7893,0.0011
10,5339,0.0011
10,7582,0.0011
10,5034,0.0011
10,9978,0.0011
10,8979,0.0011
10,9001,0.0011
10,9605,0.0011
10,6350,0.0011
10,9020,0.0010
10,5286,0.0010
10,7201,0.0010
10,6063,0.0010
10,5616,0.0010
10,5408,0.0010
10,7753,0.0010
10,7624,0.0010
10,8863,0.0010
10,5991,0.0010
10,9520,0.0010
10,8540,0.0010
10,9195,0.0010
10,5548,0.0010
10,6169,0.0009
10,5409,0.0009
10,8288,0.0009
10,6147,0.0009
10,5551,0.0009
10,8978,0.0009
10,9194,0.0009
10,6267,0.0009
10,5549,0.0009
10,8713,0.0009
10,6024,0.0009
10,6624,0.0009
10,8783,0.0008
10,6651,0.0008
10,7095,0.0008
10,9098,0.0008
10,7113,0.0008
10,10013,0.0008
10,7474,0.0008
10,7973,0.0008
10,5287,0.0008
10,6222,0.0008
10,9313,0.0008
10,6371,0.0008
10,6417,0.0008
10,8426,0.0008
10,7342,0.0008
10,7930,0.0008
10,8659,0.0008
10,5441,0.0008
10,6416,0.0008
10,6895,0.0008
10,8164,0.0008
10,7111,0.0008
10,9024,0.0008
10,9250,0.0008
10,6648,0.0008
10,8599,0.0007
10,5724,0.0007
10,7988,0.0007
10,6597,0.0007
10,8721,0.0007
10,7983,0.0007
10,8701,0.0007
10,9417,0.0007
10,5270,0.0007
10,6513,0.0007
10,7444,0.0007
10,9816,0.0007
10,8730,0.0007
10,6652,0.0007
10,7283,0.0007
10,5577,0.0007
10,6414,0.0006
10,6466,0.0006
10,8781,0.0006
10,8634,0.0006
10,6898,0.0006
10,6552,0.0006
10,8597,0.0006
10,9376,0.0006
10,6801,0.0006
10,6088,0.0006
10,9301,0.0006
10,6391,0.0006
10,6767,0.0006
10,7637,0.0006
10,7807,0.0005
10,5790,0.0005
10,9759,0.0005
10,8706,0.0005
10,7119,0.0005
10,7006,0.0005
10,5216,0.0005
10,7210,0.0005
10,9218,0.0005
10,7636,0.0005
10,9737,0.0005
10,7217,0.0005
10,6109,0.0005
10,6623,0.0005
10,9258,0.0005
10,7165,0.0005
10,7774,0.0005
10,5217,0.0005
10,8782,0.0005
10,8152,0.0005
10,5550,0.0005
10,5678,0.0005
10,9770,0.0005
10,8430,0.0005
10,9380,0.0005
10,6553,0.0005
10,7818,0.0005
10,7523,0.0005
10,8461,0.0005
10,8492,0.0005
10,7649,0.0005
10,8862,0.0004
10,6538,0.0004
10,8815,0.0004
10,8714,0.0004
10,9373,0.0004
10,5284,0.0004
10,5442,0.0004
10,6764,0.0004
10,7625,0.0004
10,8054,0.0004
10,7465,0.0004
10,5283,0.0004
10,8645,0.0004
10,7522,0.0004
10,7005,0.0004
10,6653,0.0004
10,5624,0.0004
10,6545,0.0004
10,9736,0.0004
10,9129,0.0004
10,7561,0.0003
10,7112,0.0003
10,9992,0.0003
10,5040,0.0003
10,9117,0.0003
10,9146,0.0003
10,9219,0.0003
10,6654,0.0003
10,9996,0.0003
10,8498,0.0003
10,9937,0.0003
10,8636,0.0002
10,9138,0.0002
10,5773,0.0002
10,9864,0.0002
10,9516,0.0002
10,7493,0.0002
